key,KN1_R2
BSU00010,14452.3
BSU00020,9216.3
BSU00030,44896.1
BSU00040,18644.8
BSU00050,3569.1
BSU00060,22707.9
BSU00070,27954.8
BSU00080,2.6
BSU00090,211838.8
BSU00100,5003.1
BSU00110,23811.7
BSU00120,44284.5
BSU00130,3001.7
BSU00140,694.5
BSU00150,1655.3
BSU00160,31.5
BSU00170,0
BSU00180,932.6
BSU00190,6986.8
BSU00200,5989.3
BSU00210,2617.2
BSU00220,1238.3
BSU00230,494.3
BSU00240,48.5
BSU00250,667.7
BSU00260,921.7
BSU00270,5152.6
BSU00280,2803.6
BSU00290,5101.6
BSU00300,2801.4
BSU00310,5500.7
BSU00320,12814.3
BSU00330,7531.6
BSU00340,1955
BSU00350,954
BSU00360,2077
BSU00370,83471
BSU00380,3235.5
BSU00390,2654.1
BSU00400,13641.3
BSU00410,6409.8
BSU00420,4409.6
BSU00430,32.1
BSU00440,302308.5
BSU00450,416524.6
BSU00460,20331.6
BSU00470,29978.1
BSU00480,31994.5
BSU00490,8672.5
BSU00500,9150.2
BSU00510,22045
BSU00520,30971.4
BSU00530,4780.5
BSU00540,1067.7
BSU00550,3238.1
BSU00560,1739.8
BSU00570,1435.4
BSU00580,2035.2
BSU00590,3556.3
BSU00600,881.4
BSU00610,451.3
BSU00620,2453.7
BSU00630,19598.2
BSU00640,514
BSU00650,746.8
BSU00660,199.7
BSU00670,8182.2
BSU00680,4552.2
BSU00690,83248.6
BSU00700,1800.9
BSU00710,3862.8
BSU00720,1957.4
BSU00730,5857.2
BSU00740,6226.3
BSU00750,42693.9
BSU00760,5339.4
BSU00770,17277.5
BSU00780,6270.6
BSU00790,12836.7
BSU00800,14010.8
BSU00810,26290.1
BSU00820,13041.9
BSU00830,348.2
BSU00840,302.7
BSU00850,534.3
BSU00860,2226.9
BSU00870,4308.8
BSU00880,4576.8
BSU00890,7472.8
BSU00900,7593.3
BSU00910,925
BSU00920,9797.6
BSU00930,2958.4
BSU00940,2844.8
BSU00950,1004
BSU00960,5555.3
BSU00970,1399.6
BSU00980,2766
BSU00990,8580.8
BSU01000,2424.6
BSU01010,11634.2
BSU01020,99117.7
BSU01030,95883
BSU01040,33101
BSU01050,118715.4
BSU01060,4208.2
BSU01070,104905.9
BSU01080,118387.5
BSU01090,386329.9
BSU01100,127549.3
BSU01110,91475.3
BSU01120,175547.7
BSU01130,290692.6
BSU01140,346.1
BSU01150,52097.9
BSU01160,174904.7
BSU01170,59187.8
BSU01180,129854.9
BSU01190,74486.3
BSU01200,110379.2
BSU01210,117357.6
BSU01220,64188.4
BSU01230,73128.6
BSU01240,63643.1
BSU01250,38749.8
BSU01260,105802.7
BSU01270,29105.1
BSU01280,46653.1
BSU01290,27270.8
BSU01300,53223.6
BSU01310,85041.8
BSU01320,48627.7
BSU01330,159066.4
BSU01340,58524.2
BSU01350,121174.8
BSU01360,35729.7
BSU01370,54088.3
BSU01380,80542
BSU01389,12271.1
BSU01390,38622.4
BSU01400,23852.7
BSU01410,70576.7
BSU01420,43666.6
BSU01430,52507.2
BSU01440,108902.4
BSU01450,6891.7
BSU01460,7912.2
BSU01470,5561.4
BSU01480,18037.2
BSU01490,50801.7
BSU01500,90442.8
BSU01510,146.2
BSU01520,0
BSU01530,62
BSU01540,3650.5
BSU01550,22.2
BSU01560,261.6
BSU01570,0
BSU01580,9642.7
BSU01590,2594.2
BSU01600,159
BSU01610,68.8
BSU01620,107.3
BSU01630,216.7
BSU01640,134.6
BSU01650,836.7
BSU01660,894.9
BSU01670,1504.2
BSU01680,2108.5
BSU01690,1953.8
BSU01700,2616.2
BSU01710,282.5
BSU01720,1324.2
BSU01730,4071.5
BSU01740,18503.9
BSU01750,6989.8
BSU01760,7623.5
BSU01770,7111
BSU01780,68278.1
BSU01800,193.9
BSU01810,35.2
BSU01820,324.7
BSU01830,6039.8
BSU01845,10418.4
BSU01860,3937
BSU01870,624.5
BSU01880,2218.7
BSU01889,5199.8
BSU01890,371.9
BSU01900,21.1
BSU01910,325.9
BSU01920,41.2
BSU01935,19.3
BSU01950,90.6
BSU01960,74.4
BSU01970,106.3
BSU01980,116.5
BSU01990,184.3
BSU02000,215.4
BSU02010,443.4
BSU02019,2864.6
BSU02030,268
BSU02040,125.7
BSU02050,209.8
BSU02060,111470
BSU02070,306.6
BSU02080,482.7
BSU02090,51.1
BSU02100,374.6
BSU02110,323.3
BSU02120,23614.7
BSU02130,95.4
BSU02140,31.8
BSU02150,0
BSU02160,1160.2
BSU02170,5157.5
BSU02180,36.9
BSU02190,43.4
BSU02200,55
BSU02210,263
BSU02220,89
BSU02230,1701.8
BSU02240,4996.2
BSU02250,3458.1
BSU02260,842
BSU02270,3752.2
BSU02280,3001.6
BSU02290,5121.1
BSU02300,1074.8
BSU02310,25.9
BSU02320,142.2
BSU02330,37931.4
BSU02340,152.6
BSU02350,16256.7
BSU02360,12565.9
BSU02370,1731.6
BSU02380,8531
BSU02390,4075.1
BSU02400,4389.5
BSU02410,5621.5
BSU02420,72.7
BSU02430,7.9
BSU02440,387.4
BSU02450,1347.2
BSU02460,1349.4
BSU02470,2003.6
BSU02480,569.8
BSU02490,108.6
BSU02500,3273.3
BSU02510,457.5
BSU02520,776.8
BSU02530,142.7
BSU02540,460.6
BSU02550,337.5
BSU02560,229.2
BSU02570,345
BSU02580,391.5
BSU02590,285
BSU02600,164.1
BSU02610,103.5
BSU02619,0
BSU02620,20.7
BSU02630,69
BSU02640,0
BSU02650,345.3
BSU02660,150.3
BSU02670,14760.8
BSU02680,5648.7
BSU02690,1264.3
BSU02700,51.5
BSU02710,195.5
BSU02720,16139.9
BSU02730,255.2
BSU02740,81
BSU02750,138.8
BSU02760,8.8
BSU02770,250.6
BSU02780,648.4
BSU02790,83.7
BSU02800,439
BSU02810,386.8
BSU02820,2552.8
BSU02830,79.6
BSU02840,56.6
BSU02850,13184.4
BSU02860,1971.2
BSU02870,2335
BSU02880,1085.7
BSU02890,15274.1
BSU02900,29333.7
BSU02910,43371.2
BSU02920,42627.7
BSU02930,5843.9
BSU02940,20628
BSU02950,72579.7
BSU02960,0
BSU02970,2661.9
BSU02980,10306.6
BSU02990,7521.5
BSU03000,12202.7
BSU03010,1506.2
BSU03020,490.5
BSU03030,562.4
BSU03040,1766.7
BSU03050,584
BSU03060,535.7
BSU03070,3873.8
BSU03080,2637
BSU03090,800
BSU03100,730.8
BSU03110,45.1
BSU03120,0
BSU03130,4304.7
BSU03140,318.5
BSU03150,9496.7
BSU03160,190.1
BSU03170,629.5
BSU03180,497.6
BSU03190,435.1
BSU03200,920.6
BSU03210,3872.9
BSU03220,17593.8
BSU03230,1488
BSU03240,523.8
BSU03250,1375.6
BSU03260,587.2
BSU03270,2966.5
BSU03280,3342.2
BSU03290,4109
BSU03300,2271.3
BSU03310,1546
BSU03320,1687.1
BSU03330,3616.1
BSU03340,109.5
BSU03350,13.6
BSU03359,148.7
BSU03360,36.6
BSU03370,850
BSU03380,2812.3
BSU03390,793
BSU03400,0
BSU03410,212.4
BSU03420,297.2
BSU03430,4307.2
BSU03440,37.6
BSU03450,845.1
BSU03460,1044.2
BSU03470,241.2
BSU03480,222.9
BSU03490,298.4
BSU03500,68.7
BSU03510,524.3
BSU03520,262.9
BSU03530,1863.7
BSU03540,34.9
BSU03550,510.2
BSU03560,236.9
BSU03569,1503.5
BSU03570,644.8
BSU03580,15801.2
BSU03590,9493.6
BSU03600,2002.4
BSU03610,1763.6
BSU03620,0
BSU03630,105.1
BSU03640,46.6
BSU03651,22
BSU03652,214.4
BSU03660,958.8
BSU03670,15934.6
BSU03680,89.7
BSU03690,7.9
BSU03700,157.6
BSU03710,156
BSU03720,202.9
BSU03730,214.8
BSU03740,140.7
BSU03750,1079.7
BSU03760,1648.7
BSU03770,615.4
BSU03780,2800.4
BSU03789,2021.2
BSU03790,13232.9
BSU03800,36019.7
BSU03810,9176.1
BSU03820,29719.6
BSU03830,16258.4
BSU03840,854.4
BSU03850,506.9
BSU03860,3431.7
BSU03870,785.1
BSU03880,21133.7
BSU03890,527
BSU03900,585.8
BSU03910,6940.1
BSU03920,0
BSU03930,82.1
BSU03940,3951.5
BSU03950,4578.4
BSU03960,4397.4
BSU03970,6369.1
BSU03981,156.4
BSU03982,211.8
BSU03990,215.2
BSU04000,194.9
BSU04010,0
BSU04020,398.5
BSU04030,5501.2
BSU04039,38.2
BSU04040,1866.8
BSU04050,6890.2
BSU04060,3310.1
BSU04070,12044.3
BSU04080,3441
BSU04090,3283
BSU04100,1339.5
BSU04110,277.3
BSU04120,129.1
BSU04130,448.7
BSU04140,1815.1
BSU04150,4488.5
BSU04160,2504.1
BSU04170,416
BSU04180,121.6
BSU04190,33.6
BSU04200,169.5
BSU04210,1121.8
BSU04220,862
BSU04230,4287.4
BSU04240,1464.1
BSU04250,563.8
BSU04260,10939.7
BSU04270,397
BSU04280,347.2
BSU04290,307.4
BSU04300,284.6
BSU04310,194.2
BSU04320,3223.7
BSU04330,149.1
BSU04340,293.1
BSU04359,2439
BSU04360,35219
BSU04370,1722.8
BSU04380,193.3
BSU04390,890.9
BSU04400,257.9
BSU04410,985
BSU04420,762.6
BSU04430,863.6
BSU04440,178.8
BSU04450,973.7
BSU04460,609
BSU04470,359.8
BSU04480,6956
BSU04490,3486.4
BSU04500,1542.8
BSU04510,8689
BSU04520,2612.4
BSU04530,3667.7
BSU04540,2358.3
BSU04550,1054.9
BSU04560,10131.3
BSU04570,1752.8
BSU04580,57714.7
BSU04590,2277.8
BSU04600,1366.5
BSU04610,1888.4
BSU04620,1507.5
BSU04630,624.3
BSU04640,5838.1
BSU04650,172244.3
BSU04660,31072.2
BSU04670,5246.6
BSU04680,7487.6
BSU04690,3546.2
BSU04700,1747.4
BSU04710,2587.7
BSU04720,5991.4
BSU04730,8592.5
BSU04740,3329.8
BSU04750,285.5
BSU04760,922.1
BSU04770,896.2
BSU04780,1141.4
BSU04790,1198.2
BSU04800,441.1
BSU04810,343.1
BSU04820,701.3
BSU04830,0
BSU04839,25
BSU04840,138.2
BSU04850,139.4
BSU04860,1.9
BSU04870,20.7
BSU04880,54.5
BSU04890,0
BSU04900,21.9
BSU04910,0
BSU04920,0
BSU04930,0
BSU04940,0
BSU04950,0
BSU04960,11.5
BSU04970,0
BSU04980,0
BSU04990,109.4
BSU05000,79.9
BSU05010,73.9
BSU05020,211.1
BSU05030,152.7
BSU05040,381.6
BSU05050,67.3
BSU05060,68.5
BSU05070,153.9
BSU05080,104.7
BSU05090,180.1
BSU05099,170.8
BSU05100,573.3
BSU05109,192
BSU05110,8.1
BSU05120,106027.4
BSU05130,414.6
BSU05140,329.5
BSU05150,128.4
BSU05160,211.8
BSU05170,323.6
BSU05180,559.1
BSU05190,379
BSU05200,225.1
BSU05210,488.7
BSU05220,26.9
BSU05230,956.8
BSU05240,93.8
BSU05250,440.3
BSU05260,503.4
BSU05270,641.3
BSU05280,2095.6
BSU05290,652.1
BSU05300,217.3
BSU05310,99.3
BSU05320,647.9
BSU05329,0
BSU05330,338.4
BSU05340,1097.8
BSU05343,3235.1
BSU05344,1309.6
BSU05350,9.9
BSU05360,31.8
BSU05370,207.3
BSU05380,4.7
BSU05390,933.6
BSU05400,1386.8
BSU05408,27.9
BSU05409,0
BSU05410,736.1
BSU05420,875.6
BSU05430,174.6
BSU05440,534.6
BSU05450,15.1
BSU05460,314.4
BSU05470,171.4
BSU05480,53
BSU05490,181.7
BSU05500,384.9
BSU05510,0
BSU05520,13.8
BSU05529,0
BSU05530,21
BSU05540,14
BSU05550,8.1
BSU05560,0
BSU05570,0
BSU05580,288.4
BSU05590,1035.3
BSU05600,577
BSU05610,787.6
BSU05620,7964.3
BSU05630,1711.5
BSU05640,127.9
BSU05650,1467.9
BSU05660,539.2
BSU05670,533.6
BSU05680,3554.5
BSU05690,166.5
BSU05700,1381
BSU05710,127.4
BSU05720,371.4
BSU05730,20.8
BSU05740,223.3
BSU05750,408.2
BSU05760,626
BSU05770,160
BSU05780,262
BSU05790,216.6
BSU05800,594.7
BSU05810,300.4
BSU05820,184
BSU05830,182.2
BSU05840,148.4
BSU05850,551.6
BSU05860,2069.5
BSU05870,885.5
BSU05880,477.7
BSU05890,68.2
BSU05899,0
BSU05900,734.4
BSU05910,985.7
BSU05920,1158.8
BSU05930,1014.9
BSU05940,1158.2
BSU05950,1217.6
BSU05960,1910.8
BSU05970,2561.1
BSU05980,13191.2
BSU05990,21551.1
BSU06000,5822.8
BSU06010,1356.9
BSU06020,3974.8
BSU06030,32186.8
BSU06033,65.9
BSU06034,0
BSU06036,0
BSU06037,47.8
BSU06038,79
BSU06040,224.9
BSU06048,82.5
BSU06049,30.8
BSU06060,2216.5
BSU06070,9927.8
BSU06073,788.1
BSU06074,626.1
BSU06076,650.8
BSU06077,1341.5
BSU06078,1348.2
BSU06079,1751.8
BSU06083,1058
BSU06090,146
BSU06100,162.9
BSU06110,187
BSU06120,104.2
BSU06130,99.4
BSU06140,361.7
BSU06150,268.1
BSU06160,43.9
BSU06170,5197.2
BSU06180,354.1
BSU06190,163.4
BSU06200,434.1
BSU06210,162.4
BSU06220,34.4
BSU06230,54.3
BSU06240,2095
BSU06250,378.7
BSU06260,303.1
BSU06269,285.6
BSU06270,30159.9
BSU06280,669.2
BSU06290,354.5
BSU06300,249.4
BSU06310,4121.3
BSU06319,0
BSU06320,1655.8
BSU06330,11954.7
BSU06340,10075.9
BSU06350,8064.3
BSU06360,101739.7
BSU06370,105559.8
BSU06380,9002.4
BSU06390,954.6
BSU06400,783
BSU06410,1325.2
BSU06420,259015.8
BSU06430,228899.8
BSU06440,270370.5
BSU06450,164393.2
BSU06460,165866.5
BSU06470,330102.3
BSU06480,516671.6
BSU06490,1020826.3
BSU06500,270673.1
BSU06510,372893.9
BSU06520,405902.1
BSU06530,339935.8
BSU06540,914.6
BSU06550,1701.8
BSU06559,0
BSU06560,263
BSU06570,51623
BSU06580,48029.2
BSU06590,14.9
BSU06600,6423.1
BSU06610,8944.2
BSU06620,16233.2
BSU06630,8714.4
BSU06640,1173
BSU06650,7290.3
BSU06660,7631.4
BSU06670,11943.2
BSU06680,17047.1
BSU06690,36126.3
BSU06700,3349.7
BSU06710,20007.4
BSU06720,19406.9
BSU06730,6107.3
BSU06740,22.2
BSU06750,140.3
BSU06760,164.6
BSU06770,440.6
BSU06780,792.2
BSU06790,55.3
BSU06800,108.3
BSU06811,157.7
BSU06812,424
BSU06820,32.3
BSU06830,426.1
BSU06839,158.3
BSU06840,17463.4
BSU06850,2699.3
BSU06860,834.2
BSU06870,23.9
BSU06880,475.4
BSU06890,0
BSU06900,0
BSU06910,4.3
BSU06920,9602.8
BSU06930,440.7
BSU06940,12
BSU06950,4.1
BSU06960,55.8
BSU06970,6.5
BSU06980,82
BSU06990,0
BSU07000,188.1
BSU07010,84.1
BSU07020,95
BSU07030,47.4
BSU07040,27.9
BSU07050,7.5
BSU07060,70.3
BSU07070,85.1
BSU07080,129.5
BSU07090,48.4
BSU07100,20.5
BSU07110,0
BSU07120,116.6
BSU07130,74.2
BSU07140,44.9
BSU07150,5727.8
BSU07160,1939.6
BSU07170,4306.6
BSU07180,5831.1
BSU07190,154.2
BSU07200,4260
BSU07210,382
BSU07220,1000
BSU07230,52.2
BSU07240,2543.8
BSU07250,65.4
BSU07260,19256.5
BSU07270,17.1
BSU07280,42.6
BSU07290,42
BSU07300,494.6
BSU07310,794.5
BSU07320,3777.5
BSU07330,666.5
BSU07340,50114.6
BSU07350,315.5
BSU07360,226
BSU07370,15564.4
BSU07380,2818.4
BSU07390,2813.2
BSU07400,725
BSU07410,0
BSU07420,17109.4
BSU07430,2185.6
BSU07440,336.3
BSU07450,2758.5
BSU07460,47.4
BSU07480,49
BSU07490,25053.4
BSU07500,6916
BSU07510,4028.3
BSU07520,6913
BSU07530,522.9
BSU07540,0
BSU07550,402.8
BSU07560,90.4
BSU07570,204.9
BSU07580,1799.2
BSU07590,463
BSU07600,514.7
BSU07610,1175.8
BSU07620,3457.2
BSU07630,1037.2
BSU07640,1787.2
BSU07650,2031.5
BSU07660,2391.2
BSU07670,1006.4
BSU07680,8781
BSU07690,6227.9
BSU07700,7305.6
BSU07710,25889.4
BSU07720,25.4
BSU07735,1091.5
BSU07750,121.8
BSU07760,15.3
BSU07770,0
BSU07780,28.2
BSU07790,12.9
BSU07800,110.3
BSU07810,94.2
BSU07820,5502.6
BSU07830,2078.6
BSU07840,1063.5
BSU07850,863.6
BSU07860,747.5
BSU07870,8049.6
BSU07880,1185.1
BSU07890,846.5
BSU07900,1280
BSU07910,839.2
BSU07920,148.6
BSU07930,454.4
BSU07940,7418.3
BSU07955,2482.9
BSU07970,7599.6
BSU07980,822.8
BSU07990,997.6
BSU08000,1445.9
BSU08010,5342
BSU08020,12740.3
BSU08029,38.9
BSU08030,1892.3
BSU08040,621.5
BSU08050,131.9
BSU08060,0
BSU08070,0
BSU08080,64.2
BSU08090,293.9
BSU08100,352
BSU08110,405.3
BSU08120,5405.4
BSU08130,417.3
BSU08140,96.6
BSU08150,294.1
BSU08160,239.2
BSU08170,114.1
BSU08180,608.6
BSU08190,330.2
BSU08200,133.1
BSU08210,514.1
BSU08220,448.7
BSU08230,283
BSU08240,1277.6
BSU08250,146.5
BSU08260,45.5
BSU08270,58.4
BSU08280,162.2
BSU08290,401.3
BSU08300,437.8
BSU08310,0
BSU08320,14.2
BSU08330,95.9
BSU08340,8113.9
BSU08350,141.2
BSU08360,414.3
BSU08370,1008
BSU08380,138.3
BSU08390,1206.4
BSU08400,223
BSU08410,726
BSU08425,3232
BSU08440,27804.5
BSU08450,5341.1
BSU08460,5638.3
BSU08470,3591.8
BSU08480,13560
BSU08490,150390.6
BSU08500,8.4
BSU08510,69.6
BSU08520,3489.4
BSU08530,2303.4
BSU08540,4707.6
BSU08550,14640.1
BSU08560,2674.3
BSU08570,47.9
BSU08580,1621.5
BSU08590,1235.8
BSU08600,563.8
BSU08610,173.7
BSU08620,4354.9
BSU08630,5618.5
BSU08640,373
BSU08650,10396.2
BSU08660,207615.7
BSU08670,102.5
BSU08680,3114.6
BSU08690,1680.3
BSU08700,2676.3
BSU08710,7059
BSU08720,2558.8
BSU08730,44180.4
BSU08740,469.2
BSU08750,1065.8
BSU08760,3415.5
BSU08770,207.1
BSU08779,85.5
BSU08780,3126.3
BSU08790,1697.7
BSU08800,27.5
BSU08810,0
BSU08820,7779.8
BSU08830,0
BSU08840,10.2
BSU08850,44.8
BSU08860,67.8
BSU08870,135.6
BSU08880,1545.1
BSU08890,508.5
BSU08899,1026.7
BSU08900,1045.3
BSU08910,2025.8
BSU08920,273.9
BSU08930,2710.3
BSU08940,272.8
BSU08950,1399.4
BSU08960,1596.1
BSU08970,57
BSU08980,291.6
BSU08990,2241.9
BSU09000,707.5
BSU09010,1961.7
BSU09020,3632.3
BSU09030,3336.4
BSU09040,18.7
BSU09050,270.1
BSU09060,688.5
BSU09070,298.1
BSU09080,474.4
BSU09090,372.6
BSU09100,59796
BSU09110,2438.1
BSU09120,702.5
BSU09130,953.8
BSU09140,2669.3
BSU09150,1667.3
BSU09165,4.9
BSU09180,6560.6
BSU09190,540.6
BSU09200,518.7
BSU09210,484.2
BSU09220,5352.2
BSU09230,610599.7
BSU09240,4457.9
BSU09250,3417.4
BSU09259,221.9
BSU09260,3946.3
BSU09270,2006.3
BSU09280,966.5
BSU09290,843
BSU09300,2442.7
BSU09310,7354.4
BSU09320,1216.8
BSU09330,1801.5
BSU09340,1412.5
BSU09350,5401.5
BSU09360,0
BSU09370,307.6
BSU09380,1913.4
BSU09390,201.3
BSU09400,116.8
BSU09410,1847.8
BSU09420,3255.6
BSU09430,879.7
BSU09440,4919.1
BSU09450,6889.5
BSU09460,15095.4
BSU09470,4465.7
BSU09480,761.4
BSU09490,7.3
BSU09500,12169
BSU09510,8258.8
BSU09520,2772.2
BSU09530,674.3
BSU09540,7938
BSU09550,10104
BSU09560,19562.1
BSU09570,2538
BSU09590,56339.3
BSU09600,1252.9
BSU09610,2056.5
BSU09620,3393.9
BSU09630,37895.4
BSU09640,852.7
BSU09650,783.3
BSU09660,9311.4
BSU09670,20510.2
BSU09680,19366.7
BSU09690,531.2
BSU09700,2495.2
BSU09710,1258.2
BSU09720,994.9
BSU09730,1740.1
BSU09740,0
BSU09750,32058
BSU09760,8457.4
BSU09770,105.2
BSU09780,2.9
BSU09790,951.4
BSU09800,3854.2
BSU09810,260.3
BSU09830,1004.9
BSU09840,2595.4
BSU09850,1486.3
BSU09860,751.7
BSU09870,4309.8
BSU09880,13.2
BSU09889,867.9
BSU09890,49.8
BSU09900,526.3
BSU09910,1495.4
BSU09920,1216.7
BSU09930,10685.6
BSU09940,123.8
BSU09950,11512.1
BSU09958,264.3
BSU09965,925
BSU09980,458.4
BSU09990,8933.4
BSU10000,9335.3
BSU10009,184.2
BSU10010,137518.9
BSU10020,17393.5
BSU10030,1189.1
BSU10040,2070
BSU10050,4339.2
BSU10060,3518
BSU10070,10876.9
BSU10080,135.8
BSU10090,0
BSU10100,831.3
BSU10110,897.1
BSU10120,2777.9
BSU10130,3451.3
BSU10140,4556.3
BSU10150,1099.4
BSU10160,1554.8
BSU10170,201.2
BSU10180,52.3
BSU10200,405.5
BSU10210,333.3
BSU10220,328258.6
BSU10230,3611.8
BSU10240,1536.5
BSU10250,1932.2
BSU10260,6176.8
BSU10270,600.9
BSU10280,5
BSU10290,267.4
BSU10300,646.4
BSU10310,208.3
BSU10320,5982.7
BSU10330,36426.6
BSU10340,18921.4
BSU10350,10453.7
BSU10360,10704
BSU10370,12872.7
BSU10380,335.5
BSU10390,213.8
BSU10400,63.9
BSU10410,138341.6
BSU10420,410.9
BSU10430,234.2
BSU10440,2191.8
BSU10450,1016.1
BSU10460,748.5
BSU10470,37.9
BSU10480,2875.6
BSU10490,1837.2
BSU10500,117.7
BSU10510,420.7
BSU10520,19.5
BSU10530,176.5
BSU10540,46.9
BSU10550,27
BSU10560,286.5
BSU10570,3324.5
BSU10580,61.7
BSU10590,515.5
BSU10600,36.4
BSU10610,0
BSU10620,13734.7
BSU10630,17208.3
BSU10640,11256.7
BSU10650,11156
BSU10660,5026.1
BSU10670,121.3
BSU10680,113.8
BSU10690,175.4
BSU10700,186
BSU10710,186.9
BSU10720,25.2
BSU10730,26.6
BSU10740,7.7
BSU10750,511.3
BSU10760,3035.5
BSU10770,268.3
BSU10780,73.4
BSU10790,22
BSU10800,92.4
BSU10810,627.5
BSU10820,89.8
BSU10830,1571.6
BSU10840,1867.8
BSU10850,326.8
BSU10860,536
BSU10870,933.8
BSU10880,1706.2
BSU10890,1604.4
BSU10900,398
BSU10910,40.3
BSU10920,59.8
BSU10930,18.6
BSU10940,63.7
BSU10950,12.9
BSU10960,32.4
BSU10970,286.8
BSU10980,240
BSU10990,3732.1
BSU11000,2572.2
BSU11010,4121.1
BSU11020,6116.4
BSU11030,5313
BSU11040,63.8
BSU11055,31.9
BSU11070,135.2
BSU11079,657.4
BSU11080,2050
BSU11090,752
BSU11100,102.5
BSU11110,2014.9
BSU11120,2074.2
BSU11130,4461.5
BSU11139,29471.1
BSU11140,1945.7
BSU11150,2947.4
BSU11160,21288.8
BSU11170,554.8
BSU11180,221.7
BSU11190,1535.9
BSU11200,3418.9
BSU11210,2730.5
BSU11220,2095.4
BSU11230,1190.2
BSU11240,1190.8
BSU11250,2146.5
BSU11260,1355.3
BSU11270,8498.9
BSU11280,243.8
BSU11290,136.6
BSU11300,5445.9
BSU11310,7740.9
BSU11320,121.6
BSU11330,5539.2
BSU11340,8927
BSU11350,43.1
BSU11360,187.8
BSU11370,142
BSU11381,182.5
BSU11382,147.2
BSU11390,313.7
BSU11400,365
BSU11410,4.2
BSU11420,21203.2
BSU11430,80032.4
BSU11440,29996.6
BSU11450,17588.4
BSU11460,55583.4
BSU11470,53462.5
BSU11480,186.7
BSU11490,21704.2
BSU11500,17251.6
BSU11510,237.5
BSU11520,14216.7
BSU11530,8
BSU11540,1961.9
BSU11549,0
BSU11550,7427
BSU11560,4213.5
BSU11570,6584.2
BSU11580,772.5
BSU11590,356.8
BSU11600,1092
BSU11610,3873.2
BSU11620,7514.7
BSU11630,480.2
BSU11640,974.5
BSU11650,1962.3
BSU11660,2829.9
BSU11670,6876.5
BSU11680,1928
BSU11690,7995.4
BSU11700,10151.5
BSU11710,9041.3
BSU11720,8450.4
BSU11730,260.1
BSU11740,20.9
BSU11750,16.5
BSU11760,13
BSU11770,31.2
BSU11780,18.1
BSU11790,98.7
BSU11799,0
BSU11809,286.4
BSU11810,86.5
BSU11820,1168.7
BSU11839,309
BSU11840,13424.4
BSU11850,8193.8
BSU11860,5490.7
BSU11870,28766.3
BSU11880,62854.6
BSU11890,2738.7
BSU11900,6027.6
BSU11910,78
BSU11920,1852.7
BSU11928,160.1
BSU11929,164.4
BSU11930,182.9
BSU11940,27.8
BSU11950,57.7
BSU11960,0
BSU11970,139.5
BSU11980,575.7
BSU11990,48.6
BSU12000,23.6
BSU12010,1.3
BSU12020,0
BSU12030,1296
BSU12040,238.7
BSU12050,28.9
BSU12060,987.8
BSU12069,333.4
BSU12070,0
BSU12080,107.3
BSU12090,229.5
BSU12100,4597.3
BSU12110,167.5
BSU12120,413.4
BSU12130,44.2
BSU12140,767.9
BSU12150,31.6
BSU12160,148.5
BSU12170,68
BSU12180,0
BSU12190,90.3
BSU12200,2751.6
BSU12210,553.6
BSU12220,1333.4
BSU12229,5114.2
BSU12230,4362.4
BSU12240,3292.3
BSU12250,1834.7
BSU12260,2276.9
BSU12270,2007.5
BSU12280,29481.6
BSU12290,63355
BSU12300,19.5
BSU12310,3.7
BSU12320,9.6
BSU12330,26.9
BSU12340,143.7
BSU12350,188.7
BSU12360,102.9
BSU12370,1518.3
BSU12380,234.7
BSU12390,686.8
BSU12400,230.1
BSU12410,378.3
BSU12420,599.2
BSU12430,1344.2
BSU12440,2846.3
BSU12450,277.3
BSU12460,66.6
BSU12470,2981.4
BSU12480,478.7
BSU12490,1640.4
BSU12500,214.5
BSU12510,6296.3
BSU12519,0
BSU12520,98.7
BSU12530,125.3
BSU12539,52.1
BSU12540,4.7
BSU12550,435.9
BSU12560,0
BSU12570,0
BSU12580,15.2
BSU12590,20.6
BSU12600,35.1
BSU12610,20.3
BSU12619,47.7
BSU12620,12.1
BSU12630,5.3
BSU12640,51.6
BSU12649,0
BSU12650,14.8
BSU12660,32.6
BSU12671,0
BSU12672,0
BSU12680,284.7
BSU12690,42.3
BSU12700,29
BSU12710,22.7
BSU12720,74
BSU12730,98.1
BSU12740,236.1
BSU12749,77
BSU12750,30.7
BSU12760,0
BSU12770,0
BSU12780,16.8
BSU12790,0
BSU12800,0
BSU12810,161.9
BSU12820,6348.2
BSU12830,1692.1
BSU12840,8607.1
BSU12850,3386.1
BSU12860,30096.2
BSU12870,741.6
BSU12880,107.2
BSU12890,180.7
BSU12900,4671
BSU12910,1167.5
BSU12920,1268.8
BSU12930,744.9
BSU12940,1247.1
BSU12950,1432.7
BSU12960,491.5
BSU12970,186.3
BSU12980,554.8
BSU12990,226.9
BSU13000,669.6
BSU13010,2671.2
BSU13020,18.4
BSU13030,7207.2
BSU13040,91.2
BSU13050,0
BSU13060,44.2
BSU13070,144.4
BSU13080,249.2
BSU13090,3980
BSU13100,3417.7
BSU13110,20980.5
BSU13120,6935.5
BSU13130,8423.5
BSU13140,236.7
BSU13150,767.6
BSU13160,2388.2
BSU13169,214.3
BSU13170,1318.9
BSU13180,15207.3
BSU13190,584.6
BSU13200,2080.2
BSU13210,2426.5
BSU13220,2376.6
BSU13230,2840.7
BSU13240,2344.4
BSU13250,172.1
BSU13260,348.5
BSU13270,203.6
BSU13280,15938.4
BSU13290,155.6
BSU13299,333.2
BSU13300,19389.1
BSU13310,6951.9
BSU13320,93.5
BSU13330,128.2
BSU13340,162.7
BSU13350,408.2
BSU13360,0
BSU13370,23167.5
BSU13380,79.3
BSU13390,83.2
BSU13400,121.6
BSU13410,56.4
BSU13420,55
BSU13430,4684.7
BSU13440,18358.3
BSU13450,827.3
BSU13460,967.2
BSU13470,1272
BSU13480,1130
BSU13490,8351.6
BSU13500,2499.5
BSU13509,27818.5
BSU13510,23193.2
BSU13520,340.9
BSU13530,109.6
BSU13540,1541.1
BSU13550,21085.4
BSU13560,16132.5
BSU13570,5388.5
BSU13580,17929
BSU13590,23536.8
BSU13600,5678.3
BSU13610,6954.5
BSU13620,17305.8
BSU13630,9831
BSU13640,23335.8
BSU13650,564.4
BSU13660,1366.2
BSU13670,1191.2
BSU13680,483.8
BSU13690,308.1
BSU13700,3266.6
BSU13710,25.5
BSU13720,9932.9
BSU13730,12324.8
BSU13740,22455.4
BSU13750,8489.5
BSU13760,140.6
BSU13770,381.9
BSU13780,30.7
BSU13789,111.1
BSU13790,18.5
BSU13799,105.1
BSU13800,553.5
BSU13810,446.2
BSU13819,372.9
BSU13820,1316.5
BSU13830,397.2
BSU13840,473.2
BSU13850,2904.3
BSU13860,7597.1
BSU13870,369
BSU13880,2445.6
BSU13890,13253.2
BSU13900,29195.5
BSU13910,33089.1
BSU13920,54
BSU13930,77.5
BSU13940,524
BSU13950,287.6
BSU13960,1317.6
BSU13970,9266.9
BSU13980,1110
BSU13990,225.9
BSU14000,9522.5
BSU14009,69.9
BSU14010,174.4
BSU14020,3705.1
BSU14030,4237.7
BSU14040,1419.8
BSU14050,576
BSU14060,745.8
BSU14071,227.1
BSU14072,174.1
BSU14080,869.6
BSU14090,4198.5
BSU14100,5052.2
BSU14110,10756.2
BSU14120,3897.9
BSU14130,628
BSU14140,2707.8
BSU14150,4561.5
BSU14160,8053.8
BSU14170,5127.7
BSU14180,22059.7
BSU14190,1865.7
BSU14200,3767.9
BSU14210,1230.2
BSU14220,351.9
BSU14230,306
BSU14240,16876.2
BSU14250,0
BSU14260,1104
BSU14270,2104.5
BSU14280,5561.4
BSU14290,6603.2
BSU14300,4778.1
BSU14310,1918
BSU14320,126.6
BSU14330,215.1
BSU14340,864.9
BSU14350,134.1
BSU14360,478
BSU14370,536.9
BSU14380,193.2
BSU14390,107
BSU14400,718.1
BSU14410,6082.7
BSU14420,716.3
BSU14430,18961.8
BSU14440,11378
BSU14450,855.2
BSU14460,83
BSU14470,523.4
BSU14480,4122.2
BSU14490,300.3
BSU14500,223.5
BSU14510,4247.3
BSU14520,5883.9
BSU14530,11929.2
BSU14540,2014.9
BSU14550,1761.4
BSU14560,3558.1
BSU14569,406
BSU14570,13.9
BSU14580,7796.5
BSU14590,18708.9
BSU14600,26725.1
BSU14610,26426.9
BSU14620,616.6
BSU14629,2933.7
BSU14630,2607.8
BSU14640,1725.9
BSU14650,2472.6
BSU14660,34.6
BSU14670,676.1
BSU14680,1740.3
BSU14690,108.3
BSU14700,589.4
BSU14710,57.7
BSU14720,79.5
BSU14730,106
BSU14740,226.7
BSU14750,486.9
BSU14760,9630.1
BSU14770,75296.1
BSU14780,27077.1
BSU14790,1444
BSU14800,407.2
BSU14810,123.4
BSU14820,2596.8
BSU14830,1016.9
BSU14840,57582.7
BSU14850,6429.4
BSU14860,86777.6
BSU14870,2378.7
BSU14880,22482.4
BSU14890,1064.5
BSU14900,309.1
BSU14910,55.7
BSU14920,42.1
BSU14930,116.1
BSU14940,10275.3
BSU14950,1388.4
BSU14960,1445.9
BSU14970,424.2
BSU14980,190.6
BSU14990,30893
BSU15000,2243.4
BSU15010,3104.2
BSU15020,3068.5
BSU15030,73.2
BSU15040,1144
BSU15050,769.6
BSU15060,763.5
BSU15069,1.3
BSU15070,24725.5
BSU15080,101240.7
BSU15090,447
BSU15100,251.1
BSU15110,2779
BSU15120,1395.9
BSU15130,2363.4
BSU15140,3793.8
BSU15150,45510.6
BSU15160,4072
BSU15170,463.3
BSU15180,5310
BSU15190,4310.8
BSU15200,3430.1
BSU15210,4359.1
BSU15220,6260.5
BSU15230,6556
BSU15240,1564
BSU15250,2766.8
BSU15260,2893
BSU15270,1549.9
BSU15280,36789.9
BSU15290,109493.1
BSU15300,155.7
BSU15310,21.6
BSU15320,60.1
BSU15330,369.4
BSU15340,1417.7
BSU15350,669.8
BSU15360,517.2
BSU15370,8019.1
BSU15380,5944.2
BSU15390,26479
BSU15400,19232.1
BSU15410,6338.1
BSU15420,7762.5
BSU15430,14379.9
BSU15440,0
BSU15450,1416.8
BSU15460,6524.8
BSU15470,12056.4
BSU15480,5622.8
BSU15490,1890
BSU15500,1892
BSU15510,1766.2
BSU15520,3249.9
BSU15530,4969.8
BSU15540,2337.6
BSU15550,4001
BSU15560,3724.1
BSU15570,5867.6
BSU15580,9938.1
BSU15590,3236.9
BSU15600,2030.9
BSU15610,2460.7
BSU15620,5074.7
BSU15630,8376
BSU15640,1927.5
BSU15650,152
BSU15660,27268.2
BSU15670,41018.2
BSU15680,22470.5
BSU15690,8580.4
BSU15700,6658
BSU15710,5527.2
BSU15720,10466
BSU15730,19039.5
BSU15740,20384.8
BSU15750,24310.9
BSU15760,11056.9
BSU15770,5988.7
BSU15780,4273.1
BSU15790,3035
BSU15800,321
BSU15810,191.7
BSU15820,161262.8
BSU15830,10273.7
BSU15840,20154.6
BSU15850,4412.3
BSU15860,7997.9
BSU15870,3503.7
BSU15880,10080.7
BSU15890,8281.8
BSU15900,3127.4
BSU15910,7287.3
BSU15920,19959.3
BSU15930,10877.6
BSU15940,2449.4
BSU15950,2868.2
BSU15960,167.6
BSU15970,7123.7
BSU15980,39193
BSU15990,47853.9
BSU16000,76454.8
BSU16010,1180.5
BSU16020,1524.5
BSU16030,5967.8
BSU16040,258599.7
BSU16050,5040.5
BSU16060,2079.5
BSU16070,496.6
BSU16080,345.6
BSU16090,5025.7
BSU16100,22633
BSU16110,1997.8
BSU16120,13196.6
BSU16130,1335.2
BSU16140,1905.7
BSU16150,6009.2
BSU16160,4520.7
BSU16170,2569
BSU16180,3087.8
BSU16190,13967.2
BSU16200,8977.9
BSU16210,6158.8
BSU16220,7847.5
BSU16230,11699.2
BSU16240,19908
BSU16250,1078.6
BSU16260,4296.2
BSU16270,2572.5
BSU16280,2301.1
BSU16290,5344.5
BSU16299,1517.4
BSU16300,2372
BSU16310,4051.3
BSU16320,5625.2
BSU16330,3614.9
BSU16340,3798.7
BSU16350,1588.9
BSU16360,3289.5
BSU16370,1967.9
BSU16380,2024.9
BSU16390,3321.4
BSU16400,1510.6
BSU16410,2487.4
BSU16420,2263.4
BSU16430,2704.2
BSU16440,3141.4
BSU16450,3381.5
BSU16460,8398.1
BSU16470,2973.8
BSU16480,1315.5
BSU16490,47723.3
BSU16500,20539.4
BSU16510,36993.7
BSU16520,10895.9
BSU16530,5796.3
BSU16540,2249.6
BSU16550,4195.9
BSU16560,14394.2
BSU16570,21440.1
BSU16580,6519.2
BSU16590,7604.7
BSU16600,12182.8
BSU16610,15358.5
BSU16620,17320.6
BSU16630,32372.9
BSU16640,17761.7
BSU16650,26663.6
BSU16660,540.3
BSU16670,1812.6
BSU16680,94974.2
BSU16690,49335.2
BSU16700,1028.3
BSU16710,1381.5
BSU16720,281.4
BSU16730,13.4
BSU16740,25.7
BSU16750,29181.8
BSU16760,21188.8
BSU16770,33993.1
BSU16780,19413.3
BSU16790,380.1
BSU16799,235.1
BSU16800,5765.9
BSU16810,6931.7
BSU16825,624.2
BSU16845,527.4
BSU16860,1723
BSU16870,142.8
BSU16880,13505.6
BSU16890,4523.9
BSU16900,9928.8
BSU16910,4012.9
BSU16920,1630.9
BSU16930,4269
BSU16940,86321.1
BSU16950,149.5
BSU16960,82816.2
BSU16970,3151.4
BSU16980,16988.1
BSU16990,154.7
BSU17000,46.9
BSU17010,5855.9
BSU17020,1731.9
BSU17030,37.8
BSU17040,4816.1
BSU17050,4965.5
BSU17060,193.3
BSU17070,224.9
BSU17080,1447.5
BSU17090,130
BSU17100,320.4
BSU17110,327.2
BSU17120,196.1
BSU17130,0
BSU17140,36.1
BSU17150,77.1
BSU17160,0
BSU17170,34.1
BSU17180,74.7
BSU17190,122.2
BSU17200,64
BSU17210,175.6
BSU17220,180.7
BSU17230,709
BSU17240,0
BSU17250,36.2
BSU17260,234.5
BSU17266,1138.6
BSU17267,793.3
BSU17270,182.3
BSU17280,2321.3
BSU17290,1861
BSU17300,1297.2
BSU17310,108.3
BSU17320,19.2
BSU17330,928.2
BSU17340,2000.1
BSU17350,162.5
BSU17360,1181.4
BSU17370,8244.6
BSU17380,16876.1
BSU17390,18582
BSU17400,6701.8
BSU17410,336.9
BSU17420,50.4
BSU17430,2599.8
BSU17440,3129.4
BSU17450,31371.6
BSU17460,302111.1
BSU17470,528.7
BSU17480,653.3
BSU17490,54.2
BSU17500,124
BSU17510,76.8
BSU17520,0
BSU17530,69.1
BSU17540,39.9
BSU17550,5.9
BSU17559,87
BSU17560,11.6
BSU17570,204.9
BSU17580,267.3
BSU17590,656.8
BSU17600,9939.1
BSU17610,2517.9
BSU17620,579.2
BSU17630,997.9
BSU17640,358.5
BSU17650,63.7
BSU17660,805
BSU17670,0
BSU17678,144.5
BSU17680,1446.5
BSU17690,1420.7
BSU17699,0
BSU17700,155.6
BSU17710,3601.2
BSU17720,0
BSU17730,28728.1
BSU17740,52.5
BSU17750,34.1
BSU17760,31.7
BSU17770,35.5
BSU17780,372.9
BSU17790,206.3
BSU17800,132.6
BSU17810,17.9
BSU17820,22.1
BSU17830,118.2
BSU17840,261.9
BSU17850,10215.3
BSU17860,58.4
BSU17870,820.6
BSU17880,1481
BSU17890,29039.4
BSU17900,84.1
BSU17910,11739
BSU17920,575.6
BSU17930,376.2
BSU17940,3001.1
BSU17950,1615.2
BSU17960,1554.4
BSU17970,0
BSU17980,412.9
BSU17990,5978.3
BSU18000,13064.5
BSU18010,651.4
BSU18019,39.8
BSU18020,8955.2
BSU18030,17269.2
BSU18040,986.7
BSU18050,1061.4
BSU18060,10348.3
BSU18070,5301.3
BSU18080,14724.1
BSU18090,7779
BSU18100,4604
BSU18110,23907.4
BSU18120,58058.7
BSU18130,657.2
BSU18140,72.1
BSU18150,447.5
BSU18160,367.3
BSU18170,38.6
BSU18180,1484.8
BSU18190,1640
BSU18200,507.3
BSU18210,85
BSU18220,92.3
BSU18230,51.1
BSU18239,12.1
BSU18240,91.7
BSU18250,30.2
BSU18260,139
BSU18270,0
BSU18280,12.3
BSU18290,14
BSU18300,97.7
BSU18310,165.6
BSU18320,269.4
BSU18330,109.7
BSU18340,531.9
BSU18350,355.1
BSU18360,208.4
BSU18370,656.5
BSU18380,31038.6
BSU18390,1669.2
BSU18400,478.5
BSU18410,224.4
BSU18420,996.9
BSU18430,86.2
BSU18440,65747.5
BSU18450,40665.8
BSU18460,3287.1
BSU18470,1000
BSU18480,688.3
BSU18490,135.4
BSU18500,555.1
BSU18510,15.3
BSU18520,71.8
BSU18530,261.2
BSU18540,5753
BSU18550,2541.5
BSU18560,1209.6
BSU18570,7233.3
BSU18580,1070.8
BSU18590,37.2
BSU18600,214.8
BSU18610,82
BSU18620,70.2
BSU18630,2661.8
BSU18640,451.9
BSU18650,14.5
BSU18660,0
BSU18669,353.2
BSU18670,42.2
BSU18680,46.3
BSU18690,55.9
BSU18700,52.3
BSU18709,86.1
BSU18710,8.4
BSU18720,25.3
BSU18730,0
BSU18740,19.7
BSU18750,209.2
BSU18760,61.6
BSU18770,76
BSU18780,52.1
BSU18790,247.5
BSU18800,4387
BSU18810,101
BSU18819,60.3
BSU18820,245.8
BSU18830,1071.6
BSU18840,755.1
BSU18849,0
BSU18850,402.5
BSU18860,430
BSU18870,189.1
BSU18880,2185.9
BSU18890,607.9
BSU18898,0
BSU18899,0
BSU18900,16.6
BSU18908,713.3
BSU18909,0
BSU18910,6.1
BSU18920,51.2
BSU18930,83.5
BSU18940,71.1
BSU18950,0
BSU18960,0
BSU18970,271.8
BSU18979,57.2
BSU18980,389.5
BSU18990,418.1
BSU19000,108.1
BSU19010,35.6
BSU19020,14.4
BSU19030,61.8
BSU19040,4998.5
BSU19050,556
BSU19060,907
BSU19070,351.6
BSU19080,379.1
BSU19090,49.5
BSU19100,89.7
BSU19110,0
BSU19120,591.9
BSU19130,2810.7
BSU19140,3149.4
BSU19150,124.8
BSU19160,868.4
BSU19170,813.4
BSU19180,385.1
BSU19190,610.5
BSU19200,1531.6
BSU19210,8507
BSU19220,1574.7
BSU19230,292.8
BSU19240,978.6
BSU19250,1015.8
BSU19259,346.6
BSU19260,243.5
BSU19270,25.2
BSU19280,356.2
BSU19290,1495.8
BSU19300,2194.3
BSU19310,11170.7
BSU19320,99.2
BSU19330,0
BSU19340,10996.1
BSU19350,7066
BSU19360,5261
BSU19370,6610.7
BSU19380,5909.1
BSU19390,4280.8
BSU19400,162.5
BSU19410,132.2
BSU19420,154.7
BSU19430,0
BSU19440,1481.2
BSU19450,1066.7
BSU19460,5768.9
BSU19470,2324.8
BSU19479,1798.1
BSU19480,1488.4
BSU19490,7.6
BSU19510,29.1
BSU19520,75.7
BSU19530,310.7
BSU19540,1911.3
BSU19550,2705.4
BSU19560,2177.5
BSU19570,398.4
BSU19579,3884.4
BSU19580,11453.1
BSU19590,7922.2
BSU19600,151.1
BSU19610,157
BSU19620,2438.1
BSU19630,2338.1
BSU19639,491.9
BSU19640,3307.9
BSU19650,645
BSU19660,0
BSU19669,0
BSU19670,83.8
BSU19680,3698.3
BSU19689,74.9
BSU19690,13.9
BSU19700,0
BSU19710,22.8
BSU19720,0
BSU19730,0
BSU19740,24.7
BSU19749,2933.5
BSU19750,2837.6
BSU19760,15.1
BSU19770,0
BSU19780,90.6
BSU19790,65.9
BSU19800,4.9
BSU19810,0
BSU19820,0
BSU19830,0
BSU19840,0
BSU19850,0
BSU19860,0
BSU19870,22.8
BSU19880,3.4
BSU19890,55.8
BSU19900,0
BSU19910,0
BSU19920,69
BSU19930,47.4
BSU19940,14.4
BSU19950,17.6
BSU19970,0
BSU19980,0
BSU19990,0
BSU19999,0
BSU20000,25.1
BSU20010,77.8
BSU20020,44.3
BSU20030,0
BSU20040,385.9
BSU20050,0
BSU20060,8.5
BSU20070,0
BSU20080,0
BSU20090,91.2
BSU20100,62.3
BSU20110,0
BSU20120,57.5
BSU20130,0
BSU20140,0
BSU20150,0
BSU20160,0
BSU20170,27.3
BSU20180,0
BSU20190,215
BSU20200,54.3
BSU20210,0
BSU20220,52.2
BSU20230,0
BSU20240,0
BSU20250,0
BSU20260,0
BSU20270,8.8
BSU20280,0
BSU20290,61.4
BSU20300,0
BSU20310,0
BSU20320,0
BSU20330,12.9
BSU20340,31.3
BSU20350,0
BSU20360,5.2
BSU20370,4.2
BSU20380,22.8
BSU20390,80.9
BSU20400,9.6
BSU20410,13.5
BSU20420,83.4
BSU20430,0
BSU20440,128.1
BSU20450,0
BSU20460,0
BSU20470,0
BSU20480,0
BSU20490,1871.2
BSU20500,2340.8
BSU20510,0
BSU20520,293.4
BSU20530,0
BSU20540,0
BSU20550,0
BSU20560,17.4
BSU20570,35.2
BSU20580,0
BSU20590,25.4
BSU20600,0
BSU20610,67.2
BSU20620,11.4
BSU20630,77.8
BSU20640,46.6
BSU20650,0
BSU20660,0
BSU20670,110.2
BSU20680,28.6
BSU20690,0
BSU20700,64.5
BSU20710,91.5
BSU20720,39.3
BSU20730,166.9
BSU20740,0
BSU20750,0
BSU20760,82.5
BSU20770,34.6
BSU20780,3689.5
BSU20790,1440.2
BSU20800,2506
BSU20810,511.5
BSU20820,375.9
BSU20830,40.7
BSU20840,112.1
BSU20850,323.3
BSU20860,75.4
BSU20870,208
BSU20880,37.6
BSU20890,46.3
BSU20900,94.6
BSU20910,28.1
BSU20920,30.1
BSU20928,1771
BSU20929,433.5
BSU20930,90.8
BSU20940,72.2
BSU20950,52.2
BSU20960,286.6
BSU20970,35.5
BSU20980,25.3
BSU20990,733.1
BSU20999,177.9
BSU21000,33.6
BSU21010,115.4
BSU21020,0
BSU21030,80.2
BSU21040,8.1
BSU21050,0
BSU21060,0
BSU21070,7.9
BSU21080,47.7
BSU21090,0
BSU21100,17.9
BSU21110,21.8
BSU21120,0
BSU21130,23.2
BSU21140,18
BSU21150,39
BSU21160,0
BSU21170,14.7
BSU21180,5.5
BSU21190,0
BSU21200,6
BSU21210,30
BSU21220,24
BSU21229,11.6
BSU21230,8.2
BSU21240,0
BSU21250,0
BSU21260,9.3
BSU21270,0
BSU21280,0
BSU21290,27.2
BSU21300,9.8
BSU21310,0
BSU21320,548.8
BSU21329,228.8
BSU21330,26.1
BSU21340,4.3
BSU21350,35.6
BSU21360,0
BSU21370,51.4
BSU21380,36.6
BSU21390,3
BSU21400,0
BSU21410,0
BSU21420,0
BSU21430,13.1
BSU21440,56.1
BSU21450,32.7
BSU21460,16.1
BSU21470,23.8
BSU21480,15320.9
BSU21490,1294.2
BSU21500,70.9
BSU21510,35.4
BSU21520,0
BSU21530,18.6
BSU21540,10.5
BSU21550,242.2
BSU21560,193.1
BSU21570,107.3
BSU21580,176.7
BSU21590,122.6
BSU21598,0
BSU21599,23.9
BSU21600,158.9
BSU21610,42.1
BSU21620,63.1
BSU21630,122.4
BSU21640,132.6
BSU21650,23.8
BSU21660,176.9
BSU21670,430.7
BSU21680,5785.4
BSU21690,10236.5
BSU21700,4932.3
BSU21710,306.8
BSU21720,3561.6
BSU21730,2173.1
BSU21740,13087.1
BSU21750,1762.5
BSU21760,14759.1
BSU21770,12923.6
BSU21780,3717
BSU21790,4536.6
BSU21800,15760.4
BSU21810,9079.6
BSU21820,5453.7
BSU21830,16395.8
BSU21840,9224.5
BSU21850,2310.5
BSU21860,21888.3
BSU21870,77161.7
BSU21880,6670.2
BSU21890,987.4
BSU21900,493
BSU21910,7589.5
BSU21920,17639.6
BSU21930,42557.3
BSU21940,476.5
BSU21950,4156.7
BSU21960,190.1
BSU21970,1558.2
BSU21980,352.9
BSU21990,150.1
BSU22000,504.9
BSU22010,10510.7
BSU22019,57290.1
BSU22020,5274.8
BSU22030,1053.5
BSU22040,300.2
BSU22050,814.4
BSU22060,97071.5
BSU22070,69248.6
BSU22080,3437.9
BSU22090,598.7
BSU22100,417.9
BSU22110,659.4
BSU22120,699.9
BSU22130,867
BSU22140,735
BSU22150,7461.9
BSU22160,653.5
BSU22169,145783.2
BSU22170,7988.7
BSU22180,4804.9
BSU22190,2261.1
BSU22200,11222.9
BSU22210,7145.6
BSU22220,5185.7
BSU22230,6627
BSU22240,0
BSU22250,134.9
BSU22260,7156.6
BSU22270,1667.4
BSU22280,101.5
BSU22290,7265.8
BSU22300,0
BSU22310,7445.3
BSU22320,38977.5
BSU22330,7023.3
BSU22340,8417.4
BSU22350,6064.5
BSU22360,31677.8
BSU22370,11758.8
BSU22380,5945.2
BSU22390,1972
BSU22400,5820.8
BSU22410,6023.2
BSU22420,7217.8
BSU22430,8270.8
BSU22440,2049.6
BSU22450,1578.3
BSU22460,1233.9
BSU22470,1877.6
BSU22480,3036.8
BSU22490,829.1
BSU22500,779.6
BSU22510,552.6
BSU22520,1486.7
BSU22530,1265.8
BSU22540,1363.5
BSU22550,973.7
BSU22560,1277.2
BSU22570,424.6
BSU22580,2469.4
BSU22590,1829.7
BSU22600,40561.1
BSU22610,39915.9
BSU22620,117368.8
BSU22630,44642.5
BSU22640,2635.7
BSU22650,2124.3
BSU22660,2932.7
BSU22670,4881
BSU22680,4019.4
BSU22690,121160.9
BSU22700,151744.6
BSU22710,100125.8
BSU22720,1169.1
BSU22730,4723.4
BSU22740,13311.7
BSU22750,21569
BSU22760,2660.1
BSU22770,32641.8
BSU22780,27755.7
BSU22790,108788.6
BSU22800,1485.5
BSU22810,8407.6
BSU22820,8617
BSU22830,14390
BSU22840,8854.4
BSU22849,292.1
BSU22850,176.8
BSU22860,663.6
BSU22869,1463.3
BSU22870,11097.8
BSU22880,42361.5
BSU22890,19482
BSU22900,95
BSU22910,984.1
BSU22920,244.4
BSU22930,22.4
BSU22940,1379.9
BSU22950,5718.8
BSU22960,5536.4
BSU22970,31442.3
BSU22980,2591.1
BSU22990,1681.2
BSU23000,2365
BSU23010,4197.2
BSU23020,7124.1
BSU23030,3244.5
BSU23040,69122.3
BSU23050,1610.5
BSU23060,757002.4
BSU23070,46782.9
BSU23080,1998.6
BSU23090,3449.3
BSU23100,10314.4
BSU23110,2892.3
BSU23120,2729.7
BSU23130,1449.2
BSU23140,1525.7
BSU23150,945
BSU23160,2948.4
BSU23170,109.6
BSU23180,37.3
BSU23190,86.2
BSU23200,8582
BSU23210,3558.3
BSU23220,1358.4
BSU23230,1383.1
BSU23240,36777.5
BSU23250,7368.4
BSU23260,11916.6
BSU23270,5465.1
BSU23280,11386.8
BSU23300,355.9
BSU23310,16849.5
BSU23320,0
BSU23328,2490.1
BSU23329,253.1
BSU23330,63.2
BSU23340,203.1
BSU23350,0
BSU23360,8487.6
BSU23370,6442.2
BSU23380,32168.9
BSU23390,610.6
BSU23401,190.5
BSU23402,102.4
BSU23410,50.8
BSU23420,0
BSU23430,178.6
BSU23440,0
BSU23450,599.4
BSU23460,303.1
BSU23470,503.2
BSU23480,8.5
BSU23490,11242.3
BSU23500,5331.4
BSU23510,3013.5
BSU23519,1705.8
BSU23520,34807.2
BSU23530,35.5
BSU23540,308.6
BSU23550,21462.5
BSU23560,7338.1
BSU23570,7420
BSU23580,3144
BSU23590,3189.1
BSU23600,5350.5
BSU23610,4593.2
BSU23620,671.6
BSU23630,1259.1
BSU23640,2017.6
BSU23650,35743.9
BSU23660,20656.6
BSU23670,1876.9
BSU23680,3011.5
BSU23690,1191.8
BSU23700,910.4
BSU23710,1270
BSU23720,3049.5
BSU23730,857.4
BSU23740,692.4
BSU23750,3102.4
BSU23760,1335.3
BSU23770,1958
BSU23780,3263.8
BSU23790,2694.9
BSU23800,4094.8
BSU23810,924.1
BSU23820,1010.8
BSU23830,8786.9
BSU23840,1245.1
BSU23850,7448.8
BSU23860,32261.9
BSU23870,2245.1
BSU23880,4435.5
BSU23890,20742.9
BSU23900,487.4
BSU23910,11350.7
BSU23920,5058.5
BSU23930,35.3
BSU23940,224.2
BSU23950,3005
BSU23960,27007
BSU23970,10061.1
BSU23980,9643.7
BSU23990,14058.3
BSU24000,31.5
BSU24010,1863.8
BSU24020,285.5
BSU24030,1589.2
BSU24040,2814.2
BSU24050,1055.8
BSU24060,1806.6
BSU24070,1429.3
BSU24080,1072.3
BSU24090,1280.7
BSU24100,2078.6
BSU24110,2041.9
BSU24120,1022.7
BSU24130,105.7
BSU24140,67.1
BSU24150,8.4
BSU24160,23.6
BSU24170,12.1
BSU24180,1274.2
BSU24190,138.3
BSU24200,304.5
BSU24210,790.6
BSU24220,12204.4
BSU24230,138.9
BSU24240,5459.5
BSU24250,4914.6
BSU24260,29254.4
BSU24270,26569.1
BSU24280,10385.8
BSU24290,2910.3
BSU24300,5195.7
BSU24310,50633.9
BSU24320,14488.8
BSU24330,8144.9
BSU24340,9007
BSU24350,8720.3
BSU24360,24.7
BSU24370,60.9
BSU24380,30.8
BSU24390,22.7
BSU24400,94.1
BSU24410,0
BSU24420,19.7
BSU24430,35.5
BSU24440,0
BSU24450,22983
BSU24460,18115.1
BSU24470,5485
BSU24480,22.8
BSU24490,3107.3
BSU24500,16970.4
BSU24510,576.4
BSU24520,6598.3
BSU24530,1360.9
BSU24540,19114.3
BSU24550,3551.1
BSU24560,2686
BSU24570,2159.3
BSU24580,27.1
BSU24590,26
BSU24600,89.2
BSU24610,4714.5
BSU24620,19
BSU24630,1.4
BSU24640,0
BSU24650,51.4
BSU24660,80.4
BSU24670,20.5
BSU24680,0
BSU24690,31.5
BSU24700,14.9
BSU24710,0
BSU24720,26.3
BSU24730,79.8
BSU24740,15.4
BSU24750,97.6
BSU24760,275.3
BSU24770,298.7
BSU24780,99.2
BSU24790,2098.6
BSU24800,444.1
BSU24810,2287.1
BSU24820,1763.7
BSU24830,3485.1
BSU24840,13063.1
BSU24850,15515.3
BSU24860,1693
BSU24870,1408.9
BSU24880,299.9
BSU24890,1991.8
BSU24900,49186
BSU24910,201.3
BSU24920,219.3
BSU24930,2366.8
BSU24940,8661.9
BSU24950,74.5
BSU24960,57.9
BSU24970,28.2
BSU24980,227.5
BSU24990,177.6
BSU25000,11047.5
BSU25010,6
BSU25020,22098.8
BSU25030,250.6
BSU25040,771.8
BSU25050,512.9
BSU25060,391
BSU25070,22476.3
BSU25080,103129.1
BSU25090,2208.7
BSU25100,2787.5
BSU25110,2138.6
BSU25120,110.3
BSU25130,15883.5
BSU25140,14791.3
BSU25150,12.4
BSU25160,5999.7
BSU25170,7436.3
BSU25180,1277
BSU25190,201.9
BSU25200,17551.2
BSU25210,8187.1
BSU25220,205.5
BSU25230,2398.2
BSU25240,4800.5
BSU25250,4660.4
BSU25260,22722.1
BSU25270,10525.3
BSU25280,5639.2
BSU25289,1806.8
BSU25290,11374.9
BSU25300,13299.5
BSU25310,2761.8
BSU25320,8168
BSU25330,3380
BSU25340,8584.3
BSU25350,49
BSU25360,0
BSU25370,22560.6
BSU25380,28836.3
BSU25390,20805.8
BSU25400,273405.9
BSU25410,438677.7
BSU25420,120.3
BSU25430,13879.5
BSU25440,6047.9
BSU25450,25498.7
BSU25460,11336.3
BSU25470,34397.1
BSU25480,13096.3
BSU25490,6301.1
BSU25500,1778.3
BSU25510,38620.6
BSU25520,240
BSU25530,192.9
BSU25540,222.5
BSU25550,270220
BSU25560,1932.2
BSU25569,1295.2
BSU25570,1052.2
BSU25580,3363.7
BSU25590,81.2
BSU25600,75.3
BSU25610,10917.2
BSU25620,17740.1
BSU25630,37189.9
BSU25640,12972.8
BSU25650,12576.1
BSU25660,13396.8
BSU25670,10539.3
BSU25680,25872.1
BSU25690,162.2
BSU25700,141.4
BSU25710,13.6
BSU25720,160.8
BSU25730,251.7
BSU25740,159.3
BSU25750,1572.2
BSU25760,0
BSU25770,265.6
BSU25780,435.5
BSU25790,130
BSU25800,85.8
BSU25810,19.5
BSU25820,27.6
BSU25830,33.4
BSU25840,769.5
BSU25850,30.1
BSU25860,362.4
BSU25870,298
BSU25880,0
BSU25890,84.9
BSU25900,13.1
BSU25910,0
BSU25920,78.3
BSU25930,0
BSU25940,0
BSU25950,10.9
BSU25960,0
BSU25970,63.1
BSU25980,40.8
BSU25990,9
BSU26000,124.7
BSU26010,25.9
BSU26020,15.2
BSU26030,39.6
BSU26039,0
BSU26040,0
BSU26050,75.9
BSU26060,118.6
BSU26075,6.8
BSU26089,0
BSU26090,15.7
BSU26100,0
BSU26110,0
BSU26120,21.8
BSU26130,36.3
BSU26140,38.4
BSU26150,39.9
BSU26160,17
BSU26170,118.6
BSU26180,6
BSU26190,19.9
BSU26200,94.2
BSU26210,12
BSU26220,0
BSU26230,57
BSU26240,72.7
BSU26250,0
BSU26259,0
BSU26260,13.2
BSU26270,0
BSU26280,3.4
BSU26290,7.4
BSU26300,0
BSU26310,0
BSU26320,0
BSU26330,0
BSU26340,0
BSU26350,870.9
BSU26360,55.6
BSU26370,41.5
BSU26380,45.4
BSU26390,87.9
BSU26400,376.3
BSU26410,201.3
BSU26420,289.9
BSU26430,223.6
BSU26440,466.9
BSU26450,96.9
BSU26470,2897.9
BSU26480,279
BSU26490,23.5
BSU26500,36.9
BSU26510,51.1
BSU26530,66.7
BSU26540,56.5
BSU26550,1842.7
BSU26558,83
BSU26559,76.7
BSU26560,75.3
BSU26570,0
BSU26580,22.2
BSU26590,114.8
BSU26600,20.1
BSU26610,999.1
BSU26619,0
BSU26620,23.1
BSU26630,345.9
BSU26640,133.4
BSU26650,65.8
BSU26660,177.2
BSU26670,561.4
BSU26680,674.8
BSU26690,530.1
BSU26700,1374.1
BSU26710,690.7
BSU26720,296.5
BSU26730,245.3
BSU26740,32.6
BSU26748,0
BSU26749,34.8
BSU26750,0
BSU26760,28.4
BSU26770,125.2
BSU26780,323.8
BSU26790,269.6
BSU26800,1215
BSU26810,126.5
BSU26820,406.9
BSU26830,5.9
BSU26840,147.7
BSU26850,6.2
BSU26860,26.7
BSU26870,61.2
BSU26880,81.3
BSU26890,975.5
BSU26900,692.8
BSU26910,410.8
BSU26920,79.1
BSU26930,314.2
BSU26940,39.8
BSU26950,41.8
BSU26960,46.5
BSU26970,73.7
BSU26980,66.6
BSU26990,81.3
BSU27000,228.5
BSU27009,0
BSU27010,353.6
BSU27020,1384
BSU27030,51.1
BSU27040,24.7
BSU27050,22.6
BSU27060,0
BSU27070,0
BSU27080,130.9
BSU27090,3328.4
BSU27100,151
BSU27110,2044.5
BSU27120,37.5
BSU27130,83.9
BSU27140,257.9
BSU27150,108.3
BSU27160,13166.7
BSU27170,2409.5
BSU27180,1575.7
BSU27190,98.8
BSU27200,1077.9
BSU27210,783.9
BSU27220,1340
BSU27230,812.7
BSU27240,14586
BSU27250,861.8
BSU27260,1183.4
BSU27270,19298.1
BSU27280,1269.8
BSU27290,724.4
BSU27300,8289.2
BSU27310,375.4
BSU27320,23941.3
BSU27330,3033.2
BSU27340,5042.4
BSU27350,3106.6
BSU27360,1660.7
BSU27370,795
BSU27380,8018
BSU27390,15753.8
BSU27400,17248.1
BSU27410,5352.3
BSU27420,221.6
BSU27430,44.5
BSU27440,0
BSU27450,0
BSU27460,0
BSU27468,323581.6
BSU27469,10933.8
BSU27470,1734.4
BSU27480,1749.1
BSU27490,1300.7
BSU27500,27644.9
BSU27510,23108.5
BSU27520,15988.4
BSU27530,2284.1
BSU27540,50288
BSU27550,15312.4
BSU27560,9337.1
BSU27570,32.8
BSU27580,1688.8
BSU27590,54892.5
BSU27600,30010.7
BSU27610,15681.1
BSU27620,11637.5
BSU27630,341.9
BSU27640,2308.9
BSU27650,6735.4
BSU27660,1667.9
BSU27670,217.7
BSU27680,10.7
BSU27690,38.7
BSU27700,9337.1
BSU27710,12309.4
BSU27720,6938.1
BSU27729,1674.8
BSU27730,7077.3
BSU27740,1849.7
BSU27750,209.8
BSU27760,175.1
BSU27770,119.2
BSU27785,1441.2
BSU27800,1848.1
BSU27809,345.2
BSU27810,2815.3
BSU27820,382
BSU27830,29235.2
BSU27840,81490.7
BSU27850,53022.7
BSU27860,58115.1
BSU27870,42878.1
BSU27880,5566.8
BSU27890,22075.1
BSU27900,5815.8
BSU27910,3527.8
BSU27920,34542
BSU27930,3001
BSU27940,687560.4
BSU27950,394063.3
BSU27960,290084.9
BSU27970,232.8
BSU27980,200
BSU27990,22480
BSU28000,32037.1
BSU28010,2950.3
BSU28020,20234.6
BSU28030,41903.3
BSU28040,7954.9
BSU28050,3156.3
BSU28060,84.8
BSU28070,30.6
BSU28080,3956.6
BSU28090,10882.7
BSU28099,90.6
BSU28100,27.6
BSU28110,58.2
BSU28120,13651.9
BSU28130,4834.2
BSU28140,6400.3
BSU28150,13274.4
BSU28160,3901.6
BSU28170,6838.5
BSU28180,506.7
BSU28190,24159.3
BSU28200,5672.2
BSU28210,65.8
BSU28220,26830
BSU28230,35495.2
BSU28240,2825.1
BSU28250,9879.3
BSU28260,36535.6
BSU28270,28447
BSU28280,20100.3
BSU28290,20836.5
BSU28300,10001.4
BSU28310,23086.6
BSU28320,0
BSU28330,271.1
BSU28340,130.2
BSU28350,8801.5
BSU28360,4392.3
BSU28370,3517.4
BSU28380,255.4
BSU28390,9465.2
BSU28400,7031.5
BSU28410,175.9
BSU28420,535.5
BSU28430,5701.1
BSU28440,7962.8
BSU28450,2390.6
BSU28460,2308.1
BSU28470,7391
BSU28490,3104.4
BSU28500,20115.5
BSU28510,69.6
BSU28520,2645.4
BSU28530,4691.1
BSU28540,3018.8
BSU28550,1386.7
BSU28560,195.4
BSU28570,7555.9
BSU28580,8497.2
BSU28590,11319.7
BSU28600,4685.1
BSU28610,6225.3
BSU28620,3051.4
BSU28630,9562.5
BSU28640,9524.1
BSU28650,8059.4
BSU28660,513.9
BSU28670,240.4
BSU28680,1177.2
BSU28690,2201.8
BSU28700,1762.9
BSU28710,247.3
BSU28720,33
BSU28730,14.8
BSU28740,40.8
BSU28750,41.8
BSU28760,32.7
BSU28770,40.2
BSU28780,85.6
BSU28790,94.1
BSU28800,123.8
BSU28810,47.6
BSU28820,4304.6
BSU28830,1267
BSU28840,1796.7
BSU28850,48917.5
BSU28860,11826.3
BSU28870,56101.6
BSU28890,53.8
BSU28900,194
BSU28910,41.6
BSU28920,2447.8
BSU28930,2816
BSU28940,10313.2
BSU28950,14648.7
BSU28960,4385.7
BSU28970,6053.5
BSU28980,4836.4
BSU28990,5549.7
BSU29000,19586
BSU29010,53463
BSU29020,3324.8
BSU29030,372.8
BSU29040,437.3
BSU29050,494.3
BSU29060,3899.8
BSU29070,11709.7
BSU29080,9792.2
BSU29090,6214.5
BSU29100,5472.2
BSU29110,2153.3
BSU29120,40788
BSU29130,28543.7
BSU29140,10576
BSU29150,2391.7
BSU29160,24.1
BSU29170,4715.5
BSU29180,21880.9
BSU29190,12901.5
BSU29200,34506.7
BSU29210,34227.6
BSU29220,40043.4
BSU29230,5563.4
BSU29239,109.2
BSU29240,0
BSU29249,4028.2
BSU29250,2995.4
BSU29260,509.3
BSU29270,2788.6
BSU29280,94.2
BSU29290,62.3
BSU29300,0
BSU29310,120.9
BSU29320,94
BSU29330,229.8
BSU29340,159.4
BSU29350,45
BSU29360,14.1
BSU29370,10.5
BSU29380,12.2
BSU29390,0
BSU29400,21
BSU29410,5538.4
BSU29420,993.2
BSU29430,1671.3
BSU29440,11302.1
BSU29450,8666
BSU29460,1834.4
BSU29470,23841.9
BSU29480,1352.3
BSU29490,6497.4
BSU29500,193
BSU29510,27.3
BSU29520,635.5
BSU29530,415.7
BSU29540,3663.6
BSU29550,7807.5
BSU29560,3109.6
BSU29570,51017.4
BSU29580,3926.8
BSU29590,5435.1
BSU29600,7565.6
BSU29610,5013
BSU29620,2821.1
BSU29630,119.7
BSU29640,30721.9
BSU29650,3294.6
BSU29660,41110.3
BSU29670,13708
BSU29679,180869
BSU29680,1547.2
BSU29690,1447.5
BSU29700,714.6
BSU29710,1286.4
BSU29720,413.6
BSU29730,1147.4
BSU29740,7485.3
BSU29750,314014
BSU29760,12641.9
BSU29770,5814.7
BSU29780,2857.9
BSU29790,21245.9
BSU29805,3573.1
BSU29820,38430.6
BSU29830,8305.9
BSU29840,1365.7
BSU29850,1397.6
BSU29860,4416.3
BSU29870,5159.7
BSU29880,2735.6
BSU29890,3212.3
BSU29900,15101.6
BSU29910,31.8
BSU29920,25128.3
BSU29930,858.3
BSU29940,1182.6
BSU29950,744.5
BSU29960,2344.2
BSU29970,4927.7
BSU29980,3978.3
BSU29990,5855.3
BSU30000,749.8
BSU30010,380.4
BSU30020,35935.3
BSU30035,3820.4
BSU30050,5507.2
BSU30060,2208.1
BSU30070,4352
BSU30080,36.4
BSU30090,133.8
BSU30100,31.9
BSU30110,0
BSU30120,31.7
BSU30135,8.8
BSU30150,29.9
BSU30160,95.8
BSU30170,43
BSU30180,691.5
BSU30190,495.2
BSU30200,1687.4
BSU30210,1489.1
BSU30220,3823.5
BSU30230,3677.7
BSU30240,1664.9
BSU30250,108.3
BSU30260,478.6
BSU30270,229.5
BSU30280,220.9
BSU30290,113.4
BSU30300,583.2
BSU30310,24313.8
BSU30320,17217.1
BSU30330,576.9
BSU30340,1193.5
BSU30350,1953.6
BSU30360,207.4
BSU30370,251.5
BSU30380,194.7
BSU30390,381.2
BSU30400,709.6
BSU30410,783.7
BSU30420,559.8
BSU30430,229.7
BSU30440,148.8
BSU30450,329.9
BSU30460,101.6
BSU30470,56186.7
BSU30480,5267.9
BSU30490,7217.9
BSU30500,5422.6
BSU30510,6412.3
BSU30520,1723.5
BSU30530,4294.4
BSU30540,12461.3
BSU30550,47439.3
BSU30560,6701.6
BSU30570,1009.7
BSU30580,457.5
BSU30595,17.9
BSU30610,62.9
BSU30620,39.2
BSU30630,3684.8
BSU30640,0
BSU30650,1845.2
BSU30659,232.1
BSU30660,190.3
BSU30670,12504.8
BSU30680,1348
BSU30690,4716.2
BSU30700,1375.4
BSU30710,30.3
BSU30720,62.8
BSU30739,79661.7
BSU30740,5108
BSU30750,4079.4
BSU30760,4691.6
BSU30770,1880.6
BSU30780,1402.5
BSU30790,1130.4
BSU30800,20019.8
BSU30810,4200.8
BSU30820,11849.1
BSU30830,7163.1
BSU30840,76.8
BSU30850,107.9
BSU30860,0
BSU30870,25.8
BSU30880,0
BSU30890,65.1
BSU30900,28.1
BSU30910,31.2
BSU30920,36.8
BSU30930,18
BSU30940,46.9
BSU30950,160.6
BSU30960,28.6
BSU30970,55.5
BSU30980,55.9
BSU30990,2015.2
BSU31000,459.7
BSU31010,2011.5
BSU31020,848.2
BSU31030,2798.3
BSU31040,690.9
BSU31050,967.3
BSU31060,375.3
BSU31070,5774.1
BSU31080,129.6
BSU31090,617.5
BSU31100,656.5
BSU31110,1349
BSU31120,649.1
BSU31130,1662.3
BSU31140,0
BSU31150,1614.3
BSU31160,1128.3
BSU31170,2495.4
BSU31180,45.1
BSU31190,0
BSU31200,775
BSU31210,993.7
BSU31220,397.7
BSU31230,438.8
BSU31240,314.9
BSU31250,61.1
BSU31260,622.5
BSU31270,0
BSU31279,122.7
BSU31280,282.6
BSU31290,147.4
BSU31300,114.8
BSU31310,6712.3
BSU31319,0
BSU31321,29.8
BSU31322,100.4
BSU31330,794.6
BSU31340,466.6
BSU31350,7459.2
BSU31360,1261
BSU31370,3319.7
BSU31380,1651.4
BSU31390,15025
BSU31400,42045.6
BSU31410,27717.2
BSU31420,47.9
BSU31430,1926.6
BSU31440,892.1
BSU31450,307.8
BSU31460,377.9
BSU31470,123.9
BSU31480,269.5
BSU31490,3621.5
BSU31500,3271.1
BSU31510,822.7
BSU31520,2222.9
BSU31530,3689.7
BSU31540,636.9
BSU31550,363.4
BSU31560,353.3
BSU31570,409.1
BSU31580,389.9
BSU31590,198.9
BSU31600,2196.3
BSU31610,3281
BSU31620,3674.1
BSU31630,6363.7
BSU31640,2053.6
BSU31650,10175.9
BSU31660,4663.4
BSU31670,16939.1
BSU31680,1574.6
BSU31690,3100.2
BSU31700,190.4
BSU31710,94.5
BSU31720,123.3
BSU31730,0
BSU31740,741.2
BSU31750,7880.5
BSU31760,2384.6
BSU31770,1728.9
BSU31780,15102.9
BSU31790,9295.3
BSU31800,9202.1
BSU31810,126.3
BSU31820,3924.3
BSU31830,7348.6
BSU31840,2436.4
BSU31850,382.4
BSU31860,752.6
BSU31875,590.9
BSU31890,222.7
BSU31900,200.9
BSU31910,3705.8
BSU31920,1074.4
BSU31930,272230.2
BSU31945,9467.1
BSU31959,89.5
BSU31960,725.3
BSU31970,943.6
BSU31980,993.6
BSU31990,2883.2
BSU32000,1539.2
BSU32010,477.5
BSU32020,809.1
BSU32030,28125.7
BSU32040,81557.5
BSU32050,781
BSU32060,3778.7
BSU32070,257.6
BSU32080,7486.7
BSU32090,1720.1
BSU32100,970
BSU32110,22629.4
BSU32120,853.5
BSU32130,26571
BSU32140,1421.5
BSU32150,844.7
BSU32160,34321.4
BSU32170,7612.6
BSU32180,4276.6
BSU32190,5926.8
BSU32200,3321.6
BSU32210,839.9
BSU32220,63266.2
BSU32230,840.4
BSU32240,446608
BSU32250,176591.7
BSU32260,144061.4
BSU32270,124.2
BSU32280,286.6
BSU32290,5360.5
BSU32300,8258.2
BSU32310,2019.4
BSU32320,147.7
BSU32330,21048
BSU32340,535.7
BSU32350,632.3
BSU32360,4363
BSU32370,4429.5
BSU32380,1899.7
BSU32390,1597.6
BSU32400,79.8
BSU32410,1657.5
BSU32420,2086
BSU32430,4148.4
BSU32440,2967.2
BSU32450,1972.4
BSU32460,1819.5
BSU32469,205.2
BSU32470,688.7
BSU32480,428.7
BSU32490,394.1
BSU32500,428.2
BSU32510,551.5
BSU32520,3026.8
BSU32530,1550.7
BSU32540,392.6
BSU32550,1084.8
BSU32560,357.3
BSU32570,277.1
BSU32580,80.5
BSU32590,11.3
BSU32600,110.4
BSU32610,63.7
BSU32620,2113.2
BSU32630,5751.6
BSU32640,0
BSU32650,0
BSU32660,3079.2
BSU32669,395.4
BSU32670,98574.7
BSU32680,73629
BSU32690,66500.8
BSU32700,44152.7
BSU32710,31043.7
BSU32719,3198.1
BSU32720,202.6
BSU32730,60334.8
BSU32740,49928.8
BSU32750,32381.5
BSU32760,527.8
BSU32770,600
BSU32780,2492.2
BSU32790,4238.5
BSU32800,12889.2
BSU32810,458.4
BSU32820,245.1
BSU32830,834.1
BSU32840,566.8
BSU32849,54.8
BSU32850,0
BSU32859,0
BSU32860,89.7
BSU32870,3352.3
BSU32880,3709.2
BSU32890,79.9
BSU32900,352.6
BSU32910,356.9
BSU32920,1285.4
BSU32930,2384.7
BSU32940,26550.2
BSU32950,97.8
BSU32960,3116
BSU32970,2788.1
BSU32980,553.3
BSU32990,15750.7
BSU33000,9196.3
BSU33010,5068.4
BSU33020,4056.3
BSU33029,1766.4
BSU33030,354
BSU33040,4897.9
BSU33049,109.2
BSU33050,0
BSU33060,15.5
BSU33070,29.9
BSU33080,6006
BSU33090,5000.1
BSU33100,3042.5
BSU33110,5381.5
BSU33120,5309.2
BSU33130,10146.7
BSU33140,25.6
BSU33150,2417.3
BSU33160,1207.1
BSU33170,2391.6
BSU33180,4382.8
BSU33190,1146.9
BSU33200,3011.2
BSU33210,1090.1
BSU33221,701.8
BSU33222,8.8
BSU33230,67.7
BSU33239,0
BSU33240,318.7
BSU33250,0
BSU33260,510.5
BSU33270,217.9
BSU33280,163.9
BSU33290,6064
BSU33300,8305.3
BSU33310,7790.4
BSU33320,11127.5
BSU33330,24086.2
BSU33340,24686.8
BSU33350,1335.4
BSU33360,3783.2
BSU33370,14607.1
BSU33380,2192.1
BSU33390,3221.7
BSU33400,768.9
BSU33410,0
BSU33420,1310.8
BSU33430,50151.4
BSU33440,24112.6
BSU33450,1506.9
BSU33460,26737.5
BSU33470,12422.3
BSU33480,7526.2
BSU33490,1421.1
BSU33500,1730.7
BSU33510,7329.2
BSU33520,2292.5
BSU33530,428.2
BSU33540,3277.3
BSU33550,39.6
BSU33560,179.2
BSU33570,122.9
BSU33580,84.1
BSU33590,3481.5
BSU33600,5716.8
BSU33610,8010.1
BSU33620,2509.6
BSU33630,32507.9
BSU33640,0
BSU33650,112.2
BSU33660,2865.8
BSU33670,2596.6
BSU33680,2353.4
BSU33690,1928.1
BSU33700,435.9
BSU33710,91.3
BSU33720,112.3
BSU33730,263.3
BSU33740,2878.5
BSU33750,0
BSU33760,11.3
BSU33770,461
BSU33780,529.6
BSU33790,297.6
BSU33800,10792.1
BSU33810,2864.5
BSU33820,5063.4
BSU33830,3659.7
BSU33840,256
BSU33850,61.3
BSU33860,1259.9
BSU33870,718.4
BSU33880,340.9
BSU33890,279.6
BSU33900,89317.6
BSU33910,79891.1
BSU33920,62379.7
BSU33930,67585.5
BSU33940,154798.5
BSU33950,36807.6
BSU33960,79.1
BSU33970,1524.1
BSU33980,2341.4
BSU33990,428.7
BSU34000,416.8
BSU34010,6426.7
BSU34020,851.7
BSU34030,32392.7
BSU34040,59003.3
BSU34050,50428.1
BSU34060,763.4
BSU34070,284.2
BSU34080,37.2
BSU34090,28.2
BSU34100,6476.8
BSU34110,2818.4
BSU34120,34.3
BSU34130,415.3
BSU34140,378.1
BSU34150,307.7
BSU34160,260.3
BSU34170,593.3
BSU34180,3517.8
BSU34190,3729.6
BSU34200,1267
BSU34210,2170.3
BSU34220,19.5
BSU34230,175.6
BSU34240,123.4
BSU34250,46.4
BSU34265,56.8
BSU34280,48.9
BSU34290,166.7
BSU34300,136.7
BSU34310,83.4
BSU34320,102.8
BSU34330,138.6
BSU34340,366
BSU34350,287.6
BSU34360,203.1
BSU34370,247.9
BSU34380,64.1
BSU34390,136.4
BSU34400,303.3
BSU34410,436.5
BSU34420,82.8
BSU34430,1405.5
BSU34440,1343.5
BSU34450,183.1
BSU34460,72.5
BSU34470,27.8
BSU34480,548.5
BSU34490,27.1
BSU34500,208
BSU34510,106.9
BSU34520,111.9
BSU34530,60.1
BSU34540,13585.6
BSU34550,199.5
BSU34560,194.6
BSU34570,89.9
BSU34580,127.4
BSU34590,121.5
BSU34600,9.6
BSU34610,24.8
BSU34620,129.3
BSU34630,122.9
BSU34640,3757.3
BSU34650,4070.8
BSU34660,847.5
BSU34670,549.4
BSU34680,4426.8
BSU34690,656.3
BSU34700,1481.6
BSU34710,1078.6
BSU34720,473.1
BSU34729,0
BSU34730,15734
BSU34740,28019.2
BSU34750,9255.6
BSU34760,21460.6
BSU34770,14693.1
BSU34780,11366.8
BSU34790,2660
BSU34800,5498.2
BSU34810,4390.7
BSU34820,1032.4
BSU34830,507.8
BSU34840,487.3
BSU34850,236.8
BSU34860,339611.3
BSU34870,211533.3
BSU34880,158351.6
BSU34890,100834.5
BSU34900,92591.2
BSU34910,248387.4
BSU34920,122549.9
BSU34930,100223.4
BSU34940,4198.7
BSU34950,1561.2
BSU34960,41247.7
BSU34970,6169
BSU34980,13706.5
BSU34990,10531.3
BSU35000,6942
BSU35010,1386.8
BSU35020,1554.1
BSU35030,1045.9
BSU35040,251
BSU35050,104.9
BSU35060,794.1
BSU35070,232
BSU35080,70.7
BSU35090,251.6
BSU35100,11404.6
BSU35110,3936.8
BSU35120,5004
BSU35130,2579.4
BSU35140,207.7
BSU35150,801.1
BSU35160,24810.8
BSU35170,13076.6
BSU35180,706.4
BSU35190,28.1
BSU35200,53.2
BSU35210,438.7
BSU35220,14528.6
BSU35230,326.8
BSU35239,800.1
BSU35240,144.1
BSU35250,7047.3
BSU35260,10000.2
BSU35270,5978.4
BSU35280,268.6
BSU35290,26299.2
BSU35300,38930.6
BSU35310,6407.7
BSU35319,20.1
BSU35320,1018.1
BSU35330,815.6
BSU35340,343.4
BSU35350,16.6
BSU35360,3707.6
BSU35370,1592.6
BSU35380,666
BSU35390,435.5
BSU35400,2146.2
BSU35410,2720
BSU35420,1281.8
BSU35430,2250.5
BSU35440,921.3
BSU35450,1666.3
BSU35460,1143.3
BSU35470,382
BSU35480,1745.9
BSU35490,9792.5
BSU35500,3437.1
BSU35510,14678.2
BSU35520,10731.8
BSU35530,16569.8
BSU35540,485.1
BSU35550,424.8
BSU35560,342.8
BSU35570,212.4
BSU35580,342.1
BSU35590,598
BSU35600,160.7
BSU35609,65.4
BSU35610,356.4
BSU35620,1014
BSU35630,554.8
BSU35640,157.5
BSU35650,646.5
BSU35660,4438.7
BSU35670,10547.3
BSU35679,2096.9
BSU35680,681
BSU35690,353.5
BSU35698,58.6
BSU35699,746.9
BSU35700,4662.6
BSU35710,2044.9
BSU35720,2292.2
BSU35730,1824.2
BSU35740,13645.4
BSU35750,14425.5
BSU35760,1180.7
BSU35770,82.8
BSU35780,147.7
BSU35790,415
BSU35800,26.8
BSU35810,138.4
BSU35820,94.5
BSU35830,184.8
BSU35840,9377.8
BSU35850,2445.1
BSU35860,440.3
BSU35870,39.6
BSU35880,55.3
BSU35890,10.9
BSU35900,13.6
BSU35910,286.8
BSU35920,715.6
BSU35930,339
BSU35940,67.5
BSU35950,46.9
BSU35960,135.4
BSU35970,228
BSU35980,99.8
BSU35990,3565.8
BSU36000,1853.8
BSU36010,1864.7
BSU36020,908.5
BSU36030,7.7
BSU36040,0
BSU36050,16.7
BSU36060,67
BSU36070,13.9
BSU36080,490.7
BSU36090,87.9
BSU36100,280.1
BSU36110,497.2
BSU36120,1949.1
BSU36130,4801.6
BSU36140,482.1
BSU36150,326.9
BSU36160,126.5
BSU36170,2253.9
BSU36180,337.4
BSU36190,524.1
BSU36200,238.4
BSU36210,86.6
BSU36220,121.9
BSU36230,2922.3
BSU36240,73.7
BSU36250,539
BSU36260,467.4
BSU36269,761.1
BSU36270,2932.9
BSU36280,4570.6
BSU36290,5536.4
BSU36300,2535
BSU36310,5043
BSU36320,25.2
BSU36330,837.8
BSU36340,167.7
BSU36350,142.9
BSU36360,4835
BSU36370,8084.9
BSU36380,253.3
BSU36390,5155
BSU36400,1326.2
BSU36410,18785.6
BSU36420,0
BSU36430,0
BSU36440,204.1
BSU36450,1576.7
BSU36460,804.5
BSU36470,530.1
BSU36480,243.8
BSU36490,277.7
BSU36500,11.8
BSU36510,116254.8
BSU36520,38208.1
BSU36530,10185.9
BSU36540,353.8
BSU36550,954.2
BSU36560,3273.5
BSU36570,4447
BSU36580,658.8
BSU36590,2092.1
BSU36600,220.9
BSU36610,1445.1
BSU36620,374.7
BSU36630,3467.8
BSU36640,3535.5
BSU36650,2447.2
BSU36660,2128.6
BSU36668,127.3
BSU36669,2360
BSU36670,0
BSU36680,22.1
BSU36690,338.7
BSU36700,7420.9
BSU36710,5485.7
BSU36720,154.9
BSU36730,140.6
BSU36740,69.8
BSU36750,379.9
BSU36760,59932.3
BSU36770,1572.1
BSU36780,1079.8
BSU36790,6645.4
BSU36800,135642.9
BSU36810,21112.6
BSU36820,10504.5
BSU36830,31967
BSU36840,7132.8
BSU36850,5122.2
BSU36860,16563.9
BSU36870,11041.6
BSU36880,4114.8
BSU36890,16407.3
BSU36900,133397.9
BSU36910,22945
BSU36920,35329.3
BSU36930,2860.6
BSU36940,1695.4
BSU36950,4585.7
BSU36960,219.5
BSU36970,199.4
BSU36980,554
BSU36990,4193.2
BSU37000,6003.7
BSU37010,30303.5
BSU37020,98
BSU37030,642.9
BSU37040,124.1
BSU37050,382.5
BSU37060,2750.8
BSU37070,116744.5
BSU37080,5002.1
BSU37090,29075.9
BSU37100,38955.5
BSU37110,29324.6
BSU37120,64811.2
BSU37130,2176.7
BSU37140,5513.3
BSU37150,6251.6
BSU37160,22834.8
BSU37170,510.9
BSU37180,461.9
BSU37190,0
BSU37200,32.7
BSU37210,104.3
BSU37220,2837
BSU37230,7276.2
BSU37240,101.9
BSU37250,104.7
BSU37260,20.8
BSU37270,4
BSU37280,28.8
BSU37290,0
BSU37300,105.7
BSU37310,138.7
BSU37320,232.7
BSU37330,15787.9
BSU37340,3481
BSU37350,700.3
BSU37360,246.4
BSU37370,465.2
BSU37380,815.6
BSU37390,919.5
BSU37400,898.3
BSU37410,339.4
BSU37420,117.9
BSU37430,162.6
BSU37440,102.8
BSU37450,195.1
BSU37460,339.5
BSU37470,5133.9
BSU37480,413.5
BSU37490,7966.4
BSU37500,12834.7
BSU37510,155.2
BSU37520,14024.2
BSU37530,6735
BSU37540,8877.8
BSU37550,736.2
BSU37560,148.6
BSU37570,1303.9
BSU37580,355.6
BSU37590,3435.3
BSU37600,20525.3
BSU37610,13730.9
BSU37620,177.1
BSU37630,1059.4
BSU37640,2393.3
BSU37650,918.1
BSU37660,3206.9
BSU37670,6553.5
BSU37680,874.5
BSU37690,344
BSU37700,351.9
BSU37710,493.5
BSU37720,1422
BSU37730,1847.1
BSU37740,37
BSU37750,48.2
BSU37760,2672.1
BSU37770,1810.2
BSU37780,7495.7
BSU37790,71.7
BSU37800,166.7
BSU37810,370.1
BSU37820,1264.5
BSU37830,627.7
BSU37840,165.7
BSU37850,244.7
BSU37860,213.4
BSU37870,155
BSU37880,65.9
BSU37890,31.7
BSU37900,31.1
BSU37910,67.7
BSU37920,0
BSU37930,2699.1
BSU37940,875.3
BSU37950,2142.9
BSU37960,987.1
BSU37970,4449.8
BSU37980,2023.7
BSU37990,270.4
BSU38000,586.6
BSU38018,1454.1
BSU38020,21285.1
BSU38030,1120.8
BSU38040,239.6
BSU38050,166.2
BSU38060,109.3
BSU38070,814
BSU38080,161
BSU38090,239.9
BSU38100,1021.4
BSU38110,2552.8
BSU38120,1808.1
BSU38130,80
BSU38140,60696
BSU38150,27235.5
BSU38160,20216.4
BSU38170,8863.8
BSU38180,833.2
BSU38190,392.3
BSU38200,473.8
BSU38210,240.7
BSU38220,506.8
BSU38229,335.5
BSU38230,275.8
BSU38240,48.3
BSU38250,1835.3
BSU38260,25481
BSU38270,12927.8
BSU38280,19013.4
BSU38290,5032.1
BSU38300,7659.2
BSU38310,844
BSU38320,3242.3
BSU38330,24615.5
BSU38340,469.3
BSU38350,532.9
BSU38360,1760.5
BSU38370,10265.9
BSU38380,97.4
BSU38390,100
BSU38400,424.6
BSU38410,2114.3
BSU38420,504.8
BSU38430,626.5
BSU38440,60.2
BSU38450,3552.8
BSU38460,570.6
BSU38470,83.4
BSU38480,3161.3
BSU38490,16730.5
BSU38499,411.6
BSU38500,6811.1
BSU38510,4611.9
BSU38520,1173.2
BSU38530,9322.8
BSU38540,9915.3
BSU38550,18910
BSU38560,148
BSU38570,0
BSU38580,57.3
BSU38590,154.9
BSU38600,2890.7
BSU38610,661.4
BSU38620,534.8
BSU38630,31
BSU38640,461
BSU38650,3102
BSU38660,1236.3
BSU38670,489.7
BSU38680,268.4
BSU38690,2217.4
BSU38700,1386.6
BSU38710,1218.5
BSU38720,734.9
BSU38730,893.1
BSU38740,579.2
BSU38750,898
BSU38760,1059.8
BSU38770,1269.7
BSU38780,115.1
BSU38790,1288
BSU38800,49.1
BSU38810,924.1
BSU38820,268
BSU38830,110.9
BSU38840,462.2
BSU38850,1752.1
BSU38860,21334.8
BSU38870,114
BSU38880,1076.8
BSU38890,2293.6
BSU38900,1717.8
BSU38910,2472.7
BSU38920,1525.2
BSU38930,0
BSU38940,287.9
BSU38950,16122.2
BSU38960,23448.2
BSU38970,418.6
BSU38980,112.2
BSU38990,63.2
BSU39000,98.7
BSU39010,3433.5
BSU39020,112030.3
BSU39029,52.2
BSU39030,70.6
BSU39040,1026.5
BSU39050,353.4
BSU39060,70.4
BSU39070,37.6
BSU39080,1187.1
BSU39090,43.4
BSU39100,116.5
BSU39110,2126.5
BSU39120,467.7
BSU39129,204.4
BSU39139,0
BSU39140,196.6
BSU39150,381.2
BSU39160,513.9
BSU39170,1124
BSU39180,242.3
BSU39190,148.6
BSU39200,735.8
BSU39210,658.2
BSU39220,278.1
BSU39230,4644.6
BSU39240,622.3
BSU39250,7040.8
BSU39260,36
BSU39270,516.6
BSU39280,236.8
BSU39290,86
BSU39300,216.9
BSU39310,246.9
BSU39320,18.5
BSU39330,14.3
BSU39339,0
BSU39340,7235.9
BSU39350,88.1
BSU39360,245
BSU39370,156.2
BSU39380,100.4
BSU39390,95.3
BSU39400,5699.2
BSU39410,988.1
BSU39420,4665.1
BSU39430,3856.5
BSU39440,321.6
BSU39450,1901.4
BSU39460,528.1
BSU39470,787.9
BSU39480,1378
BSU39490,689.5
BSU39500,615.3
BSU39510,1397.9
BSU39520,304.3
BSU39530,0
BSU39540,185.6
BSU39550,2175.4
BSU39560,121.7
BSU39570,312.9
BSU39580,27.7
BSU39590,721.1
BSU39600,645.3
BSU39610,2838.2
BSU39620,594.4
BSU39630,574.2
BSU39640,1523.1
BSU39650,1271.7
BSU39660,2314.7
BSU39670,655
BSU39680,87.4
BSU39690,64.4
BSU39700,31.8
BSU39710,120.8
BSU39720,23.6
BSU39730,186
BSU39740,135.3
BSU39750,142.6
BSU39760,740.6
BSU39770,1115.4
BSU39780,2359.8
BSU39790,732.1
BSU39800,341.5
BSU39810,511.1
BSU39820,1833
BSU39830,96.3
BSU39840,219.7
BSU39850,540.3
BSU39860,317.8
BSU39870,0
BSU39880,67.6
BSU39890,77.7
BSU39900,0
BSU39910,0
BSU39920,14.9
BSU39930,38.5
BSU39940,1122.2
BSU39950,0
BSU39960,2190.9
BSU39970,729.2
BSU39980,892.2
BSU39990,234.7
BSU40000,493.5
BSU40010,248
BSU40021,204.6
BSU40022,488.1
BSU40030,133.4
BSU40040,268.1
BSU40050,1172.8
BSU40060,6445.8
BSU40070,5267
BSU40080,9232.7
BSU40090,45198.3
BSU40100,170786.4
BSU40110,310.2
BSU40120,101.6
BSU40130,336.9
BSU40139,167.4
BSU40140,63.4
BSU40150,33
BSU40160,25.5
BSU40170,0
BSU40180,0
BSU40190,1848.8
BSU40200,146.2
BSU40210,88.3
BSU40220,131.5
BSU40230,879.3
BSU40239,118.1
BSU40240,370.8
BSU40250,471.2
BSU40259,0
BSU40260,140.6
BSU40270,27.5
BSU40280,18.7
BSU40290,266.4
BSU40300,601.2
BSU40310,1205.2
BSU40320,69257.9
BSU40330,20398.7
BSU40340,3585.8
BSU40350,5305.2
BSU40359,273.6
BSU40360,5739.8
BSU40370,7269.9
BSU40380,3328.1
BSU40390,2790.2
BSU40400,2736.5
BSU40410,7315.2
BSU40420,125647
BSU40430,114.5
BSU40440,41809.8
BSU40450,24.4
BSU40460,30.9
BSU40470,2542.3
BSU40480,11667.6
BSU40490,1823.3
BSU40500,8275.5
BSU40510,10674.7
BSU40520,3110.5
BSU40529,52.9
BSU40530,11.1
BSU40540,288.1
BSU40550,7077.8
BSU40560,198.2
BSU40570,87.4
BSU40573,0
BSU40574,0
BSU40578,114.3
BSU40579,56.8
BSU40580,458.6
BSU40590,15.3
BSU40600,15.6
BSU40610,36.7
BSU40620,59.9
BSU40630,221.9
BSU40640,159.8
BSU40650,389.5
BSU40660,2392.4
BSU40670,362.3
BSU40680,432.7
BSU40690,412.7
BSU40700,772.4
BSU40710,163.6
BSU40720,2695.1
BSU40730,958.4
BSU40740,45.4
BSU40750,646.7
BSU40760,351.8
BSU40770,773.8
BSU40790,645.4
BSU40800,0
BSU40810,35.6
BSU40820,1481.2
BSU40830,740.3
BSU40840,513.2
BSU40850,464.8
BSU40860,124.1
BSU40870,85
BSU40880,277.7
BSU40890,90069.3
BSU40900,82948.8
BSU40910,79367.2
BSU40920,7723.7
BSU40930,4336.6
BSU40939,1117.1
BSU40940,72.1
BSU40950,0
BSU40960,5830
BSU40970,3609.1
BSU40980,20.1
BSU40990,19429.8
BSU41000,14750.4
BSU41010,28405.7
BSU41020,10392.6
BSU41030,13764
BSU41040,5256.4
BSU41050,8727.4
BSU41060,62080
BSU_misc_RNA_1,559255.2
BSU_misc_RNA_10,78658.5
BSU_misc_RNA_11,1166891.7
BSU_misc_RNA_12,201139.5
BSU_misc_RNA_13,135890.8
BSU_misc_RNA_14,61515.8
BSU_misc_RNA_15,655613.7
BSU_misc_RNA_16,8757.4
BSU_misc_RNA_17,179285.6
BSU_misc_RNA_18,3721349.8
BSU_misc_RNA_19,78966.5
BSU_misc_RNA_2,264476559.5
BSU_misc_RNA_20,976762.9
BSU_misc_RNA_21,564873.4
BSU_misc_RNA_22,2824.7
BSU_misc_RNA_23,1792.3
BSU_misc_RNA_24,99355.2
BSU_misc_RNA_25,187277.5
BSU_misc_RNA_26,39586.5
BSU_misc_RNA_27,659.8
BSU_misc_RNA_28,486.2
BSU_misc_RNA_29,4945.4
BSU_misc_RNA_3,23068.3
BSU_misc_RNA_30,51936.7
BSU_misc_RNA_31,52930.6
BSU_misc_RNA_32,183808.1
BSU_misc_RNA_34,332504.5
BSU_misc_RNA_35,4410464.4
BSU_misc_RNA_36,1781433.3
BSU_misc_RNA_37,218088.4
BSU_misc_RNA_38,447602.9
BSU_misc_RNA_39,55367.3
BSU_misc_RNA_4,2156.3
BSU_misc_RNA_40,30407.8
BSU_misc_RNA_41,373544
BSU_misc_RNA_42,295955.4
BSU_misc_RNA_43,243219.4
BSU_misc_RNA_44,301923.6
BSU_misc_RNA_45,459981.2
BSU_misc_RNA_46,162705.7
BSU_misc_RNA_47,56277.1
BSU_misc_RNA_48,65675.7
BSU_misc_RNA_49,487120.5
BSU_misc_RNA_5,31490.3
BSU_misc_RNA_50,5245.9
BSU_misc_RNA_51,78094.2
BSU_misc_RNA_52,5363
BSU_misc_RNA_53,882718.5
BSU_misc_RNA_54,719840.7
BSU_misc_RNA_55,30563800.8
BSU_misc_RNA_56,105664.6
BSU_misc_RNA_57,681.9
BSU_misc_RNA_58,1336
BSU_misc_RNA_59,9993.7
BSU_misc_RNA_6,42056.5
BSU_misc_RNA_60,8971.9
BSU_misc_RNA_61,118611.4
BSU_misc_RNA_62,187992.5
BSU_misc_RNA_63,22042.7
BSU_misc_RNA_7,25043
BSU_misc_RNA_8,2176.2
BSU_misc_RNA_9,21707.3
BSU_rRNA_1,856.9
BSU_rRNA_10,1069.5
BSU_rRNA_11,269.7
BSU_rRNA_12,1173.5
BSU_rRNA_13,282.3
BSU_rRNA_14,1002.4
BSU_rRNA_15,1037.5
BSU_rRNA_16,545.5
BSU_rRNA_17,928.5
BSU_rRNA_18,3350.8
BSU_rRNA_19,3585.6
BSU_rRNA_2,1112.2
BSU_rRNA_20,4899.2
BSU_rRNA_21,2931
BSU_rRNA_22,940.5
BSU_rRNA_23,584.5
BSU_rRNA_24,231.5
BSU_rRNA_25,706.1
BSU_rRNA_26,672.9
BSU_rRNA_27,1066.5
BSU_rRNA_28,185.4
BSU_rRNA_29,1061.7
BSU_rRNA_3,478.7
BSU_rRNA_30,978.7
BSU_rRNA_4,619.1
BSU_rRNA_5,879.2
BSU_rRNA_6,844.5
BSU_rRNA_7,1012.3
BSU_rRNA_8,625.2
BSU_rRNA_9,696
BSU_tRNA_1,457715.5
BSU_tRNA_10,1875483.4
BSU_tRNA_11,27923
BSU_tRNA_12,57545301.6
BSU_tRNA_13,467646.3
BSU_tRNA_14,93127.5
BSU_tRNA_15,116327.6
BSU_tRNA_16,5373146.1
BSU_tRNA_17,186525.3
BSU_tRNA_18,155099.2
BSU_tRNA_19,126915.6
BSU_tRNA_2,10324959.7
BSU_tRNA_20,984319.8
BSU_tRNA_21,1132039.7
BSU_tRNA_22,1286955.5
BSU_tRNA_23,438513.3
BSU_tRNA_24,1219548.7
BSU_tRNA_25,9629311.6
BSU_tRNA_26,113580.2
BSU_tRNA_27,105468.6
BSU_tRNA_28,941501.9
BSU_tRNA_29,1838627
BSU_tRNA_3,38900
BSU_tRNA_30,7105213.4
BSU_tRNA_31,35925.1
BSU_tRNA_32,56996218.7
BSU_tRNA_33,1674493.4
BSU_tRNA_34,1413481.5
BSU_tRNA_35,329807.3
BSU_tRNA_36,172774.2
BSU_tRNA_37,402065.4
BSU_tRNA_38,892063.1
BSU_tRNA_39,431166.9
BSU_tRNA_4,95429.7
BSU_tRNA_40,268185.2
BSU_tRNA_41,5637767.6
BSU_tRNA_42,490784.1
BSU_tRNA_43,370308.2
BSU_tRNA_44,253456.6
BSU_tRNA_45,1230076.9
BSU_tRNA_46,698003
BSU_tRNA_47,155209.1
BSU_tRNA_48,1477171.1
BSU_tRNA_49,75709.5
BSU_tRNA_5,1238029.8
BSU_tRNA_50,119628.1
BSU_tRNA_51,192436.6
BSU_tRNA_52,164252931.5
BSU_tRNA_53,194316.6
BSU_tRNA_54,131664.9
BSU_tRNA_55,352097.9
BSU_tRNA_56,15975515.7
BSU_tRNA_57,213268.7
BSU_tRNA_58,372063.7
BSU_tRNA_59,348273.2
BSU_tRNA_6,365437.3
BSU_tRNA_60,474309.6
BSU_tRNA_61,2317798.3
BSU_tRNA_62,430192.3
BSU_tRNA_63,4893621.6
BSU_tRNA_64,2277760.4
BSU_tRNA_65,2960440.8
BSU_tRNA_66,269712.7
BSU_tRNA_67,371447.1
BSU_tRNA_68,1587225
BSU_tRNA_69,1833788.6
BSU_tRNA_7,9560030.1
BSU_tRNA_70,1628059.7
BSU_tRNA_71,665020.1
BSU_tRNA_72,190411.2
BSU_tRNA_73,188941.9
BSU_tRNA_74,75139.3
BSU_tRNA_75,1644788.6
BSU_tRNA_76,481680.8
BSU_tRNA_77,389963.2
BSU_tRNA_78,62892208
BSU_tRNA_79,170941.8
BSU_tRNA_8,1237079.4
BSU_tRNA_80,1534984.6
BSU_tRNA_81,384061
BSU_tRNA_82,1509841.6
BSU_tRNA_83,949970.2
BSU_tRNA_84,3050998.4
BSU_tRNA_85,42287.7
BSU_tRNA_86,2249532.6
BSU_tRNA_9,359939
