Name,wildtype-rep1
CPE0001,32
CPE0002,87
CPE0003,11
CPE0004,223
CPE0005,33
CPE0006,61
CPE0007,142
CPE0008,52
CPE0009,16
CPE0010,21
CPE0011,49
CPE0012,134
CPE0013,70
CPE0014,96
CPE0015,0
CPE0016,7
CPE0017,3
CPE0018,2
CPE0019,407
CPE0020,20
CPE0021,37
CPE0022,21
CPE0023,90
CPE0024,16
CPE0025,146
CPE0026,71
CPE0027,21
CPE0028,129
CPE0029,22
CPE0030,128
CPE0031,60
CPE0032,406
CPE0033,8
CPE0034,5
CPE0035,203
CPE0036,279
CPE0037,1
CPE0038,3
CPE0039,2
CPE0040,1
CPE0041,115
CPE0042,13
CPE0043,38
CPE0044,14
CPE0045,50
CPE0046,453
CPE0047,48
CPE0048,50
CPE0049,42
CPE0050,3
CPE0051,22
CPE0052,10
CPE0053,43
CPE0054,7
CPE0055,20
CPE0056,100
CPE0057,38
CPE0058,18
CPE0059,25
CPE0060,19
CPE0061,60
CPE0062,109
CPE0063,45
CPE0064,21
CPE0065,46
CPE0066,4
CPE0067,7
CPE0068,43
CPE0069,31
CPE0070,51
CPE0071,52
CPE0072,20
CPE0073,27
CPE0074,17
CPE0075,394
CPE0076,22
CPE0077,1
CPE0078,10
CPE0079,155
CPE0080,17
CPE0081,58
CPE0082,4208
CPE0083,40
CPE0084,62
CPE0085,26
CPE0086,7
CPE0087,10
CPE0088,13
CPE0089,27
CPE0090,54
CPE0091,170
CPE0092,37
CPE0093,35
CPE0094,72
CPE0095,14
CPE0096,21
CPE0097,46
CPE0098,2457
CPE0099,2
CPE0100,4
CPE0101,5
CPE0102,210
CPE0103,495
CPE0104,236
CPE0105,19
CPE0106,31
CPE0107,283
CPE0108,71
CPE0109,86
CPE0110,215
CPE0111,59
CPE0112,102
CPE0113,2838
CPE0114,1182
CPE0115,47
CPE0116,16
CPE0117,30
CPE0118,36
CPE0119,26
CPE0120,38
CPE0121,0
CPE0122,2
CPE0123,21
CPE0124,2
CPE0125,7
CPE0126,39
CPE0127,1
CPE0128,5
CPE0129,4
CPE0130,1
CPE0131,12
CPE0132,45
CPE0133,36
CPE0134,1
CPE0135,652
CPE0136,66
CPE0137,50
CPE0138,53
CPE0139,22
CPE0140,19
CPE0141,0
CPE0142,4
CPE0143,5
CPE0144,30
CPE0145,4
CPE0146,0
CPE0147,35
CPE0148,70
CPE0149,9
CPE0150,4
CPE0151,11
CPE0152,6
CPE0153,3
CPE0154,8
CPE0155,2
CPE0156,2
CPE0157,1
CPE0158,5
CPE0159,169
CPE0160,17
CPE0161,20
CPE0162,143
CPE0163,2443
CPE0164,267
CPE0165,4182
CPE0166,7
CPE0167,3
CPE0168,1055
CPE0169,951
CPE0170,249
CPE0171,220
CPE0172,175
CPE0173,402
CPE0174,72
CPE0175,30
CPE0176,44
CPE0177,17
CPE0178,100
CPE0179,28
CPE0180,15
CPE0181,3
CPE0182,17
CPE0183,127
CPE0184,11
CPE0185,10
CPE0186,8
CPE0187,3
CPE0188,15
CPE0189,87
CPE0190,875
CPE0191,102
CPE0192,6
CPE0193,3
CPE0194,10
CPE0195,19
CPE0196,14
CPE0197,53
CPE0198,4
CPE0199,21
CPE0200,232
CPE0201,45
CPE0202,202
CPE0203,4
CPE0204,4
CPE0205,188
CPE0206,27
CPE0207,73
CPE0208,27
CPE0209,11
CPE0210,33
CPE0211,47
CPE0212,10
CPE0213,27
CPE0214,1545
CPE0215,18
CPE0216,43
CPE0217,147
CPE0218,89
CPE0219,4
CPE0220,7
CPE0221,0
CPE0222,0
CPE0223,0
CPE0224,0
CPE0225,0
CPE0226,2
CPE0227,4
CPE0228,3
CPE0229,2
CPE0230,34
CPE0231,22
CPE0232,0
CPE0233,1
CPE0234,1
CPE0235,4
CPE0236,12
CPE0237,5
CPE0238,496
CPE0239,140
CPE0240,3
CPE0241,10
CPE0242,7
CPE0243,96
CPE0244,87
CPE0245,11
CPE0246,3
CPE0247,2
CPE0248,3
CPE0249,4
CPE0250,58
CPE0251,118
CPE0252,7
CPE0253,19
CPE0254,4
CPE0255,20
CPE0256,74
CPE0257,20
CPE0258,11
CPE0259,196
CPE0260,31
CPE0261,33
CPE0262,442
CPE0263,80
CPE0264,0
CPE0265,38
CPE0266,10
CPE0267,696
CPE0268,933
CPE0269,67
CPE0270,53
CPE0271,28
CPE0272,50
CPE0273,101
CPE0274,27
CPE0275,2
CPE0276,0
CPE0277,36
CPE0278,474
CPE0279,8
CPE0280,25
CPE0281,863
CPE0282,172
CPE0283,35
CPE0284,81
CPE0285,42
CPE0286,122
CPE0287,3
CPE0288,749
CPE0289,6
CPE0290,48
CPE0291,218
CPE0292,174
CPE0293,85
CPE0294,484
CPE0295,308
CPE0296,110
CPE0297,271
CPE0298,7
CPE0299,214
CPE0300,526
CPE0301,28
CPE0302,67
CPE0303,27
CPE0304,161
CPE0305,44
CPE0306,69
CPE0307,40
CPE0308,56
CPE0309,44
CPE0310,31
CPE0311,9
CPE0312,9
CPE0313,19
CPE0314,35
CPE0315,42
CPE0316,10
CPE0317,20
CPE0318,25
CPE0319,14
CPE0320,14
CPE0321,11
CPE0322,13
CPE0323,13
CPE0324,19
CPE0325,26
CPE0326,9
CPE0327,10
CPE0328,18
CPE0329,80
CPE0330,18
CPE0331,7
CPE0332,5
CPE0333,30
CPE0334,77
CPE0335,132
CPE0336,11
CPE0337,11
CPE0338,17
CPE0339,15
CPE0340,4
CPE0341,47
CPE0342,8
CPE0343,23
CPE0344,3
CPE0345,3
CPE0346,2
CPE0347,22
CPE0348,74
CPE0349,91
CPE0350,67
CPE0351,74
CPE0352,27
CPE0353,66
CPE0354,27
CPE0355,15
CPE0356,11
CPE0357,1
CPE0358,1
CPE0359,1
CPE0360,188
CPE0361,65
CPE0362,255
CPE0363,8
CPE0364,22
CPE0365,48
CPE0366,11
CPE0367,24
CPE0368,4
CPE0369,22
CPE0370,4
CPE0371,56
CPE0372,3
CPE0373,10
CPE0374,18
CPE0375,51
CPE0376,86
CPE0377,10
CPE0378,31
CPE0379,68
CPE0380,45
CPE0381,195
CPE0382,3
CPE0383,2
CPE0384,66
CPE0385,166
CPE0386,9
CPE0387,17
CPE0388,26
CPE0389,159
CPE0390,108
CPE0391,39
CPE0392,16
CPE0393,91
CPE0394,78
CPE0395,78
CPE0396,50
CPE0397,49
CPE0398,2
CPE0399,10
CPE0400,14
CPE0401,9
CPE0402,14
CPE0403,38
CPE0404,8
CPE0405,142
CPE0406,51
CPE0407,6
CPE0408,4
CPE0409,12
CPE0410,6
CPE0411,32
CPE0412,22
CPE0413,163
CPE0414,21
CPE0415,18
CPE0416,196
CPE0417,29
CPE0418,14
CPE0419,47
CPE0420,18
CPE0421,50
CPE0422,54
CPE0423,27
CPE0424,74
CPE0425,65
CPE0426,11
CPE0427,1
CPE0428,1
CPE0429,35
CPE0430,29
CPE0431,3
CPE0432,0
CPE0433,72
CPE0434,285
CPE0435,165
CPE0436,414
CPE0437,138
CPE0438,46
CPE0439,27
CPE0440,8
CPE0441,21
CPE0442,1397
CPE0443,2
CPE0444,8
CPE0445,2
CPE0446,6
CPE0447,117
CPE0448,9
CPE0449,11
CPE0450,11
CPE0451,18
CPE0452,238
CPE0453,11
CPE0454,6
CPE0455,174
CPE0456,94
CPE0457,71
CPE0458,485
CPE0459,8
CPE0460,21
CPE0461,7
CPE0462,4
CPE0463,6
CPE0464,3
CPE0465,5
CPE0466,2
CPE0467,7
CPE0468,2
CPE0469,1
CPE0470,6
CPE0471,86
CPE0472,11
CPE0473,20
CPE0474,15
CPE0475,15
CPE0476,15
CPE0477,28
CPE0478,11
CPE0479,13
CPE0480,17
CPE0481,13
CPE0482,24
CPE0483,19
CPE0484,22
CPE0485,13
CPE0486,9
CPE0487,17
CPE0488,27
CPE0489,68
CPE0490,77
CPE0491,41
CPE0492,43
CPE0493,24
CPE0494,19
CPE0495,6
CPE0496,17
CPE0497,18
CPE0498,16
CPE0499,25
CPE0500,22
CPE0501,31
CPE0502,42
CPE0503,58
CPE0504,66
CPE0505,59
CPE0506,135
CPE0507,65
CPE0508,16
CPE0509,58
CPE0510,75
CPE0511,0
CPE0512,107
CPE0513,37
CPE0514,0
CPE0515,0
CPE0516,0
CPE0517,4
CPE0518,1
CPE0519,13
CPE0520,93
CPE0521,8
CPE0522,3
CPE0523,7
CPE0524,98
CPE0525,12
CPE0526,12
CPE0527,12
CPE0528,24
CPE0529,51
CPE0530,104
CPE0531,34
CPE0532,19
CPE0533,30
CPE0534,144
CPE0535,1
CPE0536,25
CPE0537,40
CPE0538,55
CPE0539,30
CPE0540,24
CPE0541,40
CPE0542,18
CPE0543,3
CPE0544,225
CPE0545,687
CPE0546,994
CPE0547,133
CPE0548,94
CPE0549,57
CPE0550,110
CPE0551,152
CPE0552,110
CPE0553,41
CPE0554,119
CPE0555,13
CPE0556,0
CPE0557,46
CPE0558,26
CPE0559,1
CPE0560,4
CPE0561,2
CPE0562,5
CPE0563,11
CPE0564,9
CPE0565,179
CPE0566,6
CPE0567,0
CPE0568,3
CPE0569,7
CPE0570,43
CPE0571,13
CPE0572,490
CPE0573,426
CPE0574,60
CPE0575,21
CPE0576,592
CPE0577,252
CPE0578,218
CPE0579,18
CPE0580,7
CPE0581,1
CPE0582,36
CPE0583,30
CPE0584,83
CPE0585,35
CPE0586,90
CPE0587,1
CPE0588,73
CPE0589,180
CPE0590,3
CPE0591,16
CPE0592,18
CPE0593,32
CPE0594,41
CPE0595,51
CPE0596,105
CPE0597,53
CPE0598,166
CPE0599,46
CPE0600,1
CPE0601,1
CPE0602,2
CPE0603,90
CPE0604,97
CPE0605,205
CPE0606,88
CPE0607,258
CPE0608,0
CPE0609,39
CPE0610,17
CPE0611,72
CPE0612,40
CPE0613,45
CPE0614,19
CPE0615,13
CPE0616,31
CPE0617,3
CPE0618,9
CPE0619,10
CPE0620,16
CPE0621,20
CPE0622,18
CPE0623,26
CPE0624,64
CPE0625,597
CPE0626,147
CPE0627,643
CPE0628,377
CPE0629,446
CPE0630,40
CPE0631,78
CPE0632,124
CPE0633,32
CPE0634,17
CPE0635,36
CPE0636,67
CPE0637,28
CPE0638,37
CPE0639,21
CPE0640,48
CPE0641,108
CPE0642,40
CPE0643,371
CPE0644,527
CPE0645,201
CPE0646,7361
CPE0647,0
CPE0648,2
CPE0649,2
CPE0650,18
CPE0651,10
CPE0652,86
CPE0653,21
CPE0654,69
CPE0655,81
CPE0656,72
CPE0657,132
CPE0658,14
CPE0659,88
CPE0660,36
CPE0661,11
CPE0662,246
CPE0663,523
CPE0664,241
CPE0665,10
CPE0666,18
CPE0667,16
CPE0668,11
CPE0669,1059
CPE0670,31
CPE0671,31
CPE0672,268
CPE0673,11
CPE0674,35
CPE0675,1
CPE0676,22
CPE0677,56
CPE0678,8
CPE0679,10
CPE0680,4
CPE0681,1
CPE0682,1
CPE0683,1
CPE0684,1
CPE0685,5
CPE0686,7
CPE0687,3
CPE0688,162
CPE0689,4635
CPE0690,0
CPE0691,3
CPE0692,91
CPE0693,137
CPE0694,65
CPE0695,11
CPE0696,11
CPE0697,20
CPE0698,45
CPE0699,4
CPE0700,24
CPE0701,13
CPE0702,26
CPE0703,14
CPE0704,4
CPE0705,3
CPE0706,5
CPE0707,57
CPE0708,31
CPE0709,53
CPE0710,14
CPE0711,12
CPE0712,19
CPE0713,45
CPE0714,133
CPE0715,164
CPE0716,0
CPE0717,6
CPE0718,26
CPE0719,19
CPE0720,43
CPE0721,42
CPE0722,29
CPE0723,26
CPE0724,1
CPE0725,6
CPE0726,2
CPE0727,21
CPE0728,5
CPE0729,2
CPE0730,9
CPE0731,4
CPE0732,27
CPE0733,47
CPE0734,111
CPE0735,40
CPE0736,14
CPE0737,15
CPE0738,47
CPE0739,10
CPE0740,52
CPE0741,35
CPE0742,28
CPE0743,103
CPE0744,48
CPE0745,3
CPE0746,7
CPE0747,8
CPE0748,10
CPE0749,44
CPE0750,14
CPE0751,0
CPE0752,92
CPE0753,93
CPE0754,38
CPE0755,84
CPE0756,9
CPE0757,4
CPE0758,37
CPE0759,50
CPE0760,18
CPE0761,16
CPE0762,125
CPE0763,62
CPE0764,0
CPE0765,9
CPE0766,38
CPE0767,23
CPE0768,3573
CPE0769,10
CPE0770,12
CPE0771,7
CPE0772,41
CPE0773,1
CPE0774,19
CPE0775,24
CPE0776,24
CPE0777,1
CPE0778,172
CPE0779,27
CPE0780,74
CPE0781,97
CPE0782,428
CPE0783,103
CPE0784,38
CPE0785,5
CPE0786,6
CPE0787,31
CPE0788,72
CPE0789,128
CPE0790,34
CPE0791,92
CPE0792,22
CPE0793,2
CPE0794,4
CPE0795,6
CPE0796,31
CPE0797,103
CPE0798,8
CPE0799,18
CPE0800,5
CPE0801,139
CPE0802,0
CPE0803,1
CPE0804,129
CPE0805,8
CPE0806,93
CPE0807,3
CPE0808,149
CPE0809,475
CPE0810,19
CPE0811,2
CPE0812,2
CPE0813,0
CPE0814,52
CPE0815,19
CPE0816,10
CPE0817,18
CPE0818,135
CPE0819,2
CPE0820,19
CPE0821,125
CPE0822,145
CPE0823,224
CPE0824,204
CPE0825,15
CPE0826,101
CPE0827,388
CPE0828,87
CPE0829,180
CPE0830,1
CPE0831,59
CPE0832,2
CPE0833,31
CPE0834,20
CPE0835,39
CPE0836,27
CPE0837,6
CPE0838,4
CPE0839,20
CPE0840,20
CPE0841,15
CPE0842,1
CPE0843,4
CPE0844,150
CPE0845,805
CPE0846,511
CPE0847,1
CPE0848,21
CPE0849,7
CPE0850,4
CPE0851,7
CPE0852,36
CPE0853,62
CPE0854,35
CPE0855,28
CPE0856,23
CPE0857,138
CPE0858,86
CPE0859,14
CPE0860,7
CPE0861,3
CPE0862,35
CPE0863,161
CPE0864,17
CPE0865,2
CPE0866,34
CPE0867,0
CPE0868,35
CPE0869,20
CPE0870,43
CPE0871,87
CPE0872,55
CPE0873,0
CPE0874,25
CPE0875,82
CPE0876,35
CPE0877,103
CPE0878,149
CPE0879,32
CPE0880,0
CPE0881,80
CPE0882,67
CPE0883,38
CPE0884,43
CPE0885,59
CPE0886,11
CPE0887,6
CPE0888,45
CPE0889,28
CPE0890,9
CPE0891,5
CPE0892,57
CPE0893,140
CPE0894,35
CPE0895,31
CPE0896,65
CPE0897,31
CPE0898,10
CPE0899,1
CPE0900,3
CPE0901,1
CPE0902,4
CPE0903,97
CPE0904,4
CPE0905,4
CPE0906,11
CPE0907,2
CPE0908,3
CPE0909,11
CPE0910,8
CPE0911,43
CPE0912,27
CPE0913,17
CPE0914,28
CPE0915,36
CPE0916,30
CPE0917,19
CPE0918,10
CPE0919,0
CPE0920,4
CPE0921,1
CPE0922,202
CPE0923,88
CPE0924,467
CPE0925,9
CPE0926,519
CPE0927,15
CPE0928,34
CPE0929,8
CPE0930,1
CPE0931,1
CPE0932,2
CPE0933,1
CPE0934,3
CPE0935,1
CPE0936,25
CPE0937,86
CPE0938,79
CPE0939,345
CPE0940,2
CPE0941,1
CPE0942,10
CPE0943,17
CPE0944,23
CPE0945,35
CPE0946,1
CPE0947,62
CPE0948,25
CPE0949,66
CPE0950,80
CPE0951,24
CPE0952,0
CPE0953,55
CPE0954,31
CPE0955,1
CPE0956,9
CPE0957,1104
CPE0958,50
CPE0959,0
CPE0960,16
CPE0961,64
CPE0962,31
CPE0963,154
CPE0964,3
CPE0965,40
CPE0966,46
CPE0967,229
CPE0968,12
CPE0969,31
CPE0970,29
CPE0971,5
CPE0972,11
CPE0973,32
CPE0974,130
CPE0975,35
CPE0976,19
CPE0977,74
CPE0978,29
CPE0979,383
CPE0980,5
CPE0981,66
CPE0982,206
CPE0983,130
CPE0984,2
CPE0985,352
CPE0986,323
CPE0987,5
CPE0988,8
CPE0989,6
CPE0990,37
CPE0991,41
CPE0992,275
CPE0993,60
CPE0994,28
CPE0995,258
CPE0996,49
CPE0997,45
CPE0998,68
CPE0999,2650
CPE1000,19
CPE1001,9
CPE1002,22
CPE1003,84
CPE1004,153
CPE1005,16
CPE1006,547
CPE1007,14
CPE1008,19
CPE1009,398
CPE1010,6
CPE1011,6
CPE1012,483
CPE1013,252
CPE1014,485
CPE1015,207
CPE1016,44
CPE1017,26
CPE1018,20
CPE1019,16
CPE1020,15
CPE1021,17
CPE1022,34
CPE1023,3
CPE1024,0
CPE1025,6
CPE1026,52
CPE1027,9
CPE1028,18
CPE1029,15
CPE1030,1013
CPE1031,71
CPE1032,5
CPE1033,7
CPE1034,13
CPE1035,7
CPE1036,12
CPE1037,5
CPE1038,12
CPE1039,9
CPE1040,7
CPE1041,120
CPE1042,35
CPE1043,16
CPE1044,25
CPE1045,117
CPE1046,7
CPE1047,1
CPE1048,9
CPE1049,46
CPE1050,1
CPE1051,56
CPE1052,7
CPE1053,1
CPE1054,0
CPE1055,18
CPE1056,31
CPE1057,185
CPE1058,24
CPE1059,71
CPE1060,129
CPE1061,38
CPE1062,0
CPE1063,0
CPE1064,1
CPE1065,1
CPE1066,147
CPE1067,94
CPE1068,65
CPE1069,46
CPE1070,38
CPE1071,66
CPE1072,26
CPE1073,29
CPE1074,40
CPE1075,34
CPE1076,96
CPE1077,161
CPE1078,1
CPE1079,123
CPE1080,23
CPE1081,10
CPE1082,29
CPE1083,31
CPE1084,24
CPE1085,34
CPE1086,67
CPE1087,1
CPE1088,387
CPE1089,12
CPE1090,18
CPE1091,107
CPE1092,71
CPE1093,83
CPE1094,63
CPE1095,1
CPE1096,19
CPE1097,33
CPE1098,13
CPE1099,5
CPE1100,2
CPE1101,2
CPE1102,6
CPE1103,3
CPE1104,1
CPE1105,0
CPE1106,2
CPE1107,2
CPE1108,2
CPE1109,0
CPE1110,0
CPE1111,0
CPE1112,0
CPE1113,0
CPE1114,0
CPE1115,0
CPE1116,0
CPE1117,0
CPE1118,0
CPE1119,0
CPE1120,0
CPE1121,0
CPE1122,1
CPE1123,0
CPE1124,0
CPE1125,0
CPE1126,1
CPE1127,1
CPE1128,0
CPE1129,1
CPE1130,0
CPE1131,0
CPE1132,4
CPE1133,1
CPE1134,0
CPE1135,0
CPE1136,0
CPE1137,0
CPE1138,3
CPE1139,0
CPE1140,0
CPE1141,0
CPE1142,146
CPE1143,7
CPE1144,47
CPE1145,5
CPE1146,40
CPE1147,10
CPE1148,11
CPE1149,26
CPE1150,10
CPE1151,24
CPE1152,34
CPE1153,146
CPE1154,32
CPE1155,55
CPE1156,38
CPE1157,33
CPE1158,585
CPE1159,40
CPE1160,17
CPE1161,179
CPE1162,106
CPE1163,20
CPE1164,3
CPE1165,246
CPE1166,40
CPE1167,742
CPE1168,80
CPE1169,91
CPE1170,59
CPE1171,185
CPE1172,56
CPE1173,66
CPE1174,142
CPE1175,10
CPE1176,185
CPE1177,8
CPE1178,0
CPE1179,1
CPE1180,0
CPE1181,0
CPE1182,0
CPE1183,7
CPE1184,1105
CPE1185,220
CPE1186,79
CPE1187,78
CPE1188,49
CPE1189,63
CPE1190,11
CPE1191,118
CPE1192,32
CPE1193,30
CPE1194,16
CPE1195,81
CPE1196,138
CPE1197,48
CPE1198,34
CPE1199,41
CPE1200,18
CPE1201,34
CPE1202,3
CPE1203,84
CPE1204,55
CPE1205,82
CPE1206,20
CPE1207,61
CPE1208,322
CPE1209,2112
CPE1210,1361
CPE1211,348
CPE1212,214
CPE1213,9
CPE1214,19
CPE1215,16
CPE1216,7
CPE1217,27
CPE1218,31
CPE1219,20
CPE1220,19
CPE1221,19
CPE1222,14
CPE1223,13
CPE1224,8
CPE1225,8
CPE1226,12
CPE1227,33
CPE1228,26
CPE1229,262
CPE1230,0
CPE1231,56
CPE1232,271
CPE1233,153
CPE1234,69
CPE1235,14
CPE1236,371
CPE1237,83
CPE1238,15
CPE1239,25
CPE1240,55
CPE1241,129
CPE1242,7
CPE1243,15
CPE1244,22
CPE1245,42
CPE1246,13
CPE1247,84
CPE1248,41
CPE1249,98
CPE1250,30
CPE1251,51
CPE1252,439
CPE1253,3
CPE1254,5
CPE1255,3
CPE1256,8
CPE1257,99
CPE1258,83
CPE1259,22
CPE1260,228
CPE1261,87
CPE1262,0
CPE1263,34
CPE1264,10
CPE1265,16
CPE1266,33
CPE1267,3
CPE1268,11
CPE1269,1
CPE1270,1
CPE1271,4
CPE1272,1
CPE1273,4
CPE1274,30
CPE1275,22
CPE1276,11
CPE1277,79
CPE1278,143
CPE1279,162
CPE1280,4
CPE1281,153
CPE1282,4
CPE1283,16
CPE1284,43
CPE1285,17
CPE1286,14
CPE1287,34
CPE1288,49
CPE1289,67
CPE1290,74
CPE1291,11512
CPE1292,204
CPE1293,2
CPE1294,52
CPE1295,226
CPE1296,37
CPE1297,160
CPE1298,1
CPE1299,792
CPE1300,23
CPE1301,249
CPE1302,241
CPE1303,152
CPE1304,1821
CPE1305,77
CPE1306,66
CPE1307,19
CPE1308,23
CPE1309,1
CPE1310,36
CPE1311,29
CPE1312,8
CPE1313,349
CPE1314,42
CPE1315,51
CPE1316,47
CPE1317,30
CPE1318,50
CPE1319,132
CPE1320,37
CPE1321,90
CPE1322,104
CPE1323,21
CPE1324,0
CPE1325,0
CPE1326,1
CPE1327,43
CPE1328,163
CPE1329,300
CPE1330,7
CPE1331,4
CPE1332,4
CPE1333,1
CPE1334,3
CPE1335,42
CPE1336,2
CPE1337,0
CPE1338,2
CPE1339,34
CPE1340,67
CPE1341,29
CPE1342,14
CPE1343,23
CPE1344,89
CPE1345,52
CPE1346,36
CPE1347,57
CPE1348,0
CPE1349,1
CPE1350,325
CPE1351,10
CPE1352,37
CPE1353,30
CPE1354,64
CPE1355,3
CPE1356,0
CPE1357,75
CPE1358,24
CPE1359,6
CPE1360,4
CPE1361,6
CPE1362,85
CPE1363,23
CPE1364,21
CPE1365,22
CPE1366,22
CPE1367,10
CPE1368,72
CPE1369,116
CPE1370,21
CPE1371,285
CPE1372,26
CPE1373,69
CPE1374,21
CPE1375,49
CPE1376,15
CPE1377,738
CPE1378,39
CPE1379,19
CPE1380,27
CPE1381,3
CPE1382,197
CPE1383,0
CPE1384,0
CPE1385,5
CPE1386,0
CPE1387,0
CPE1388,0
CPE1389,81
CPE1390,167
CPE1391,15
CPE1392,233
CPE1393,108
CPE1394,273
CPE1395,11
CPE1396,25
CPE1397,64
CPE1398,670
CPE1399,107
CPE1400,85
CPE1401,21
CPE1402,122
CPE1403,43
CPE1404,2
CPE1405,0
CPE1406,9
CPE1407,17
CPE1408,33
CPE1409,0
CPE1410,0
CPE1411,5
CPE1412,18
CPE1413,17
CPE1414,173
CPE1415,69
CPE1416,7
CPE1417,5
CPE1418,124
CPE1419,95
CPE1420,5
CPE1421,794
CPE1422,176
CPE1423,5
CPE1424,19
CPE1425,21
CPE1426,11
CPE1427,2
CPE1428,563
CPE1429,67
CPE1430,19
CPE1431,37
CPE1432,36
CPE1433,28
CPE1434,20
CPE1435,15
CPE1436,2
CPE1437,11
CPE1438,7
CPE1439,5
CPE1440,4
CPE1441,4
CPE1442,14
CPE1443,36
CPE1444,28
CPE1445,66
CPE1446,83
CPE1447,44
CPE1448,53
CPE1449,10
CPE1450,20
CPE1451,10
CPE1452,179
CPE1453,146
CPE1454,86
CPE1455,0
CPE1456,26
CPE1457,26
CPE1458,1
CPE1459,12
CPE1460,4
CPE1461,7
CPE1462,60
CPE1463,445
CPE1464,203
CPE1465,114
CPE1466,70
CPE1467,385
CPE1468,25
CPE1469,3
CPE1470,66
CPE1471,62
CPE1472,141
CPE1473,144
CPE1474,2675
CPE1475,183
CPE1476,104
CPE1477,0
CPE1478,7
CPE1479,7
CPE1480,4
CPE1481,60
CPE1482,122
CPE1483,78
CPE1484,58
CPE1485,10
CPE1486,16
CPE1487,260
CPE1488,20
CPE1489,238
CPE1490,17
CPE1491,50
CPE1492,42
CPE1493,46
CPE1494,30
CPE1495,31
CPE1496,29
CPE1497,86
CPE1498,73
CPE1499,49
CPE1500,46
CPE1501,27
CPE1502,55
CPE1503,63
CPE1504,151
CPE1505,47
CPE1506,83
CPE1507,140
CPE1508,70
CPE1509,12
CPE1510,11
CPE1511,0
CPE1512,61
CPE1513,6
CPE1514,9
CPE1515,19
CPE1516,30
CPE1517,17
CPE1518,125
CPE1519,328
CPE1520,16
CPE1521,17
CPE1522,18
CPE1523,145
CPE1524,7
CPE1525,72
CPE1526,65
CPE1527,7
CPE1528,150
CPE1529,454
CPE1530,2
CPE1531,84
CPE1532,129
CPE1533,110
CPE1534,251
CPE1535,12
CPE1536,3
CPE1537,3
CPE1538,2
CPE1539,165
CPE1540,107
CPE1541,68
CPE1542,140
CPE1543,6
CPE1544,8
CPE1545,6
CPE1546,472
CPE1547,104
CPE1548,62
CPE1549,114
CPE1550,19
CPE1551,71
CPE1552,15
CPE1553,0
CPE1554,125
CPE1555,126
CPE1556,54
CPE1557,10
CPE1558,2
CPE1559,3
CPE1560,147
CPE1561,4738
CPE1562,184
CPE1563,370
CPE1564,22
CPE1565,52
CPE1566,10
CPE1567,46
CPE1568,102
CPE1569,29
CPE1570,433
CPE1571,90
CPE1572,23
CPE1573,141
CPE1574,21
CPE1575,15
CPE1576,23
CPE1577,1
CPE1578,0
CPE1579,2
CPE1580,0
CPE1581,21
CPE1582,10
CPE1583,12
CPE1584,27
CPE1585,71
CPE1586,0
CPE1587,26
CPE1588,67
CPE1589,2
CPE1590,11
CPE1591,6
CPE1592,237
CPE1593,122
CPE1594,8
CPE1595,35
CPE1596,45
CPE1597,4
CPE1598,244
CPE1599,2
CPE1600,2
CPE1601,1
CPE1602,3
CPE1603,0
CPE1604,19
CPE1605,82
CPE1606,24
CPE1607,13
CPE1608,25
CPE1609,37
CPE1610,96
CPE1611,15
CPE1612,5
CPE1613,21
CPE1614,81
CPE1615,21
CPE1616,0
CPE1617,47
CPE1618,126
CPE1619,114
CPE1620,1
CPE1621,157
CPE1622,6
CPE1623,56
CPE1624,6
CPE1625,112
CPE1626,756
CPE1627,282
CPE1628,294
CPE1629,550
CPE1630,720
CPE1631,1174
CPE1632,1418
CPE1633,313
CPE1634,370
CPE1635,148
CPE1636,293
CPE1637,167
CPE1638,178
CPE1639,57
CPE1640,179
CPE1641,108
CPE1642,76
CPE1643,135
CPE1644,47
CPE1645,164
CPE1646,248
CPE1647,2
CPE1648,2
CPE1649,3
CPE1650,86
CPE1651,51
CPE1652,2
CPE1653,183
CPE1654,364
CPE1655,7
CPE1656,145
CPE1657,2
CPE1658,109
CPE1659,100
CPE1660,161
CPE1661,204
CPE1662,87
CPE1663,23
CPE1664,151
CPE1665,8
CPE1666,78
CPE1667,9
CPE1668,98
CPE1669,1175
CPE1670,150
CPE1671,419
CPE1672,767
CPE1673,163
CPE1674,86
CPE1675,144
CPE1676,21
CPE1677,54
CPE1678,52
CPE1679,44
CPE1680,172
CPE1681,1349
CPE1682,29
CPE1683,30
CPE1684,41
CPE1685,100
CPE1686,101
CPE1687,51
CPE1688,25
CPE1689,66
CPE1690,78
CPE1691,52
CPE1692,133
CPE1693,57
CPE1694,92
CPE1695,58
CPE1696,24
CPE1697,107
CPE1698,52
CPE1699,583
CPE1700,444
CPE1701,161
CPE1702,47
CPE1703,22
CPE1704,0
CPE1705,1
CPE1706,12
CPE1707,17
CPE1708,776
CPE1709,14
CPE1710,21
CPE1711,400
CPE1712,869
CPE1713,254
CPE1714,20
CPE1715,14
CPE1716,63
CPE1717,98
CPE1718,48
CPE1719,1370
CPE1720,23
CPE1721,16
CPE1722,651
CPE1723,1085
CPE1724,106
CPE1725,50
CPE1726,11
CPE1727,8
CPE1728,40
CPE1729,66
CPE1730,79
CPE1731,63
CPE1732,165
CPE1733,94
CPE1734,465
CPE1735,45
CPE1736,42
CPE1737,63
CPE1738,149
CPE1739,39
CPE1740,73
CPE1741,53
CPE1742,24
CPE1743,49
CPE1744,59
CPE1745,53
CPE1746,74
CPE1747,19
CPE1748,21
CPE1749,19
CPE1750,48
CPE1751,7
CPE1752,4
CPE1753,30
CPE1754,77
CPE1755,62
CPE1756,86
CPE1757,43
CPE1758,65
CPE1759,374
CPE1760,1
CPE1761,29
CPE1762,6
CPE1763,29
CPE1764,1
CPE1765,335
CPE1766,192
CPE1767,108
CPE1768,2
CPE1769,1
CPE1770,145
CPE1771,116
CPE1772,38
CPE1773,80
CPE1774,73
CPE1775,344
CPE1776,105
CPE1777,67
CPE1778,131
CPE1779,1546
CPE1780,37
CPE1781,0
CPE1782,2
CPE1783,262
CPE1784,258
CPE1785,338
CPE1786,375
CPE1787,5
CPE1788,3
CPE1789,15
CPE1790,13
CPE1791,17
CPE1792,17
CPE1793,7
CPE1794,27
CPE1795,28
CPE1796,11
CPE1797,18
CPE1798,5
CPE1799,0
CPE1800,2
CPE1801,0
CPE1802,4
CPE1803,5
CPE1804,7
CPE1805,14
CPE1806,13
CPE1807,757
CPE1808,5
CPE1809,3
CPE1810,37
CPE1811,6
CPE1812,329
CPE1813,387
CPE1814,1
CPE1815,49
CPE1816,12
CPE1817,35
CPE1818,19
CPE1819,74
CPE1820,23
CPE1821,1
CPE1822,19
CPE1823,71
CPE1824,50
CPE1825,1074
CPE1826,5
CPE1827,6
CPE1828,2
CPE1829,1
CPE1830,0
CPE1831,0
CPE1832,0
CPE1833,2
CPE1834,28
CPE1835,505
CPE1836,1
CPE1837,2
CPE1838,5
CPE1839,0
CPE1840,1
CPE1841,1
CPE1842,1
CPE1843,0
CPE1844,3
CPE1845,106
CPE1846,36
CPE1847,38
CPE1848,31
CPE1849,28
CPE1850,44
CPE1851,407
CPE1852,235
CPE1853,191
CPE1854,271
CPE1855,29
CPE1856,17
CPE1857,28
CPE1858,54
CPE1859,146
CPE1860,80
CPE1861,27
CPE1862,36
CPE1863,80
CPE1864,366
CPE1865,163
CPE1866,63
CPE1867,0
CPE1868,12
CPE1869,27
CPE1870,18
CPE1871,36
CPE1872,22
CPE1873,126
CPE1874,7
CPE1875,58
CPE1876,50
CPE1877,27
CPE1878,21
CPE1879,22
CPE1880,40
CPE1881,65
CPE1882,60
CPE1883,43
CPE1884,141
CPE1885,29
CPE1886,17
CPE1887,17
CPE1888,14
CPE1889,21
CPE1890,16
CPE1891,35
CPE1892,381
CPE1893,415
CPE1894,432
CPE1895,7
CPE1896,7
CPE1897,61
CPE1898,31
CPE1899,14
CPE1900,1
CPE1901,146
CPE1902,123
CPE1903,1
CPE1904,96
CPE1905,98
CPE1906,92
CPE1907,30
CPE1908,24
CPE1909,380
CPE1910,322
CPE1911,3
CPE1912,223
CPE1913,208
CPE1914,67
CPE1915,2
CPE1916,18
CPE1917,24
CPE1918,13
CPE1919,27
CPE1920,6
CPE1921,4
CPE1922,26
CPE1923,23
CPE1924,45
CPE1925,24
CPE1926,14
CPE1927,7
CPE1928,16
CPE1929,187
CPE1930,81
CPE1931,46
CPE1932,63
CPE1933,201
CPE1934,25
CPE1935,32
CPE1936,48
CPE1937,61
CPE1938,205
CPE1939,107
CPE1940,60
CPE1941,214
CPE1942,164
CPE1943,186
CPE1944,223
CPE1945,519
CPE1946,13
CPE1947,31
CPE1948,25
CPE1949,16
CPE1950,46
CPE1951,1326
CPE1952,49
CPE1953,520
CPE1954,45
CPE1955,18
CPE1956,9
CPE1957,4
CPE1958,6
CPE1959,80
CPE1960,314
CPE1961,4
CPE1962,133
CPE1963,111
CPE1964,119
CPE1965,14
CPE1966,24
CPE1967,8
CPE1968,12
CPE1969,16
CPE1970,16
CPE1971,21
CPE1972,76
CPE1973,20
CPE1974,4
CPE1975,5
CPE1976,44
CPE1977,53
CPE1978,6
CPE1979,66
CPE1980,35
CPE1981,27
CPE1982,4
CPE1983,14
CPE1984,18
CPE1985,12
CPE1986,18
CPE1987,11
CPE1988,28
CPE1989,14
CPE1990,7
CPE1991,34
CPE1992,53
CPE1993,35
CPE1994,66
CPE1995,10
CPE1996,0
CPE1997,277
CPE1998,33
CPE1999,46
CPE2000,6
CPE2001,140
CPE2002,54
CPE2003,70
CPE2004,47
CPE2005,54
CPE2006,40
CPE2007,293
CPE2008,122
CPE2009,228
CPE2010,3
CPE2011,407
CPE2012,175
CPE2013,48
CPE2014,55
CPE2015,160
CPE2016,102
CPE2017,51
CPE2018,36
CPE2019,114
CPE2020,104
CPE2021,1
CPE2022,737
CPE2023,571
CPE2024,154
CPE2025,28
CPE2026,24
CPE2027,57
CPE2028,16
CPE2029,19
CPE2030,6
CPE2031,20
CPE2032,66
CPE2033,130
CPE2034,38
CPE2035,202
CPE2036,7
CPE2037,12
CPE2038,109
CPE2039,0
CPE2040,9
CPE2041,2
CPE2042,1067
CPE2043,53
CPE2044,17
CPE2045,0
CPE2046,1
CPE2047,1
CPE2048,65
CPE2049,25
CPE2050,31
CPE2051,12
CPE2052,668
CPE2053,331
CPE2054,2
CPE2055,279
CPE2056,48
CPE2057,1055
CPE2058,95
CPE2059,21
CPE2060,110
CPE2061,1101
CPE2062,87
CPE2063,7
CPE2064,1
CPE2065,11
CPE2066,11
CPE2067,108
CPE2068,92
CPE2069,7
CPE2070,9
CPE2071,594
CPE2072,0
CPE2073,3
CPE2074,119
CPE2075,154
CPE2076,7
CPE2077,5
CPE2078,23
CPE2079,44
CPE2080,14
CPE2081,46
CPE2082,44
CPE2083,43
CPE2084,20
CPE2085,16
CPE2086,27
CPE2087,59
CPE2088,31
CPE2089,77
CPE2090,144
CPE2091,42
CPE2092,72
CPE2093,143
CPE2094,29
CPE2095,5
CPE2096,15
CPE2097,15
CPE2098,8
CPE2099,15
CPE2100,19
CPE2101,7
CPE2102,21
CPE2103,26
CPE2104,4
CPE2105,1
CPE2106,1
CPE2107,8
CPE2108,2
CPE2109,138
CPE2110,260
CPE2111,185
CPE2112,1
CPE2113,2
CPE2114,96
CPE2115,90
CPE2116,30
CPE2117,43
CPE2118,21
CPE2119,2
CPE2120,1
CPE2121,47
CPE2122,64
CPE2123,18
CPE2124,21
CPE2125,27
CPE2126,43
CPE2127,79
CPE2128,805
CPE2129,541
CPE2130,411
CPE2131,12
CPE2132,10
CPE2133,29
CPE2134,0
CPE2135,8
CPE2136,154
CPE2137,104
CPE2138,146
CPE2139,128
CPE2140,103
CPE2141,11
CPE2142,33
CPE2143,274
CPE2144,70
CPE2145,71
CPE2146,50
CPE2147,30
CPE2148,215
CPE2149,117
CPE2150,114
CPE2151,159
CPE2152,189
CPE2153,458
CPE2154,51
CPE2155,26
CPE2156,123
CPE2157,1
CPE2158,391
CPE2159,45
CPE2160,56
CPE2161,39
CPE2162,24
CPE2163,219
CPE2164,21
CPE2165,21
CPE2166,20
CPE2167,38
CPE2168,24
CPE2169,2
CPE2170,88
CPE2171,302
CPE2172,1421
CPE2173,31
CPE2174,26
CPE2175,113
CPE2176,184
CPE2177,60
CPE2178,0
CPE2179,4
CPE2180,60
CPE2181,1
CPE2182,17
CPE2183,6
CPE2184,9
CPE2185,2
CPE2186,191
CPE2187,262
CPE2188,87
CPE2189,335
CPE2190,72
CPE2191,99
CPE2192,118
CPE2193,402
CPE2194,175
CPE2195,1475
CPE2196,125
CPE2197,129
CPE2198,34
CPE2199,148
CPE2200,109
CPE2201,30
CPE2202,105
CPE2203,31
CPE2204,32
CPE2205,994
CPE2206,34
CPE2207,223
CPE2208,92
CPE2209,40
CPE2210,50
CPE2211,8
CPE2212,34
CPE2213,7
CPE2214,0
CPE2215,43
CPE2216,920
CPE2217,0
CPE2218,24
CPE2219,0
CPE2220,2
CPE2221,0
CPE2222,2
CPE2223,0
CPE2224,1
CPE2225,4
CPE2226,1
CPE2227,3
CPE2228,67
CPE2229,90
CPE2230,539
CPE2231,11
CPE2232,19
CPE2233,12
CPE2234,15
CPE2235,36
CPE2236,53
CPE2237,218
CPE2238,120
CPE2239,60
CPE2240,42
CPE2241,34
CPE2242,154
CPE2243,63
CPE2244,25
CPE2245,429
CPE2246,25
CPE2247,40
CPE2248,15
CPE2249,7
CPE2250,17
CPE2251,18
CPE2252,39
CPE2253,26
CPE2254,17
CPE2255,5
CPE2256,8
CPE2257,1
CPE2258,122
CPE2259,30
CPE2260,17
CPE2261,50
CPE2262,24
CPE2263,82
CPE2264,60
CPE2265,104
CPE2266,32
CPE2267,320
CPE2268,112
CPE2269,130
CPE2270,82
CPE2271,147
CPE2272,94
CPE2273,523
CPE2274,8
CPE2275,167
CPE2276,120
CPE2277,70
CPE2278,8
CPE2279,17
CPE2280,7
CPE2281,3
CPE2282,6
CPE2283,5
CPE2284,329
CPE2285,15
CPE2286,11
CPE2287,11
CPE2288,10
CPE2289,131
CPE2290,101
CPE2291,0
CPE2292,18
CPE2293,130
CPE2294,57
CPE2295,353
CPE2296,58
CPE2297,783
CPE2298,353
CPE2299,171
CPE2300,167
CPE2301,228
CPE2302,35
CPE2303,68
CPE2304,82
CPE2305,115
CPE2306,75
CPE2307,183
CPE2308,5
CPE2309,16
CPE2310,43
CPE2311,3
CPE2312,30
CPE2313,44
CPE2314,21
CPE2315,151
CPE2316,93
CPE2317,99
CPE2318,30
CPE2319,288
CPE2320,55
CPE2321,12
CPE2322,316
CPE2323,175
CPE2324,51
CPE2325,12
CPE2326,40
CPE2327,253
CPE2328,0
CPE2329,112
CPE2330,81
CPE2331,65
CPE2332,38
CPE2333,28
CPE2334,47
CPE2335,43
CPE2336,36
CPE2337,107
CPE2338,55
CPE2339,171
CPE2340,95
CPE2341,251
CPE2342,134
CPE2343,634
CPE2344,140
CPE2345,172
CPE2346,251
CPE2347,226
CPE2348,168
CPE2349,77
CPE2350,84
CPE2351,190
CPE2352,2
CPE2353,6
CPE2354,313
CPE2355,153
CPE2356,12
CPE2357,160
CPE2358,9
CPE2359,460
CPE2360,35
CPE2361,74
CPE2362,755
CPE2363,35
CPE2364,35
CPE2365,77
CPE2366,0
CPE2367,1
CPE2368,42
CPE2369,608
CPE2370,478
CPE2371,5
CPE2372,62
CPE2373,38
CPE2374,27
CPE2375,452
CPE2376,695
CPE2377,148
CPE2378,105
CPE2379,85
CPE2380,46
CPE2381,49
CPE2382,37
CPE2383,72
CPE2384,74
CPE2385,279
CPE2386,198
CPE2387,44
CPE2388,84
CPE2389,69
CPE2390,56
CPE2391,95
CPE2392,61
CPE2393,89
CPE2394,47
CPE2395,56
CPE2396,29
CPE2397,37
CPE2398,46
CPE2399,78
CPE2400,61
CPE2401,56
CPE2402,156
CPE2403,63
CPE2404,123
CPE2405,150
CPE2406,146
CPE2407,1703
CPE2408,146
CPE2409,377
CPE2410,346
CPE2411,18
CPE2412,68
CPE2413,209
CPE2414,472
CPE2415,502
CPE2416,383
CPE2417,133
CPE2418,146
CPE2419,89
CPE2420,94
CPE2421,1915
CPE2422,52
CPE2423,75
CPE2424,40
CPE2425,32
CPE2426,28
CPE2427,70
CPE2428,32
CPE2429,110
CPE2430,168
CPE2431,198
CPE2432,337
CPE2433,59
CPE2434,61
CPE2435,43
CPE2436,1
CPE2437,1665
CPE2438,545
CPE2439,72
CPE2440,219
CPE2441,24
CPE2442,9
CPE2443,5
CPE2444,9
CPE2445,2
CPE2446,9
CPE2447,3568
CPE2448,122
CPE2449,74
CPE2450,162
CPE2451,0
CPE2452,5
CPE2453,22
CPE2454,8
CPE2455,0
CPE2456,166
CPE2457,46
CPE2458,5
CPE2459,94
CPE2460,83
CPE2461,31
CPE2462,26
CPE2463,21
CPE2464,87
CPE2465,189
CPE2466,121
CPE2467,12
CPE2468,33
CPE2469,51
CPE2470,334
CPE2471,43
CPE2472,45
CPE2473,35
CPE2474,242
CPE2475,205
CPE2476,1
CPE2477,3
CPE2478,112
CPE2479,914
CPE2480,24
CPE2481,4
CPE2482,1
CPE2483,450
CPE2484,47
CPE2485,28
CPE2486,231
CPE2487,414
CPE2488,264
CPE2489,198
CPE2490,81
CPE2491,1418
CPE2492,34
CPE2493,157
CPE2494,402
CPE2495,347
CPE2496,861
CPE2497,122
CPE2498,40
CPE2499,3
CPE2500,62
CPE2501,203
CPE2502,136
CPE2503,27
CPE2504,4
CPE2505,4
CPE2506,106
CPE2507,207
CPE2508,3
CPE2509,163
CPE2510,119
CPE2511,14
CPE2512,104
CPE2513,63
CPE2514,50
CPE2515,4
CPE2516,16
CPE2517,42
CPE2518,20
CPE2519,62
CPE2520,59
CPE2521,45
CPE2522,23
CPE2523,8
CPE2524,28
CPE2525,27
CPE2526,15
CPE2527,19
CPE2528,84
CPE2529,591
CPE2530,218
CPE2531,622
CPE2532,2
CPE2533,2
CPE2534,211
CPE2535,37
CPE2536,52
CPE2537,11
CPE2538,11
CPE2539,315
CPE2540,52
CPE2541,55
CPE2542,4546
CPE2543,40
CPE2544,40
CPE2545,3
CPE2546,2
CPE2547,3
CPE2548,33
CPE2549,14
CPE2550,22
CPE2551,18
CPE2552,78
CPE2553,80
CPE2554,117
CPE2555,47
CPE2556,12
CPE2557,25
CPE2558,3
CPE2559,3
CPE2560,11
CPE2561,4
CPE2562,0
CPE2563,3
CPE2564,85
CPE2565,54
CPE2566,118
CPE2567,35
CPE2568,43
CPE2569,161
CPE2570,11
CPE2571,42
CPE2572,7
CPE2573,3
CPE2574,2
CPE2575,1
CPE2576,2
CPE2577,3
CPE2578,6
CPE2579,13
CPE2580,1
CPE2581,2
CPE2582,700
CPE2583,14
CPE2584,3
CPE2585,4
CPE2586,4
CPE2587,19
CPE2588,10
CPE2589,43
CPE2590,20
CPE2591,13
CPE2592,119
CPE2593,216
CPE2594,10
CPE2595,42
CPE2596,6
CPE2597,18
CPE2598,14
CPE2599,5180
CPE2600,14
CPE2601,39
CPE2602,62
CPE2603,197
CPE2604,21
CPE2605,35
CPE2606,58
CPE2607,113
CPE2608,65
CPE2609,1
CPE2610,3
CPE2611,2
CPE2612,49
CPE2613,54
CPE2614,8
CPE2615,25
CPE2616,48
CPE2617,23
CPE2618,4857
CPE2619,527
CPE2620,11
CPE2621,29
CPE2622,101
CPE2623,54
CPE2624,117
CPE2625,38
CPE2626,34
CPE2627,65
CPE2628,1
CPE2629,3
CPE2630,7
CPE2631,4
CPE2632,10
CPE2633,35
CPE2634,34
CPE2635,75
CPE2636,25
CPE2637,59
CPE2638,46
CPE2639,37
CPE2640,362
CPE2641,980
CPE2642,480
CPE2643,8
CPE2644,25
CPE2645,7
CPE2646,76
CPE2647,107
CPE2648,11
CPE2649,1
CPE2650,36
CPE2651,34
CPE2652,30
CPE2653,19
CPE2654,68
CPE2655,40
CPE2656,131
CPE2657,99
CPE2658,44
CPE2659,45
CPE2660,2030
PCP01,19
PCP02,27
PCP03,15
PCP04,0
PCP05,0
PCP06,2
PCP07,76
PCP08,56
PCP09,885
PCP10,0
PCP11,0
PCP12,66
PCP13,75
PCP14,13
PCP15,14
PCP16,107
PCP17,2099
PCP18,18
PCP19,40
PCP20,0
PCP21,0
PCP22,2
PCP23,0
PCP24,0
PCP25,2
PCP26,6
PCP27,380
PCP28,36
PCP29,789
PCP30,79
PCP31,71
PCP32,44
PCP33,38
PCP34,12
PCP35,29
PCP36,14
PCP37,2
PCP38,20
PCP39,32
PCP40,0
PCP41,1
PCP42,4
PCP43,8
PCP44,6
PCP45,24
PCP46,37
PCP47,25
PCP48,3
PCP49,6
PCP50,25
PCP51,24
PCP52,5
PCP53,49
PCP54,202
PCP55,141
PCP56,1
PCP57,211
PCP58,2
PCP59,9240
PCP60,25
PCP61,88
PCP62,6
PCP63,11
