Gene,T389pH67_1
Fisuc_0001,109.2919
Fisuc_0002,277.7300
Fisuc_0003,51.4315
Fisuc_0004,83.5762
Fisuc_0005,61.7178
Fisuc_0006,96.4340
Fisuc_0007,7.7147
Fisuc_0008,41.1452
Fisuc_0009,416.5950
Fisuc_0010,52.7173
Fisuc_0011,46.2883
Fisuc_0012,70.7183
Fisuc_0013,33.4305
Fisuc_0014,168.4381
Fisuc_0015,97.7198
Fisuc_0016,226.2985
Fisuc_0017,38.5736
Fisuc_0018,41.1452
Fisuc_0019,93.8624
Fisuc_0020,10.2863
Fisuc_0021,21.8584
Fisuc_0022,69.4325
Fisuc_0023,73.2899
Fisuc_0024,96.4340
Fisuc_0025,16.7152
Fisuc_0026,95.1482
Fisuc_0027,25.7157
Fisuc_0028,23.1442
Fisuc_0029,66.8609
Fisuc_0030,38.5736
Fisuc_0031,9.0005
Fisuc_0032,10.2863
Fisuc_0033,183.8675
Fisuc_0034,1.2858
Fisuc_0035,39.8594
Fisuc_0036,109.2919
Fisuc_0037,5.1431
Fisuc_0038,64.2893
Fisuc_0039,33.4305
Fisuc_0040,16.7152
Fisuc_0041,25.7157
Fisuc_0042,113.1493
Fisuc_0043,244.2995
Fisuc_0044,18.0010
Fisuc_0045,21.8584
Fisuc_0046,36.0020
Fisuc_0047,7.7147
Fisuc_0048,55.2888
Fisuc_0049,14.1437
Fisuc_0050,208.2975
Fisuc_0051,128.5787
Fisuc_0052,252.0142
Fisuc_0053,226.2985
Fisuc_0054,55.2888
Fisuc_0055,5.1431
Fisuc_0056,84.8619
Fisuc_0057,95.1482
Fisuc_0058,228.8701
Fisuc_0059,282.8731
Fisuc_0060,48.8599
Fisuc_0061,1501.7991
Fisuc_0062,367.7351
Fisuc_0063,1110.9199
Fisuc_0064,131.1503
Fisuc_0065,154.2944
Fisuc_0066,642.8935
Fisuc_0067,304.7315
Fisuc_0068,63.0036
Fisuc_0069,567.0320
Fisuc_0070,147.8655
Fisuc_0071,1.2858
Fisuc_0072,20.5726
Fisuc_0073,56.5746
Fisuc_0074,7.7147
Fisuc_0075,6.4289
Fisuc_0076,60.4320
Fisuc_0077,54.0031
Fisuc_0078,64.2893
Fisuc_0079,145.2939
Fisuc_0080,235.2990
Fisuc_0081,177.4386
Fisuc_0082,111.8635
Fisuc_0083,30.8589
Fisuc_0084,39.8594
Fisuc_0085,12.8579
Fisuc_0086,55.2888
Fisuc_0087,0.0000
Fisuc_0088,10.2863
Fisuc_0089,25.7157
Fisuc_0090,14.1437
Fisuc_0091,14.1437
Fisuc_0092,32.1447
Fisuc_0093,78.4330
Fisuc_0094,16.7152
Fisuc_0095,162.0092
Fisuc_0096,921.9092
Fisuc_0097,55.2888
Fisuc_0098,48.8599
Fisuc_0099,70.7183
Fisuc_0100,223.7269
Fisuc_0101,14.1437
Fisuc_0102,2489.2835
Fisuc_0103,42.4310
Fisuc_0104,6.4289
Fisuc_0105,115.7208
Fisuc_0106,41.1452
Fisuc_0107,57.8604
Fisuc_0108,135.0076
Fisuc_0109,27.0015
Fisuc_0110,63.0036
Fisuc_0111,118.2924
Fisuc_0112,93.8624
Fisuc_0113,142.7224
Fisuc_0114,82.2904
Fisuc_0115,155.5802
Fisuc_0116,39.8594
Fisuc_0117,57.8604
Fisuc_0118,64.2893
Fisuc_0119,15.4294
Fisuc_0120,105.4345
Fisuc_0121,10.2863
Fisuc_0122,59.1462
Fisuc_0123,276.4442
Fisuc_0124,6.4289
Fisuc_0125,50.1457
Fisuc_0127,108.0061
Fisuc_0128,282.8731
Fisuc_0129,196.7254
Fisuc_0130,82.2904
Fisuc_0131,343.3051
Fisuc_0132,167.1523
Fisuc_0133,92.5767
Fisuc_0134,131.1503
Fisuc_0135,146.5797
Fisuc_0136,43.7168
Fisuc_0137,682.7529
Fisuc_0138,430.7386
Fisuc_0139,39.8594
Fisuc_0140,379.3071
Fisuc_0141,23.1442
Fisuc_0142,2.5716
Fisuc_0143,21.8584
Fisuc_0144,20.5726
Fisuc_0146,7.7147
Fisuc_0147,27.0015
Fisuc_0150,2.5716
Fisuc_0151,3.8574
Fisuc_0152,1.2858
Fisuc_0154,7.7147
Fisuc_0158,18.0010
Fisuc_0159,15.4294
Fisuc_0160,2.5716
Fisuc_0161,106.7203
Fisuc_0162,70.7183
Fisuc_0163,6.4289
Fisuc_0165,43.7168
Fisuc_0166,9.0005
Fisuc_0167,3.8574
Fisuc_0168,1.2858
Fisuc_0169,6.4289
Fisuc_0170,97.7198
Fisuc_0171,222.4411
Fisuc_0172,225.0127
Fisuc_0173,51.4315
Fisuc_0174,601.7483
Fisuc_0175,150.4371
Fisuc_0176,32.1447
Fisuc_0177,18.0010
Fisuc_0178,532.3158
Fisuc_0179,340.7335
Fisuc_0180,108.0061
Fisuc_0181,86.1477
Fisuc_0182,88.7193
Fisuc_0183,127.2929
Fisuc_0185,145.2939
Fisuc_0186,86.1477
Fisuc_0187,21.8584
Fisuc_0188,86.1477
Fisuc_0189,36.0020
Fisuc_0190,51.4315
Fisuc_0191,357.4488
Fisuc_0192,187.7249
Fisuc_0193,91.2909
Fisuc_0194,19.2868
Fisuc_0195,30.8589
Fisuc_0196,88.7193
Fisuc_0197,51.4315
Fisuc_0198,131.1503
Fisuc_0199,38.5736
Fisuc_0200,90.0051
Fisuc_0201,159.4376
Fisuc_0202,957.9113
Fisuc_0203,173.5812
Fisuc_0204,72.0041
Fisuc_0205,914.1945
Fisuc_0207,195.4396
Fisuc_0208,78.4330
Fisuc_0209,151.7229
Fisuc_0210,3.8574
Fisuc_0211,453.8828
Fisuc_0212,64.2893
Fisuc_0213,149.1513
Fisuc_0214,32.1447
Fisuc_0215,127.2929
Fisuc_0216,36.0020
Fisuc_0217,32.1447
Fisuc_0218,18.0010
Fisuc_0219,59.1462
Fisuc_0220,626.1782
Fisuc_0221,808.7600
Fisuc_0222,66.8609
Fisuc_0223,16.7152
Fisuc_0224,54.0031
Fisuc_0225,28.2873
Fisuc_0226,59.1462
Fisuc_0227,442.3107
Fisuc_0228,109.2919
Fisuc_0229,41.1452
Fisuc_0230,36.0020
Fisuc_0231,119.5782
Fisuc_0232,36.0020
Fisuc_0233,15.4294
Fisuc_0234,110.5777
Fisuc_0235,210.8691
Fisuc_0236,21.8584
Fisuc_0237,14.1437
Fisuc_0239,33.4305
Fisuc_0240,133.7218
Fisuc_0241,258.4432
Fisuc_0242,167.1523
Fisuc_0243,14.1437
Fisuc_0244,83.5762
Fisuc_0245,538.7447
Fisuc_0246,90.0051
Fisuc_0247,173.5812
Fisuc_0248,732.8986
Fisuc_0249,262.3005
Fisuc_0250,72.0041
Fisuc_0251,165.8665
Fisuc_0252,777.9011
Fisuc_0253,95.1482
Fisuc_0254,77.1472
Fisuc_0255,101.5772
Fisuc_0256,108.0061
Fisuc_0257,194.1538
Fisuc_0258,228.8701
Fisuc_0259,82.2904
Fisuc_0260,74.5756
Fisuc_0261,1.2858
Fisuc_0262,475.7412
Fisuc_0263,848.6194
Fisuc_0264,16.7152
Fisuc_0265,968.1976
Fisuc_0266,360.0203
Fisuc_0268,19.2868
Fisuc_0269,37.2878
Fisuc_0270,27.0015
Fisuc_0271,47.5741
Fisuc_0272,163.2949
Fisuc_0273,37.2878
Fisuc_0275,21.8584
Fisuc_0276,37.2878
Fisuc_0277,32.1447
Fisuc_0279,14.1437
Fisuc_0280,43.7168
Fisuc_0281,9.0005
Fisuc_0282,361.3061
Fisuc_0283,470.5980
Fisuc_0284,29.5731
Fisuc_0285,69.4325
Fisuc_0286,163.2949
Fisuc_0287,68.1467
Fisuc_0288,519.4579
Fisuc_0289,105.4345
Fisuc_0290,509.1716
Fisuc_0291,20.5726
Fisuc_0292,72.0041
Fisuc_0293,30.8589
Fisuc_0294,38.5736
Fisuc_0295,24.4300
Fisuc_0296,640.3219
Fisuc_0297,36.0020
Fisuc_0298,216.0122
Fisuc_0299,317.5894
Fisuc_0300,57.8604
Fisuc_0301,104.1487
Fisuc_0302,34.7162
Fisuc_0303,146.5797
Fisuc_0305,236.5848
Fisuc_0306,9.0005
Fisuc_0307,150.4371
Fisuc_0308,528.4584
Fisuc_0309,5.1431
Fisuc_0312,100.2914
Fisuc_0313,729.0412
Fisuc_0314,55.2888
Fisuc_0315,9.0005
Fisuc_0316,28.2873
Fisuc_0317,10.2863
Fisuc_0318,57.8604
Fisuc_0319,25.7157
Fisuc_0320,28.2873
Fisuc_0321,64.2893
Fisuc_0322,55.2888
Fisuc_0323,61.7178
Fisuc_0324,48.8599
Fisuc_0326,25.7157
Fisuc_0327,12.8579
Fisuc_0328,118.2924
Fisuc_0329,15.4294
Fisuc_0330,86.1477
Fisuc_0331,3208.0384
Fisuc_0332,55.2888
Fisuc_0333,560.6031
Fisuc_0334,38.5736
Fisuc_0335,2.5716
Fisuc_0336,128.5787
Fisuc_0337,54.0031
Fisuc_0338,212.1548
Fisuc_0339,74.5756
Fisuc_0341,223.7269
Fisuc_0343,0.0000
Fisuc_0344,334.3046
Fisuc_0345,203.1543
Fisuc_0346,200.5828
Fisuc_0347,59.1462
Fisuc_0348,47.5741
Fisuc_0349,156.8660
Fisuc_0350,93.8624
Fisuc_0351,56.5746
Fisuc_0352,55.2888
Fisuc_0353,24.4300
Fisuc_0354,36.0020
Fisuc_0355,273.8726
Fisuc_0356,997.7707
Fisuc_0357,109.2919
Fisuc_0358,194.1538
Fisuc_0359,16.7152
Fisuc_0360,621.0351
Fisuc_0361,596.6051
Fisuc_0362,389.5934
Fisuc_0363,320.1609
Fisuc_0364,151.7229
Fisuc_0365,46.2883
Fisuc_0366,3.8574
Fisuc_0367,25.7157
Fisuc_0368,104.1487
Fisuc_0369,455.1686
Fisuc_0371,32.1447
Fisuc_0372,190.2965
Fisuc_0373,129.8645
Fisuc_0374,478.3127
Fisuc_0375,37.2878
Fisuc_0376,82.2904
Fisuc_0377,1401.5078
Fisuc_0378,84.8619
Fisuc_0379,3.8574
Fisuc_0381,700.7539
Fisuc_0382,1040.2016
Fisuc_0383,41.1452
Fisuc_0384,14.1437
Fisuc_0385,1.2858
Fisuc_0386,11.5721
Fisuc_0387,106.7203
Fisuc_0388,7.7147
Fisuc_0389,209.5833
Fisuc_0390,68.1467
Fisuc_0391,360.0203
Fisuc_0392,659.6087
Fisuc_0393,1019.6290
Fisuc_0394,492.4564
Fisuc_0395,210.8691
Fisuc_0396,4083.6593
Fisuc_0397,546.4595
Fisuc_0398,56.5746
Fisuc_0399,47.5741
Fisuc_0400,248.1569
Fisuc_0401,218.5838
Fisuc_0402,57.8604
Fisuc_0403,70.7183
Fisuc_0404,102.8630
Fisuc_0405,123.4355
Fisuc_0406,5.1431
Fisuc_0407,7.7147
Fisuc_0408,3.8574
Fisuc_0411,78.4330
Fisuc_0412,21.8584
Fisuc_0413,41.1452
Fisuc_0414,1392.5073
Fisuc_0415,30.8589
Fisuc_0416,41.1452
Fisuc_0417,556.7457
Fisuc_0418,55.2888
Fisuc_0421,70.7183
Fisuc_0422,100.2914
Fisuc_0423,37.2878
Fisuc_0424,33.4305
Fisuc_0425,82.2904
Fisuc_0426,348.4483
Fisuc_0427,91.2909
Fisuc_0428,155.5802
Fisuc_0429,9.0005
Fisuc_0430,108.0061
Fisuc_0431,50.1457
Fisuc_0432,66.8609
Fisuc_0433,612.0346
Fisuc_0434,133.7218
Fisuc_0435,55.2888
Fisuc_0436,78.4330
Fisuc_0437,129.8645
Fisuc_0438,115.7208
Fisuc_0439,14.1437
Fisuc_0440,10.2863
Fisuc_0441,28.2873
Fisuc_0442,291.8736
Fisuc_0443,45.0025
Fisuc_0444,244.2995
Fisuc_0445,9.0005
Fisuc_0446,75.8614
Fisuc_0447,29.5731
Fisuc_0448,42.4310
Fisuc_0449,29.5731
Fisuc_0450,57.8604
Fisuc_0451,30.8589
Fisuc_0452,7.7147
Fisuc_0453,50.1457
Fisuc_0454,54.0031
Fisuc_0455,888.4788
Fisuc_0456,55.2888
Fisuc_0457,320.1609
Fisuc_0458,51.4315
Fisuc_0459,65.5751
Fisuc_0460,276.4442
Fisuc_0461,83.5762
Fisuc_0462,142.7224
Fisuc_0463,624.8925
Fisuc_0464,174.8670
Fisuc_0465,7.7147
Fisuc_0466,41.1452
Fisuc_0467,23.1442
Fisuc_0468,51.4315
Fisuc_0469,63.0036
Fisuc_0470,33.4305
Fisuc_0471,255.8716
Fisuc_0472,32.1447
Fisuc_0473,25.7157
Fisuc_0474,111.8635
Fisuc_0475,1419.5088
Fisuc_0476,69.4325
Fisuc_0477,70.7183
Fisuc_0478,16.7152
Fisuc_0479,308.5889
Fisuc_0480,100.2914
Fisuc_0481,213.4406
Fisuc_0482,403.7371
Fisuc_0483,2680.8658
Fisuc_0484,153.0086
Fisuc_0485,64.2893
Fisuc_0486,1647.0931
Fisuc_0487,12.8579
Fisuc_0488,25.7157
Fisuc_0489,174.8670
Fisuc_0490,424.3097
Fisuc_0491,30.8589
Fisuc_0492,10.2863
Fisuc_0493,66.8609
Fisuc_0494,61.7178
Fisuc_0495,315.0178
Fisuc_0496,126.0071
Fisuc_0497,176.1528
Fisuc_0498,11.5721
Fisuc_0500,534.8874
Fisuc_0501,497.5995
Fisuc_0502,27.0015
Fisuc_0503,137.5792
Fisuc_0504,105.4345
Fisuc_0505,48.8599
Fisuc_0506,101.5772
Fisuc_0507,106.7203
Fisuc_0508,23.1442
Fisuc_0509,93.8624
Fisuc_0510,113.1493
Fisuc_0511,100.2914
Fisuc_0512,110.5777
Fisuc_0513,401.1655
Fisuc_0514,91.2909
Fisuc_0515,192.8680
Fisuc_0516,25.7157
Fisuc_0517,19.2868
Fisuc_0518,117.0066
Fisuc_0519,91.2909
Fisuc_0520,144.0081
Fisuc_0522,43.7168
Fisuc_0523,20.5726
Fisuc_0524,2.5716
Fisuc_0525,65.5751
Fisuc_0526,18.0010
Fisuc_0527,21.8584
Fisuc_0528,91.2909
Fisuc_0530,87.4335
Fisuc_0531,9.0005
Fisuc_0532,39.8594
Fisuc_0533,16.7152
Fisuc_0534,267.4437
Fisuc_0539,1.2858
Fisuc_0540,7010.1104
Fisuc_0541,889.7646
Fisuc_0542,27.0015
Fisuc_0543,19.2868
Fisuc_0544,11.5721
Fisuc_0545,23.1442
Fisuc_0547,108.0061
Fisuc_0548,117.0066
Fisuc_0549,311.1604
Fisuc_0550,83.5762
Fisuc_0551,74.5756
Fisuc_0552,149.1513
Fisuc_0553,43.7168
Fisuc_0554,47.5741
Fisuc_0555,600.4625
Fisuc_0556,529.7442
Fisuc_0557,293.1594
Fisuc_0558,33.4305
Fisuc_0559,68.1467
Fisuc_0560,133.7218
Fisuc_0562,653.1798
Fisuc_0563,334.3046
Fisuc_0564,96.4340
Fisuc_0565,259.7290
Fisuc_0566,176.1528
Fisuc_0567,171.0097
Fisuc_0568,187.7249
Fisuc_0569,177.4386
Fisuc_0570,502.7427
Fisuc_0571,11.5721
Fisuc_0572,174.8670
Fisuc_0573,207.0117
Fisuc_0574,36.0020
Fisuc_0575,298.3026
Fisuc_0576,38.5736
Fisuc_0577,46.2883
Fisuc_0578,762.4717
Fisuc_0579,802.3311
Fisuc_0580,801.0453
Fisuc_0581,279.0158
Fisuc_0582,15.4294
Fisuc_0583,142.7224
Fisuc_0584,11.5721
Fisuc_0585,63.0036
Fisuc_0586,18.0010
Fisuc_0588,30.8589
Fisuc_0589,106.7203
Fisuc_0590,176.1528
Fisuc_0591,194.1538
Fisuc_0592,12.8579
Fisuc_0593,97.7198
Fisuc_0594,43.7168
Fisuc_0595,201.8686
Fisuc_0596,75.8614
Fisuc_0597,126.0071
Fisuc_0598,37.2878
Fisuc_0599,39.8594
Fisuc_0600,1049.2021
Fisuc_0601,183.8675
Fisuc_0602,7.7147
Fisuc_0603,5.1431
Fisuc_0604,10.2863
Fisuc_0605,32.1447
Fisuc_0606,47.5741
Fisuc_0607,43.7168
Fisuc_0608,151.7229
Fisuc_0609,837.0473
Fisuc_0610,65.5751
Fisuc_0611,10.2863
Fisuc_0612,33.4305
Fisuc_0613,23.1442
Fisuc_0614,45.0025
Fisuc_0615,306.0173
Fisuc_0616,9.0005
Fisuc_0617,360.0203
Fisuc_0618,843.4762
Fisuc_0619,47.5741
Fisuc_0620,897.4793
Fisuc_0621,45.0025
Fisuc_0622,39.8594
Fisuc_0623,25.7157
Fisuc_0624,38.5736
Fisuc_0625,37.2878
Fisuc_0626,60.4320
Fisuc_0627,27.0015
Fisuc_0628,168.4381
Fisuc_0629,73.2899
Fisuc_0630,162.0092
Fisuc_0631,68.1467
Fisuc_0632,145.2939
Fisuc_0633,709.7544
Fisuc_0634,146.5797
Fisuc_0635,60.4320
Fisuc_0636,1113.4915
Fisuc_0637,162.0092
Fisuc_0638,41.1452
Fisuc_0639,3.8574
Fisuc_0640,624.8925
Fisuc_0641,338.1620
Fisuc_0642,24.4300
Fisuc_0643,73.2899
Fisuc_0644,362.5919
Fisuc_0645,10.2863
Fisuc_0646,180.0102
Fisuc_0647,18.0010
Fisuc_0648,119.5782
Fisuc_0649,232.7274
Fisuc_0650,0.0000
Fisuc_0651,2.5716
Fisuc_0652,93.8624
Fisuc_0653,75.8614
Fisuc_0654,240.4422
Fisuc_0655,154.2944
Fisuc_0656,569.6036
Fisuc_0657,7580.9998
Fisuc_0658,6480.3662
Fisuc_0659,32.1447
Fisuc_0660,109.2919
Fisuc_0661,43.7168
Fisuc_0662,20.5726
Fisuc_0663,223.7269
Fisuc_0664,289.3021
Fisuc_0665,14.1437
Fisuc_0666,3.8574
Fisuc_0667,27.0015
Fisuc_0668,261.0147
Fisuc_0669,167.1523
Fisuc_0670,106.7203
Fisuc_0671,60.4320
Fisuc_0672,50.1457
Fisuc_0673,228.8701
Fisuc_0674,41.1452
Fisuc_0675,105.4345
Fisuc_0676,24.4300
Fisuc_0677,3.8574
Fisuc_0678,75.8614
Fisuc_0679,93.8624
Fisuc_0680,192.8680
Fisuc_0681,106.7203
Fisuc_0683,714.8975
Fisuc_0684,81.0046
Fisuc_0685,72.0041
Fisuc_0686,181.2960
Fisuc_0687,25.7157
Fisuc_0688,405.0229
Fisuc_0689,82.2904
Fisuc_0690,1292.2159
Fisuc_0691,24.4300
Fisuc_0692,144.0081
Fisuc_0693,21.8584
Fisuc_0694,51.4315
Fisuc_0695,84.8619
Fisuc_0696,298.3026
Fisuc_0699,69.4325
Fisuc_0700,343.3051
Fisuc_0701,253.3000
Fisuc_0702,230.1559
Fisuc_0704,30.8589
Fisuc_0705,312.4462
Fisuc_0706,54.0031
Fisuc_0707,387.0219
Fisuc_0708,66.8609
Fisuc_0709,27.0015
Fisuc_0710,50.1457
Fisuc_0711,145.2939
Fisuc_0712,64.2893
Fisuc_0713,46.2883
Fisuc_0714,489.8848
Fisuc_0715,180.0102
Fisuc_0716,39.8594
Fisuc_0717,101.5772
Fisuc_0718,495.0280
Fisuc_0719,465.4549
Fisuc_0720,482.1701
Fisuc_0721,297.0168
Fisuc_0722,129.8645
Fisuc_0723,266.1579
Fisuc_0724,16.7152
Fisuc_0725,82.2904
Fisuc_0726,87.4335
Fisuc_0727,186.4391
Fisuc_0728,169.7239
Fisuc_0729,56.5746
Fisuc_0730,48.8599
Fisuc_0731,141.4366
Fisuc_0732,15.4294
Fisuc_0733,29.5731
Fisuc_0734,52.7173
Fisuc_0735,86.1477
Fisuc_0736,65.5751
Fisuc_0737,142.7224
Fisuc_0738,24.4300
Fisuc_0739,54.0031
Fisuc_0741,725.1838
Fisuc_0742,299.5884
Fisuc_0743,108.0061
Fisuc_0744,27.0015
Fisuc_0745,222.4411
Fisuc_0746,12.8579
Fisuc_0747,29.5731
Fisuc_0748,18.0010
Fisuc_0749,1045.3448
Fisuc_0750,145.2939
Fisuc_0751,87.4335
Fisuc_0752,1037.6301
Fisuc_0753,230.1559
Fisuc_0754,168.4381
Fisuc_0755,38.5736
Fisuc_0756,78.4330
Fisuc_0757,23.1442
Fisuc_0758,286.7305
Fisuc_0759,466.7407
Fisuc_0760,30.8589
Fisuc_0761,271.3010
Fisuc_0762,18.0010
Fisuc_0763,19.2868
Fisuc_0764,37.2878
Fisuc_0765,5.1431
Fisuc_0766,65.5751
Fisuc_0767,977.1981
Fisuc_0768,205.7259
Fisuc_0769,30.8589
Fisuc_0770,24.4300
Fisuc_0771,334.3046
Fisuc_0772,1452.9392
Fisuc_0773,187.7249
Fisuc_0774,367.7351
Fisuc_0775,303.4457
Fisuc_0776,75.8614
Fisuc_0777,64.2893
Fisuc_0778,133.7218
Fisuc_0779,1089.0615
Fisuc_0780,33.4305
Fisuc_0781,129.8645
Fisuc_0782,73.2899
Fisuc_0783,55.2888
Fisuc_0784,60.4320
Fisuc_0785,91.2909
Fisuc_0786,244.2995
Fisuc_0787,51.4315
Fisuc_0788,124.7213
Fisuc_0789,61.7178
Fisuc_0790,63.0036
Fisuc_0791,45.0025
Fisuc_0792,294.4452
Fisuc_0793,928.3382
Fisuc_0794,510.4574
Fisuc_0796,20.5726
Fisuc_0797,59.1462
Fisuc_0798,57.8604
Fisuc_0799,164.5807
Fisuc_0800,50.1457
Fisuc_0801,212.1548
Fisuc_0802,36.0020
Fisuc_0803,6.4289
Fisuc_0804,5.1431
Fisuc_0805,10.2863
Fisuc_0806,36.0020
Fisuc_0807,60.4320
Fisuc_0808,239.1564
Fisuc_0809,361.3061
Fisuc_0810,20.5726
Fisuc_0811,51.4315
Fisuc_0812,132.4361
Fisuc_0814,369.0209
Fisuc_0815,198.0112
Fisuc_0816,165.8665
Fisuc_0817,707.1828
Fisuc_0818,653.1798
Fisuc_0819,506.6001
Fisuc_0820,1675.3804
Fisuc_0821,145.2939
Fisuc_0822,288.0163
Fisuc_0823,313.7320
Fisuc_0824,4083.6593
Fisuc_0826,11.5721
Fisuc_0828,1.2858
Fisuc_0829,160.7234
Fisuc_0830,231.4416
Fisuc_0831,145.2939
Fisuc_0832,59.1462
Fisuc_0833,176.1528
Fisuc_0834,0.0000
Fisuc_0835,136.2934
Fisuc_0837,3.8574
Fisuc_0838,1604.6621
Fisuc_0839,83.5762
Fisuc_0840,33.4305
Fisuc_0841,84.8619
Fisuc_0842,69.4325
Fisuc_0843,57.8604
Fisuc_0844,254.5858
Fisuc_0845,432.0244
Fisuc_0846,108.0061
Fisuc_0847,19.2868
Fisuc_0848,11.5721
Fisuc_0849,42.4310
Fisuc_0850,4529.8274
Fisuc_0851,569.6036
Fisuc_0852,73.2899
Fisuc_0853,15.4294
Fisuc_0854,259.7290
Fisuc_0855,97.7198
Fisuc_0856,108.0061
Fisuc_0857,158.1518
Fisuc_0858,1166.2088
Fisuc_0859,52.7173
Fisuc_0860,218.5838
Fisuc_0861,122.1498
Fisuc_0862,84.8619
Fisuc_0863,147.8655
Fisuc_0864,14.1437
Fisuc_0865,46.2883
Fisuc_0866,1172.6377
Fisuc_0867,617.1777
Fisuc_0868,30.8589
Fisuc_0869,38.5736
Fisuc_0870,55.2888
Fisuc_0871,105.4345
Fisuc_0872,1148.2077
Fisuc_0873,394.7366
Fisuc_0874,29.5731
Fisuc_0875,375.4498
Fisuc_0876,23.1442
Fisuc_0877,415.3092
Fisuc_0878,27.0015
Fisuc_0879,65.5751
Fisuc_0880,27.0015
Fisuc_0881,223.7269
Fisuc_0882,52.7173
Fisuc_0883,33.4305
Fisuc_0884,16.7152
Fisuc_0885,82.2904
Fisuc_0886,317.5894
Fisuc_0887,69.4325
Fisuc_0888,96.4340
Fisuc_0889,78.4330
Fisuc_0890,128.5787
Fisuc_0891,118.2924
Fisuc_0892,183.8675
Fisuc_0893,9.0005
Fisuc_0894,2.5716
Fisuc_0896,414.0234
Fisuc_0897,69.4325
Fisuc_0898,231.4416
Fisuc_0899,363.8777
Fisuc_0900,52.7173
Fisuc_0901,18.0010
Fisuc_0902,12.8579
Fisuc_0903,3.8574
Fisuc_0904,9.0005
Fisuc_0905,24.4300
Fisuc_0906,32.1447
Fisuc_0907,30.8589
Fisuc_0908,55.2888
Fisuc_0909,108.0061
Fisuc_0910,57.8604
Fisuc_0911,24.4300
Fisuc_0912,16.7152
Fisuc_0913,102.8630
Fisuc_0914,24.4300
Fisuc_0915,19.2868
Fisuc_0916,82.2904
Fisuc_0917,150.4371
Fisuc_0918,14.1437
Fisuc_0919,64.2893
Fisuc_0920,6.4289
Fisuc_0921,73.2899
Fisuc_0922,21.8584
Fisuc_0923,46.2883
Fisuc_0924,69.4325
Fisuc_0925,41.1452
Fisuc_0926,18.0010
Fisuc_0928,0.0000
Fisuc_0930,294.4452
Fisuc_0931,113.1493
Fisuc_0932,72.0041
Fisuc_0933,3.8574
Fisuc_0935,19.2868
Fisuc_0936,9.0005
Fisuc_0937,3.8574
Fisuc_0938,0.0000
Fisuc_0939,3.8574
Fisuc_0940,2.5716
Fisuc_0941,2.5716
Fisuc_0942,2.5716
Fisuc_0944,7.7147
Fisuc_0945,86.1477
Fisuc_0946,10.2863
Fisuc_0947,1198.3534
Fisuc_0948,689.1818
Fisuc_0949,572.1752
Fisuc_0950,201.8686
Fisuc_0951,524.6011
Fisuc_0952,156.8660
Fisuc_0953,525.8869
Fisuc_0954,3.8574
Fisuc_0955,16.7152
Fisuc_0956,32.1447
Fisuc_0958,0.0000
Fisuc_0959,29.5731
Fisuc_0961,88.7193
Fisuc_0962,21.8584
Fisuc_0963,654.4656
Fisuc_0964,344.5909
Fisuc_0965,280.3016
Fisuc_0966,55.2888
Fisuc_0967,117.0066
Fisuc_0968,86.1477
Fisuc_0969,70.7183
Fisuc_0970,136.2934
Fisuc_0971,128.5787
Fisuc_0972,16.7152
Fisuc_0973,153.0086
Fisuc_0974,165.8665
Fisuc_0975,466.7407
Fisuc_0976,15.4294
Fisuc_0977,129.8645
Fisuc_0978,401.1655
Fisuc_0979,104.1487
Fisuc_0980,110.5777
Fisuc_0981,83.5762
Fisuc_0982,91.2909
Fisuc_0983,104.1487
Fisuc_0984,133.7218
Fisuc_0985,182.5817
Fisuc_0986,131.1503
Fisuc_0987,69.4325
Fisuc_0988,101.5772
Fisuc_0989,54.0031
Fisuc_0990,78.4330
Fisuc_0991,33.4305
Fisuc_0992,48.8599
Fisuc_0993,171.0097
Fisuc_0994,91.2909
Fisuc_0995,144.0081
Fisuc_0996,91.2909
Fisuc_0997,108.0061
Fisuc_0998,87.4335
Fisuc_0999,30.8589
Fisuc_1000,403.7371
Fisuc_1001,299.5884
Fisuc_1002,9.0005
Fisuc_1003,284.1589
Fisuc_1004,181.2960
Fisuc_1005,78.4330
Fisuc_1006,270.0153
Fisuc_1007,226.2985
Fisuc_1008,212.1548
Fisuc_1009,230.1559
Fisuc_1010,102.8630
Fisuc_1012,3.8574
Fisuc_1013,1486.3697
Fisuc_1014,96.4340
Fisuc_1015,131.1503
Fisuc_1016,16.7152
Fisuc_1017,45.0025
Fisuc_1018,24.4300
Fisuc_1019,30.8589
Fisuc_1020,5.1431
Fisuc_1021,286.7305
Fisuc_1022,66.8609
Fisuc_1023,60.4320
Fisuc_1024,23.1442
Fisuc_1025,72.0041
Fisuc_1026,59.1462
Fisuc_1027,14.1437
Fisuc_1028,54.0031
Fisuc_1029,24.4300
Fisuc_1030,38.5736
Fisuc_1031,321.4467
Fisuc_1032,127.2929
Fisuc_1033,90.0051
Fisuc_1034,104.1487
Fisuc_1037,3.8574
Fisuc_1038,10.2863
Fisuc_1039,261.0147
Fisuc_1040,11.5721
Fisuc_1041,93.8624
Fisuc_1042,81.0046
Fisuc_1043,6.4289
Fisuc_1044,316.3036
Fisuc_1045,18.0010
Fisuc_1046,56.5746
Fisuc_1047,37.2878
Fisuc_1048,302.1599
Fisuc_1049,752.1854
Fisuc_1050,57.8604
Fisuc_1051,72.0041
Fisuc_1052,234.0132
Fisuc_1053,18.0010
Fisuc_1054,20.5726
Fisuc_1055,36.0020
Fisuc_1056,14.1437
Fisuc_1057,16.7152
Fisuc_1058,2.5716
Fisuc_1059,23.1442
Fisuc_1060,0.0000
Fisuc_1061,7.7147
Fisuc_1062,122.1498
Fisuc_1063,63.0036
Fisuc_1064,51.4315
Fisuc_1065,0.0000
Fisuc_1066,137.5792
Fisuc_1067,29.5731
Fisuc_1068,9.0005
Fisuc_1069,3.8574
Fisuc_1070,28.2873
Fisuc_1071,336.8762
Fisuc_1072,345.8767
Fisuc_1073,18.0010
Fisuc_1074,20.5726
Fisuc_1079,329.1615
Fisuc_1080,51.4315
Fisuc_1081,30.8589
Fisuc_1085,2.5716
Fisuc_1086,3.8574
Fisuc_1087,3.8574
Fisuc_1098,10.2863
Fisuc_1099,327.8757
Fisuc_1100,3.8574
Fisuc_1101,20.5726
Fisuc_1102,14.1437
Fisuc_1103,176.1528
Fisuc_1104,23.1442
Fisuc_1105,1.2858
Fisuc_1106,23.1442
Fisuc_1107,298.3026
Fisuc_1108,41.1452
Fisuc_1109,239.1564
Fisuc_1110,18.0010
Fisuc_1111,136.2934
Fisuc_1112,117.0066
Fisuc_1113,25.7157
Fisuc_1114,10.2863
Fisuc_1115,64.2893
Fisuc_1116,24.4300
Fisuc_1117,63.0036
Fisuc_1118,147.8655
Fisuc_1119,56.5746
Fisuc_1120,90.0051
Fisuc_1121,9.0005
Fisuc_1122,48.8599
Fisuc_1123,131.1503
Fisuc_1124,23.1442
Fisuc_1125,28.2873
Fisuc_1126,27.0015
Fisuc_1127,77.1472
Fisuc_1129,0.0000
Fisuc_1130,38.5736
Fisuc_1131,16.7152
Fisuc_1132,2.5716
Fisuc_1133,912.9087
Fisuc_1134,30.8589
Fisuc_1135,10.2863
Fisuc_1136,37.2878
Fisuc_1137,12.8579
Fisuc_1138,51.4315
Fisuc_1139,124.7213
Fisuc_1140,18.0010
Fisuc_1141,333.0188
Fisuc_1142,182.5817
Fisuc_1143,63.0036
Fisuc_1144,144.0081
Fisuc_1145,59.1462
Fisuc_1146,9.0005
Fisuc_1147,72.0041
Fisuc_1148,19.2868
Fisuc_1149,28.2873
Fisuc_1150,21.8584
Fisuc_1151,68.1467
Fisuc_1152,7.7147
Fisuc_1153,12.8579
Fisuc_1156,3.8574
Fisuc_1157,12.8579
Fisuc_1158,108.0061
Fisuc_1159,246.8711
Fisuc_1160,21.8584
Fisuc_1161,12.8579
Fisuc_1162,1402.7936
Fisuc_1163,144.0081
Fisuc_1164,63.0036
Fisuc_1165,72.0041
Fisuc_1167,36.0020
Fisuc_1168,42.4310
Fisuc_1169,37.2878
Fisuc_1170,42.4310
Fisuc_1171,178.7244
Fisuc_1173,42.4310
Fisuc_1174,275.1584
Fisuc_1175,114.4350
Fisuc_1176,115.7208
Fisuc_1177,381.8787
Fisuc_1178,160.7234
Fisuc_1179,14.1437
Fisuc_1180,394.7366
Fisuc_1181,174.8670
Fisuc_1182,286.7305
Fisuc_1183,36.0020
Fisuc_1184,126.0071
Fisuc_1185,124.7213
Fisuc_1186,90.0051
Fisuc_1187,2.5716
Fisuc_1188,77.1472
Fisuc_1189,9.0005
Fisuc_1190,159.4376
Fisuc_1192,64.2893
Fisuc_1193,10.2863
Fisuc_1194,5.1431
Fisuc_1195,2.5716
Fisuc_1196,5.1431
Fisuc_1197,11.5721
Fisuc_1199,59.1462
Fisuc_1200,51.4315
Fisuc_1201,87.4335
Fisuc_1202,97.7198
Fisuc_1203,57.8604
Fisuc_1204,221.1554
Fisuc_1205,225.0127
Fisuc_1207,257.1574
Fisuc_1208,156.8660
Fisuc_1209,200.5828
Fisuc_1210,3.8574
Fisuc_1211,6.4289
Fisuc_1212,1.2858
Fisuc_1213,43.7168
Fisuc_1215,0.0000
Fisuc_1216,32.1447
Fisuc_1217,86.1477
Fisuc_1218,207.0117
Fisuc_1219,486.0275
Fisuc_1221,192.8680
Fisuc_1222,60.4320
Fisuc_1223,1019.6290
Fisuc_1224,326.5899
Fisuc_1226,291.8736
Fisuc_1227,153.0086
Fisuc_1228,64.2893
Fisuc_1229,196.7254
Fisuc_1230,361.3061
Fisuc_1231,97.7198
Fisuc_1232,547.7452
Fisuc_1233,95.1482
Fisuc_1234,73.2899
Fisuc_1235,1650.9504
Fisuc_1236,201.8686
Fisuc_1237,180.0102
Fisuc_1238,48.8599
Fisuc_1239,47.5741
Fisuc_1240,29.5731
Fisuc_1241,56.5746
Fisuc_1242,15.4294
Fisuc_1243,12.8579
Fisuc_1244,142.7224
Fisuc_1245,16.7152
Fisuc_1246,55.2888
Fisuc_1247,131.1503
Fisuc_1248,15.4294
Fisuc_1249,37.2878
Fisuc_1250,347.1625
Fisuc_1251,19.2868
Fisuc_1252,299.5884
Fisuc_1253,105.4345
Fisuc_1254,30.8589
Fisuc_1255,100.2914
Fisuc_1256,1.2858
Fisuc_1257,253.3000
Fisuc_1258,267.4437
Fisuc_1259,727.7554
Fisuc_1260,140.1508
Fisuc_1261,2814.5876
Fisuc_1262,12.8579
Fisuc_1263,28.2873
Fisuc_1264,32.1447
Fisuc_1265,7.7147
Fisuc_1266,9.0005
Fisuc_1268,90.0051
Fisuc_1269,212.1548
Fisuc_1270,1695.9530
Fisuc_1271,1667.6657
Fisuc_1272,1832.2464
Fisuc_1273,644.1793
Fisuc_1274,1180.3524
Fisuc_1275,807.4742
Fisuc_1276,438.4533
Fisuc_1277,34.7162
Fisuc_1278,0.0000
Fisuc_1279,2719.4394
Fisuc_1280,15.4294
Fisuc_1281,46.2883
Fisuc_1282,41.1452
Fisuc_1283,777.9011
Fisuc_1284,9422.2467
Fisuc_1285,144.0081
Fisuc_1286,102.8630
Fisuc_1287,2.5716
Fisuc_1288,86.1477
Fisuc_1289,109.2919
Fisuc_1290,1.2858
Fisuc_1291,20.5726
Fisuc_1292,23.1442
Fisuc_1293,191.5823
Fisuc_1294,379.3071
Fisuc_1295,330.4472
Fisuc_1296,315.0178
Fisuc_1297,199.2970
Fisuc_1298,147.8655
Fisuc_1299,51.4315
Fisuc_1301,14.1437
Fisuc_1302,124.7213
Fisuc_1303,52.7173
Fisuc_1304,95.1482
Fisuc_1305,6.4289
Fisuc_1306,68.1467
Fisuc_1307,60.4320
Fisuc_1308,24.4300
Fisuc_1309,9.0005
Fisuc_1310,402.4513
Fisuc_1311,34.7162
Fisuc_1312,5.1431
Fisuc_1313,64.2893
Fisuc_1314,47.5741
Fisuc_1315,50.1457
Fisuc_1316,726.4696
Fisuc_1317,1436.2240
Fisuc_1318,156.8660
Fisuc_1319,137.5792
Fisuc_1320,434.5960
Fisuc_1321,245.5853
Fisuc_1322,182.5817
Fisuc_1324,203.1543
Fisuc_1325,74.5756
Fisuc_1326,399.8797
Fisuc_1327,459.0259
Fisuc_1328,495.0280
Fisuc_1329,19.2868
Fisuc_1330,28.2873
Fisuc_1331,70.7183
Fisuc_1332,41.1452
Fisuc_1333,0.0000
Fisuc_1334,519.4579
Fisuc_1335,5.1431
Fisuc_1336,7.7147
Fisuc_1337,9.0005
Fisuc_1340,5.1431
Fisuc_1341,144.0081
Fisuc_1342,41.1452
Fisuc_1343,70.7183
Fisuc_1344,51.4315
Fisuc_1345,43.7168
Fisuc_1346,240.4422
Fisuc_1347,190.2965
Fisuc_1348,9.0005
Fisuc_1349,5.1431
Fisuc_1350,18.0010
Fisuc_1351,1009.3428
Fisuc_1352,6.4289
Fisuc_1353,46.2883
Fisuc_1354,14.1437
Fisuc_1355,32.1447
Fisuc_1356,14.1437
Fisuc_1357,37.2878
Fisuc_1358,84.8619
Fisuc_1359,92.5767
Fisuc_1360,90.0051
Fisuc_1361,81.0046
Fisuc_1362,28.2873
Fisuc_1363,230.1559
Fisuc_1364,410.1660
Fisuc_1365,2.5716
Fisuc_1366,114.4350
Fisuc_1367,682.7529
Fisuc_1368,118.2924
Fisuc_1369,27.0015
Fisuc_1370,63.0036
Fisuc_1371,87.4335
Fisuc_1372,41.1452
Fisuc_1373,61.7178
Fisuc_1374,204.4401
Fisuc_1375,3.8574
Fisuc_1376,231.4416
Fisuc_1377,106.7203
Fisuc_1378,66.8609
Fisuc_1379,10.2863
Fisuc_1380,0.0000
Fisuc_1381,37.2878
Fisuc_1382,18.0010
Fisuc_1383,48.8599
Fisuc_1384,77.1472
Fisuc_1385,398.5940
Fisuc_1386,478.3127
Fisuc_1387,496.3138
Fisuc_1388,257.1574
Fisuc_1389,299.5884
Fisuc_1390,852.4767
Fisuc_1391,59.1462
Fisuc_1392,82.2904
Fisuc_1393,46.2883
Fisuc_1394,208.2975
Fisuc_1395,714.8975
Fisuc_1396,729.0412
Fisuc_1397,2418.5652
Fisuc_1398,113.1493
Fisuc_1399,851.1910
Fisuc_1400,0.0000
Fisuc_1401,6.4289
Fisuc_1402,959.1971
Fisuc_1403,774.0437
Fisuc_1404,2.5716
Fisuc_1405,182.5817
Fisuc_1406,99.0056
Fisuc_1407,329.1615
Fisuc_1408,327.8757
Fisuc_1409,20.5726
Fisuc_1410,231.4416
Fisuc_1411,54.0031
Fisuc_1412,388.3077
Fisuc_1413,227.5843
Fisuc_1414,160.7234
Fisuc_1415,330.4472
Fisuc_1416,1266.5001
Fisuc_1417,106.7203
Fisuc_1418,51.4315
Fisuc_1419,291.8736
Fisuc_1420,47.5741
Fisuc_1421,464.1691
Fisuc_1422,315.0178
Fisuc_1423,136.2934
Fisuc_1424,1202.2108
Fisuc_1425,309.8747
Fisuc_1426,200.5828
Fisuc_1427,12.8579
Fisuc_1428,69.4325
Fisuc_1429,149.1513
Fisuc_1432,6.4289
Fisuc_1433,45.0025
Fisuc_1434,68.1467
Fisuc_1435,228.8701
Fisuc_1436,45.0025
Fisuc_1437,478.3127
Fisuc_1438,108.0061
Fisuc_1439,191.5823
Fisuc_1440,165.8665
Fisuc_1441,272.5868
Fisuc_1442,48.8599
Fisuc_1443,186.4391
Fisuc_1444,329.1615
Fisuc_1445,104.1487
Fisuc_1446,55.2888
Fisuc_1447,582.4615
Fisuc_1448,43.7168
Fisuc_1449,7.7147
Fisuc_1450,16.7152
Fisuc_1452,16.7152
Fisuc_1453,140.1508
Fisuc_1454,171.0097
Fisuc_1455,79.7188
Fisuc_1456,60.4320
Fisuc_1457,9.0005
Fisuc_1458,16.7152
Fisuc_1459,15.4294
Fisuc_1460,66.8609
Fisuc_1461,604.3199
Fisuc_1462,20.5726
Fisuc_1463,28.2873
Fisuc_1464,46.2883
Fisuc_1465,334.3046
Fisuc_1466,0.0000
Fisuc_1467,132.4361
Fisuc_1468,36.0020
Fisuc_1469,412.7376
Fisuc_1470,48.8599
Fisuc_1471,187.7249
Fisuc_1472,198.0112
Fisuc_1473,300.8741
Fisuc_1474,4074.6588
Fisuc_1475,189.0107
Fisuc_1476,766.3290
Fisuc_1477,104.1487
Fisuc_1478,24.4300
Fisuc_1479,14.1437
Fisuc_1480,16.7152
Fisuc_1481,84.8619
Fisuc_1482,173.5812
Fisuc_1483,9.0005
Fisuc_1484,78.4330
Fisuc_1485,1125.0636
Fisuc_1486,990.0559
Fisuc_1487,93.8624
Fisuc_1488,304.7315
Fisuc_1489,87.4335
Fisuc_1490,273.8726
Fisuc_1491,21.8584
Fisuc_1492,79.7188
Fisuc_1493,27.0015
Fisuc_1494,1191.9245
Fisuc_1495,93.8624
Fisuc_1496,72.0041
Fisuc_1497,50.1457
Fisuc_1498,77.1472
Fisuc_1499,199.2970
Fisuc_1500,11.5721
Fisuc_1501,38.5736
Fisuc_1502,37.2878
Fisuc_1503,127.2929
Fisuc_1504,569.6036
Fisuc_1505,322.7325
Fisuc_1506,82.2904
Fisuc_1507,110.5777
Fisuc_1508,336.8762
Fisuc_1509,72.0041
Fisuc_1510,149.1513
Fisuc_1511,33.4305
Fisuc_1512,75.8614
Fisuc_1513,613.3204
Fisuc_1514,480.8843
Fisuc_1515,369.0209
Fisuc_1516,73.2899
Fisuc_1517,6.4289
Fisuc_1518,127.2929
Fisuc_1519,18.0010
Fisuc_1520,57.8604
Fisuc_1521,82.2904
Fisuc_1522,11.5721
Fisuc_1523,109.2919
Fisuc_1525,690.4676
Fisuc_1526,420.4523
Fisuc_1527,370.3066
Fisuc_1528,477.0270
Fisuc_1529,72.0041
Fisuc_1530,214.7264
Fisuc_1531,16.7152
Fisuc_1532,15.4294
Fisuc_1533,27.0015
Fisuc_1534,36.0020
Fisuc_1535,70.7183
Fisuc_1536,207.0117
Fisuc_1537,140.1508
Fisuc_1538,37.2878
Fisuc_1541,232.7274
Fisuc_1542,411.4518
Fisuc_1543,14.1437
Fisuc_1544,23.1442
Fisuc_1545,46.2883
Fisuc_1546,30.8589
Fisuc_1547,6.4289
Fisuc_1548,2.5716
Fisuc_1549,19.2868
Fisuc_1551,42.4310
Fisuc_1552,18.0010
Fisuc_1554,14.1437
Fisuc_1555,132.4361
Fisuc_1556,375.4498
Fisuc_1557,298.3026
Fisuc_1558,343.3051
Fisuc_1560,109.2919
Fisuc_1561,29.5731
Fisuc_1562,277.7300
Fisuc_1563,9.0005
Fisuc_1564,2.5716
Fisuc_1565,15.4294
Fisuc_1566,37.2878
Fisuc_1567,135.0076
Fisuc_1568,280.3016
Fisuc_1569,204.4401
Fisuc_1570,20.5726
Fisuc_1571,505.3143
Fisuc_1572,90.0051
Fisuc_1573,25.7157
Fisuc_1574,226.2985
Fisuc_1575,174.8670
Fisuc_1576,51.4315
Fisuc_1577,46.2883
Fisuc_1578,131.1503
Fisuc_1579,11.5721
Fisuc_1580,39.8594
Fisuc_1582,43.7168
Fisuc_1583,0.0000
Fisuc_1584,129.8645
Fisuc_1585,9.0005
Fisuc_1586,9.0005
Fisuc_1587,316.3036
Fisuc_1588,33.4305
Fisuc_1589,72.0041
Fisuc_1590,60.4320
Fisuc_1591,1553.2306
Fisuc_1592,5026.1412
Fisuc_1593,0.0000
Fisuc_1594,69.4325
Fisuc_1595,279.0158
Fisuc_1596,277.7300
Fisuc_1597,198.0112
Fisuc_1598,74.5756
Fisuc_1599,484.7417
Fisuc_1600,30.8589
Fisuc_1601,38.5736
Fisuc_1602,33.4305
Fisuc_1603,120.8640
Fisuc_1604,105.4345
Fisuc_1605,73.2899
Fisuc_1606,45.0025
Fisuc_1607,16.7152
Fisuc_1608,18.0010
Fisuc_1609,37.2878
Fisuc_1610,12.8579
Fisuc_1611,27.0015
Fisuc_1612,33.4305
Fisuc_1613,34.7162
Fisuc_1614,84.8619
Fisuc_1615,199.2970
Fisuc_1618,50.1457
Fisuc_1619,99.0056
Fisuc_1620,140.1508
Fisuc_1621,129.8645
Fisuc_1622,109.2919
Fisuc_1623,43.7168
Fisuc_1624,52.7173
Fisuc_1625,10.2863
Fisuc_1627,514.3148
Fisuc_1628,84.8619
Fisuc_1629,147.8655
Fisuc_1630,199.2970
Fisuc_1631,47.5741
Fisuc_1632,345.8767
Fisuc_1633,61.7178
Fisuc_1634,108.0061
Fisuc_1635,75.8614
Fisuc_1636,56.5746
Fisuc_1637,88.7193
Fisuc_1638,108.0061
Fisuc_1639,30.8589
Fisuc_1640,39.8594
Fisuc_1641,86.1477
Fisuc_1642,379.3071
Fisuc_1643,42.4310
Fisuc_1644,124.7213
Fisuc_1645,273.8726
Fisuc_1646,303.4457
Fisuc_1647,208.2975
Fisuc_1648,177.4386
Fisuc_1649,83.5762
Fisuc_1650,39.8594
Fisuc_1651,84.8619
Fisuc_1652,317.5894
Fisuc_1653,158.1518
Fisuc_1654,21.8584
Fisuc_1655,54.0031
Fisuc_1656,32.1447
Fisuc_1657,23.1442
Fisuc_1658,70.7183
Fisuc_1659,55.2888
Fisuc_1660,210.8691
Fisuc_1661,65.5751
Fisuc_1662,18.0010
Fisuc_1663,2.5716
Fisuc_1664,2.5716
Fisuc_1665,12.8579
Fisuc_1666,2.5716
Fisuc_1667,24.4300
Fisuc_1668,6.4289
Fisuc_1669,16.7152
Fisuc_1670,0.0000
Fisuc_1671,24.4300
Fisuc_1672,5.1431
Fisuc_1673,21.8584
Fisuc_1674,524.6011
Fisuc_1675,32.1447
Fisuc_1676,513.0290
Fisuc_1678,162.0092
Fisuc_1682,21.8584
Fisuc_1683,36.0020
Fisuc_1684,2.5716
Fisuc_1685,6.4289
Fisuc_1686,6.4289
Fisuc_1687,5.1431
Fisuc_1688,16.7152
Fisuc_1689,11.5721
Fisuc_1690,23.1442
Fisuc_1691,1.2858
Fisuc_1692,20.5726
Fisuc_1694,1.2858
Fisuc_1696,43.7168
Fisuc_1697,5.1431
Fisuc_1698,12.8579
Fisuc_1699,21.8584
Fisuc_1708,18.0010
Fisuc_1710,34.7162
Fisuc_1711,37.2878
Fisuc_1712,6.4289
Fisuc_1713,7.7147
Fisuc_1714,16.7152
Fisuc_1715,0.0000
Fisuc_1716,3.8574
Fisuc_1717,15.4294
Fisuc_1719,3.8574
Fisuc_1720,14.1437
Fisuc_1721,23.1442
Fisuc_1722,24.4300
Fisuc_1725,61.7178
Fisuc_1726,33.4305
Fisuc_1727,5.1431
Fisuc_1728,7.7147
Fisuc_1729,10.2863
Fisuc_1730,3.8574
Fisuc_1731,9.0005
Fisuc_1732,16.7152
Fisuc_1733,14.1437
Fisuc_1735,9.0005
Fisuc_1736,10.2863
Fisuc_1739,10.2863
Fisuc_1740,21.8584
Fisuc_1741,7.7147
Fisuc_1742,236.5848
Fisuc_1743,149.1513
Fisuc_1744,120.8640
Fisuc_1745,39.8594
Fisuc_1746,72.0041
Fisuc_1747,0.0000
Fisuc_1748,9.0005
Fisuc_1749,5.1431
Fisuc_1750,379.3071
Fisuc_1751,37.2878
Fisuc_1752,60.4320
Fisuc_1753,68.1467
Fisuc_1754,222.4411
Fisuc_1755,93.8624
Fisuc_1756,218.5838
Fisuc_1757,234.0132
Fisuc_1758,144.0081
Fisuc_1759,129.8645
Fisuc_1760,993.9133
Fisuc_1761,1992.9698
Fisuc_1762,1770.5286
Fisuc_1763,1746.0987
Fisuc_1764,735.4701
Fisuc_1765,781.7585
Fisuc_1766,75.8614
Fisuc_1767,424.3097
Fisuc_1768,47.5741
Fisuc_1769,970.7691
Fisuc_1771,55.2888
Fisuc_1772,9.0005
Fisuc_1773,696.8965
Fisuc_1774,981.0554
Fisuc_1775,799.7595
Fisuc_1776,55.2888
Fisuc_1777,24.4300
Fisuc_1778,7.7147
Fisuc_1779,141.4366
Fisuc_1780,68.1467
Fisuc_1781,12.8579
Fisuc_1782,516.8864
Fisuc_1783,579.8899
Fisuc_1784,365.1635
Fisuc_1785,0.0000
Fisuc_1786,30.8589
Fisuc_1787,50.1457
Fisuc_1788,1622.6631
Fisuc_1789,408.8802
Fisuc_1790,181.2960
Fisuc_1791,285.4447
Fisuc_1793,2008.3992
Fisuc_1794,892.3361
Fisuc_1795,722.6123
Fisuc_1796,203.1543
Fisuc_1797,20.5726
Fisuc_1798,186.4391
Fisuc_1799,19.2868
Fisuc_1800,153.0086
Fisuc_1801,104.1487
Fisuc_1802,914.1945
Fisuc_1803,250.7285
Fisuc_1804,72.0041
Fisuc_1805,384.4503
Fisuc_1806,0.0000
Fisuc_1807,284.1589
Fisuc_1808,155.5802
Fisuc_1809,72.0041
Fisuc_1812,9.0005
Fisuc_1813,506.6001
Fisuc_1814,42.4310
Fisuc_1815,66.8609
Fisuc_1816,56.5746
Fisuc_1817,154.2944
Fisuc_1818,3.8574
Fisuc_1819,83.5762
Fisuc_1820,1.2858
Fisuc_1821,7.7147
Fisuc_1822,9.0005
Fisuc_1823,18.0010
Fisuc_1824,102.8630
Fisuc_1825,1152.0651
Fisuc_1826,99.0056
Fisuc_1827,577.3183
Fisuc_1828,844.7620
Fisuc_1829,235.2990
Fisuc_1830,262.3005
Fisuc_1831,57.8604
Fisuc_1832,217.2980
Fisuc_1833,11.5721
Fisuc_1835,42.4310
Fisuc_1836,24.4300
Fisuc_1837,7.7147
Fisuc_1838,102.8630
Fisuc_1839,5.1431
Fisuc_1840,55.2888
Fisuc_1841,39.8594
Fisuc_1843,543.8879
Fisuc_1844,173.5812
Fisuc_1846,43.7168
Fisuc_1847,47.5741
Fisuc_1848,77.1472
Fisuc_1849,15.4294
Fisuc_1850,169.7239
Fisuc_1851,108.0061
Fisuc_1852,129.8645
Fisuc_1856,28.2873
Fisuc_1857,54.0031
Fisuc_1858,16.7152
Fisuc_1859,64.2893
Fisuc_1860,497.5995
Fisuc_1861,146.5797
Fisuc_1862,50.1457
Fisuc_1863,284.1589
Fisuc_1864,6.4289
Fisuc_1865,11.5721
Fisuc_1866,83.5762
Fisuc_1869,12.8579
Fisuc_1870,9.0005
Fisuc_1871,118.2924
Fisuc_1872,109.2919
Fisuc_1873,1.2858
Fisuc_1874,236.5848
Fisuc_1875,698.1823
Fisuc_1876,105.4345
Fisuc_1877,560.6031
Fisuc_1878,199.2970
Fisuc_1879,257.1574
Fisuc_1880,3.8574
Fisuc_1881,194.1538
Fisuc_1882,48.8599
Fisuc_1883,153.0086
Fisuc_1884,27.0015
Fisuc_1885,43.7168
Fisuc_1886,106.7203
Fisuc_1887,69.4325
Fisuc_1889,16.7152
Fisuc_1890,3.8574
Fisuc_1891,646.7508
Fisuc_1892,1503.0849
Fisuc_1893,2517.5708
Fisuc_1894,586.3188
Fisuc_1895,516.8864
Fisuc_1896,183.8675
Fisuc_1897,185.1533
Fisuc_1898,1648.3789
Fisuc_1899,34.7162
Fisuc_1900,636.4645
Fisuc_1901,39.8594
Fisuc_1902,9.0005
Fisuc_1903,32.1447
Fisuc_1904,24.4300
Fisuc_1906,348.4483
Fisuc_1907,452.5970
Fisuc_1908,54.0031
Fisuc_1909,9.0005
Fisuc_1910,19.2868
Fisuc_1911,3.8574
Fisuc_1912,84.8619
Fisuc_1913,88.7193
Fisuc_1914,100.2914
Fisuc_1915,36.0020
Fisuc_1916,117.0066
Fisuc_1917,66.8609
Fisuc_1918,92.5767
Fisuc_1919,77.1472
Fisuc_1920,101.5772
Fisuc_1921,9.0005
Fisuc_1922,90.0051
Fisuc_1923,128.5787
Fisuc_1924,64.2893
Fisuc_1925,266.1579
Fisuc_1926,64.2893
Fisuc_1927,52.7173
Fisuc_1928,34.7162
Fisuc_1929,29.5731
Fisuc_1930,38.5736
Fisuc_1931,137.5792
Fisuc_1932,555.4600
Fisuc_1933,56.5746
Fisuc_1935,34.7162
Fisuc_1936,101.5772
Fisuc_1937,70.7183
Fisuc_1938,10.2863
Fisuc_1939,82.2904
Fisuc_1940,75.8614
Fisuc_1941,54.0031
Fisuc_1942,119.5782
Fisuc_1943,11.5721
Fisuc_1944,50.1457
Fisuc_1945,230.1559
Fisuc_1947,19.2868
Fisuc_1948,433.3102
Fisuc_1949,96.4340
Fisuc_1951,36.0020
Fisuc_1953,455.1686
Fisuc_1954,82.2904
Fisuc_1955,655.7513
Fisuc_1956,25.7157
Fisuc_1957,0.0000
Fisuc_1958,25.7157
Fisuc_1959,153.0086
Fisuc_1961,126.0071
Fisuc_1962,90.0051
Fisuc_1963,104.1487
Fisuc_1964,1.2858
Fisuc_1965,293.1594
Fisuc_1966,29.5731
Fisuc_1967,12.8579
Fisuc_1968,30.8589
Fisuc_1970,15.4294
Fisuc_1971,7.7147
Fisuc_1972,9.0005
Fisuc_1973,9.0005
Fisuc_1974,101.5772
Fisuc_1975,59.1462
Fisuc_1976,5.1431
Fisuc_1977,18.0010
Fisuc_1978,60.4320
Fisuc_1979,2677.0084
Fisuc_1980,136.2934
Fisuc_1981,392.1650
Fisuc_1982,24.4300
Fisuc_1983,23.1442
Fisuc_1984,18.0010
Fisuc_1985,11.5721
Fisuc_1986,91.2909
Fisuc_1987,52.7173
Fisuc_1989,6.4289
Fisuc_1990,79.7188
Fisuc_1991,82.2904
Fisuc_1992,131.1503
Fisuc_1993,48.8599
Fisuc_1994,124.7213
Fisuc_1995,56.5746
Fisuc_1996,83.5762
Fisuc_1997,37.2878
Fisuc_1998,39.8594
Fisuc_1999,111.8635
Fisuc_2000,244.2995
Fisuc_2001,122.1498
Fisuc_2002,34.7162
Fisuc_2004,11.5721
Fisuc_2005,156.8660
Fisuc_2006,10.2863
Fisuc_2007,48.8599
Fisuc_2008,48.8599
Fisuc_2009,0.0000
Fisuc_2010,20.5726
Fisuc_2011,123.4355
Fisuc_2012,366.4493
Fisuc_2013,186.4391
Fisuc_2014,9.0005
Fisuc_2015,272.5868
Fisuc_2016,173.5812
Fisuc_2017,72.0041
Fisuc_2018,154.2944
Fisuc_2019,172.2955
Fisuc_2020,186.4391
Fisuc_2021,276.4442
Fisuc_2022,1263.9286
Fisuc_2023,151.7229
Fisuc_2024,5.1431
Fisuc_2025,93.8624
Fisuc_2026,144.0081
Fisuc_2027,29.5731
Fisuc_2028,218.5838
Fisuc_2029,39.8594
Fisuc_2030,46.2883
Fisuc_2031,410.1660
Fisuc_2032,676.3239
Fisuc_2033,70.7183
Fisuc_2034,313.7320
Fisuc_2035,124.7213
Fisuc_2036,25.7157
Fisuc_2037,6.4289
Fisuc_2038,243.0137
Fisuc_2039,129.8645
Fisuc_2040,66.8609
Fisuc_2041,3390.6202
Fisuc_2042,380.5929
Fisuc_2043,36.0020
Fisuc_2044,75.8614
Fisuc_2045,68.1467
Fisuc_2046,42.4310
Fisuc_2047,129.8645
Fisuc_2048,129.8645
Fisuc_2049,133.7218
Fisuc_2050,20.5726
Fisuc_2051,63.0036
Fisuc_2052,126.0071
Fisuc_2053,27.0015
Fisuc_2054,118.2924
Fisuc_2055,6.4289
Fisuc_2056,51.4315
Fisuc_2058,20.5726
Fisuc_2059,54.0031
Fisuc_2060,15.4294
Fisuc_2061,36.0020
Fisuc_2063,18.0010
Fisuc_2064,9.0005
Fisuc_2065,46.2883
Fisuc_2066,196.7254
Fisuc_2067,304.7315
Fisuc_2068,1109.6341
Fisuc_2069,379.3071
Fisuc_2070,47.5741
Fisuc_2071,114.4350
Fisuc_2072,59.1462
Fisuc_2073,34.7162
Fisuc_2074,56.5746
Fisuc_2075,11.5721
Fisuc_2076,10.2863
Fisuc_2077,5.1431
Fisuc_2078,34.7162
Fisuc_2079,14.1437
Fisuc_2080,217.2980
Fisuc_2081,120.8640
Fisuc_2082,23.1442
Fisuc_2083,36.0020
Fisuc_2084,52.7173
Fisuc_2085,122.1498
Fisuc_2086,12.8579
Fisuc_2087,136.2934
Fisuc_2088,307.3031
Fisuc_2089,165.8665
Fisuc_2090,162.0092
Fisuc_2092,29.5731
Fisuc_2093,19.2868
Fisuc_2094,27.0015
Fisuc_2095,97.7198
Fisuc_2096,19.2868
Fisuc_2097,455.1686
Fisuc_2098,48.8599
Fisuc_2099,46.2883
Fisuc_2101,1.2858
Fisuc_2102,7.7147
Fisuc_2103,23.1442
Fisuc_2104,45.0025
Fisuc_2105,9.0005
Fisuc_2106,11.5721
Fisuc_2107,14.1437
Fisuc_2109,43.7168
Fisuc_2110,77.1472
Fisuc_2111,119.5782
Fisuc_2113,141.4366
Fisuc_2114,38.5736
Fisuc_2115,38.5736
Fisuc_2116,16.7152
Fisuc_2117,20.5726
Fisuc_2118,18.0010
Fisuc_2119,253.3000
Fisuc_2120,622.3209
Fisuc_2121,127.2929
Fisuc_2122,102.8630
Fisuc_2123,1.2858
Fisuc_2124,308.5889
Fisuc_2125,285.4447
Fisuc_2126,299.5884
Fisuc_2127,136.2934
Fisuc_2128,100.2914
Fisuc_2129,52.7173
Fisuc_2130,86.1477
Fisuc_2131,100.2914
Fisuc_2132,100.2914
Fisuc_2133,12.8579
Fisuc_2134,16.7152
Fisuc_2135,10.2863
Fisuc_2136,63.0036
Fisuc_2137,87.4335
Fisuc_2138,69.4325
Fisuc_2139,74.5756
Fisuc_2140,20.5726
Fisuc_2141,95.1482
Fisuc_2142,149.1513
Fisuc_2143,140.1508
Fisuc_2144,370.3066
Fisuc_2145,174.8670
Fisuc_2146,10.2863
Fisuc_2147,689.1818
Fisuc_2148,32.1447
Fisuc_2149,15.4294
Fisuc_2150,39.8594
Fisuc_2151,154.2944
Fisuc_2152,126.0071
Fisuc_2153,180.0102
Fisuc_2154,46.2883
Fisuc_2155,259.7290
Fisuc_2156,108.0061
Fisuc_2157,201.8686
Fisuc_2158,106.7203
Fisuc_2159,27.0015
Fisuc_2160,366.4493
Fisuc_2161,0.0000
Fisuc_2162,124.7213
Fisuc_2164,257.1574
Fisuc_2165,39.8594
Fisuc_2166,0.0000
Fisuc_2167,221.1554
Fisuc_2168,156.8660
Fisuc_2169,327.8757
Fisuc_2170,61.7178
Fisuc_2171,73.2899
Fisuc_2172,61.7178
Fisuc_2173,174.8670
Fisuc_2174,15.4294
Fisuc_2175,9.0005
Fisuc_2176,32.1447
Fisuc_2177,3.8574
Fisuc_2179,74.5756
Fisuc_2180,21.8584
Fisuc_2181,32.1447
Fisuc_2182,20.5726
Fisuc_2184,105.4345
Fisuc_2186,3.8574
Fisuc_2187,141.4366
Fisuc_2188,218.5838
Fisuc_2189,91.2909
Fisuc_2190,255.8716
Fisuc_2191,113.1493
Fisuc_2192,68.1467
Fisuc_2193,78.4330
Fisuc_2194,60.4320
Fisuc_2196,10.2863
Fisuc_2197,19.2868
Fisuc_2198,73.2899
Fisuc_2199,5.1431
Fisuc_2200,37.2878
Fisuc_2201,93.8624
Fisuc_2202,225.0127
Fisuc_2203,9.0005
Fisuc_2204,438.4533
Fisuc_2205,110.5777
Fisuc_2206,74.5756
Fisuc_2207,9.0005
Fisuc_2208,73.2899
Fisuc_2209,288.0163
Fisuc_2210,95.1482
Fisuc_2211,36.0020
Fisuc_2212,65.5751
Fisuc_2213,14.1437
Fisuc_2214,101.5772
Fisuc_2215,162.0092
Fisuc_2216,111.8635
Fisuc_2217,0.0000
Fisuc_2218,34.7162
Fisuc_2219,56.5746
Fisuc_2220,65.5751
Fisuc_2221,24.4300
Fisuc_2222,41.1452
Fisuc_2223,30.8589
Fisuc_2224,50.1457
Fisuc_2225,63.0036
Fisuc_2226,43.7168
Fisuc_2227,155.5802
Fisuc_2228,16.7152
Fisuc_2229,210.8691
Fisuc_2230,154.2944
Fisuc_2231,39.8594
Fisuc_2232,2.5716
Fisuc_2233,10.2863
Fisuc_2234,60.4320
Fisuc_2235,30.8589
Fisuc_2236,21.8584
Fisuc_2237,132.4361
Fisuc_2238,79.7188
Fisuc_2239,623.6067
Fisuc_2240,63.0036
Fisuc_2241,65.5751
Fisuc_2242,194.1538
Fisuc_2243,100.2914
Fisuc_2244,87.4335
Fisuc_2245,73.2899
Fisuc_2246,73.2899
Fisuc_2247,16.7152
Fisuc_2248,210.8691
Fisuc_2249,3696.6375
Fisuc_2250,276.4442
Fisuc_2251,135.0076
Fisuc_2252,417.8808
Fisuc_2253,217.2980
Fisuc_2254,99.0056
Fisuc_2255,46.2883
Fisuc_2256,313.7320
Fisuc_2257,38.5736
Fisuc_2258,158.1518
Fisuc_2259,21.8584
Fisuc_2260,41.1452
Fisuc_2261,727.7554
Fisuc_2262,540.0305
Fisuc_2263,50.1457
Fisuc_2264,68.1467
Fisuc_2265,25.7157
Fisuc_2266,69.4325
Fisuc_2267,200.5828
Fisuc_2268,309.8747
Fisuc_2269,522.0295
Fisuc_2270,16.7152
Fisuc_2271,84.8619
Fisuc_2272,438.4533
Fisuc_2273,69.4325
Fisuc_2274,124.7213
Fisuc_2275,311.1604
Fisuc_2276,81.0046
Fisuc_2277,713.6118
Fisuc_2278,74.5756
Fisuc_2279,99.0056
Fisuc_2280,90.0051
Fisuc_2281,15.4294
Fisuc_2282,97.7198
Fisuc_2283,20.5726
Fisuc_2284,788.1874
Fisuc_2285,66.8609
Fisuc_2286,29.5731
Fisuc_2287,230.1559
Fisuc_2288,21.8584
Fisuc_2289,55.2888
Fisuc_2290,73.2899
Fisuc_2291,123.4355
Fisuc_2292,0.0000
Fisuc_2293,324.0183
Fisuc_2294,344.5909
Fisuc_2295,245.5853
Fisuc_2296,753.4711
Fisuc_2297,47.5741
Fisuc_2298,54.0031
Fisuc_2299,46.2883
Fisuc_2300,486.0275
Fisuc_2301,46.2883
Fisuc_2302,72.0041
Fisuc_2303,196.7254
Fisuc_2304,819.0463
Fisuc_2305,68.1467
Fisuc_2306,38.5736
Fisuc_2307,78.4330
Fisuc_2308,623.6067
Fisuc_2309,50.1457
Fisuc_2310,24.4300
Fisuc_2311,52.7173
Fisuc_2312,10.2863
Fisuc_2313,14.1437
Fisuc_2314,205.7259
Fisuc_2315,34.7162
Fisuc_2316,86.1477
Fisuc_2317,153.0086
Fisuc_2318,64.2893
Fisuc_2319,19.2868
Fisuc_2320,330.4472
Fisuc_2321,42.4310
Fisuc_2322,72.0041
Fisuc_2323,272.5868
Fisuc_2324,50.1457
Fisuc_2325,150.4371
Fisuc_2326,385.7361
Fisuc_2327,131.1503
Fisuc_2328,119.5782
Fisuc_2329,29.5731
Fisuc_2330,446.1681
Fisuc_2331,65.5751
Fisuc_2332,235.2990
Fisuc_2333,9.0005
Fisuc_2334,41.1452
Fisuc_2336,39.8594
Fisuc_2337,29.5731
Fisuc_2338,32.1447
Fisuc_2341,5.1431
Fisuc_2342,23.1442
Fisuc_2343,34.7162
Fisuc_2344,32.1447
Fisuc_2346,96.4340
Fisuc_2347,267.4437
Fisuc_2348,203.1543
Fisuc_2349,43.7168
Fisuc_2350,75.8614
Fisuc_2351,263.5863
Fisuc_2352,153.0086
Fisuc_2353,204.4401
Fisuc_2354,212.1548
Fisuc_2357,167.1523
Fisuc_2358,354.8772
Fisuc_2359,39.8594
Fisuc_2360,168.4381
Fisuc_2361,104.1487
Fisuc_2362,272.5868
Fisuc_2363,132.4361
Fisuc_2364,277.7300
Fisuc_2365,69.4325
Fisuc_2366,88.7193
Fisuc_2367,164.5807
Fisuc_2368,810.0458
Fisuc_2369,300.8741
Fisuc_2370,786.9016
Fisuc_2371,135.0076
Fisuc_2372,180.0102
Fisuc_2373,84.8619
Fisuc_2374,34.7162
Fisuc_2375,144.0081
Fisuc_2376,36.0020
Fisuc_2377,6509.9393
Fisuc_2378,11035.9093
Fisuc_2379,12.8579
Fisuc_2380,402.4513
Fisuc_2381,594.0336
Fisuc_2382,43.7168
Fisuc_2383,46.2883
Fisuc_2384,68.1467
Fisuc_2385,95.1482
Fisuc_2386,882.0498
Fisuc_2387,137.5792
Fisuc_2388,986.1986
Fisuc_2389,491.1706
Fisuc_2390,690.4676
Fisuc_2391,388.3077
Fisuc_2392,709.7544
Fisuc_2393,37.2878
Fisuc_2394,14.1437
Fisuc_2395,218.5838
Fisuc_2396,16.7152
Fisuc_2397,9.0005
Fisuc_2398,66.8609
Fisuc_2399,25.7157
Fisuc_2400,129.8645
Fisuc_2401,30.8589
Fisuc_2402,12.8579
Fisuc_2403,87.4335
Fisuc_2404,48.8599
Fisuc_2405,46.2883
Fisuc_2406,258.4432
Fisuc_2407,99.0056
Fisuc_2409,68.1467
Fisuc_2410,262.3005
Fisuc_2411,32.1447
Fisuc_2413,205.7259
Fisuc_2414,12.8579
Fisuc_2415,36.0020
Fisuc_2416,676.3239
Fisuc_2417,20.5726
Fisuc_2418,27.0015
Fisuc_2419,68.1467
Fisuc_2420,16.7152
Fisuc_2421,3.8574
Fisuc_2423,37.2878
Fisuc_2424,108.0061
Fisuc_2425,47.5741
Fisuc_2426,19.2868
Fisuc_2427,73.2899
Fisuc_2428,308.5889
Fisuc_2429,111.8635
Fisuc_2430,52.7173
Fisuc_2431,205.7259
Fisuc_2432,294.4452
Fisuc_2433,164.5807
Fisuc_2434,236.5848
Fisuc_2435,7.7147
Fisuc_2436,59.1462
Fisuc_2437,36.0020
Fisuc_2438,79.7188
Fisuc_2439,2113.8337
Fisuc_2441,59.1462
Fisuc_2442,123.4355
Fisuc_2443,36.0020
Fisuc_2444,24.4300
Fisuc_2445,24.4300
Fisuc_2446,48.8599
Fisuc_2447,11.5721
Fisuc_2448,2.5716
Fisuc_2449,5.1431
Fisuc_2450,2.5716
Fisuc_2451,72.0041
Fisuc_2452,164.5807
Fisuc_2453,18.0010
Fisuc_2454,23.1442
Fisuc_2455,82.2904
Fisuc_2456,77.1472
Fisuc_2457,14.1437
Fisuc_2458,2.5716
Fisuc_2460,163.2949
Fisuc_2461,69.4325
Fisuc_2462,469.3122
Fisuc_2463,51.4315
Fisuc_2464,21.8584
Fisuc_2465,7.7147
Fisuc_2466,28.2873
Fisuc_2467,16.7152
Fisuc_2468,6.4289
Fisuc_2469,12.8579
Fisuc_2470,47.5741
Fisuc_2471,86.1477
Fisuc_2472,92.5767
Fisuc_2474,142.7224
Fisuc_2475,69.4325
Fisuc_2476,186.4391
Fisuc_2477,155.5802
Fisuc_2478,88.7193
Fisuc_2479,122.1498
Fisuc_2480,38.5736
Fisuc_2481,69.4325
Fisuc_2482,774.0437
Fisuc_2483,14.1437
Fisuc_2484,480.8843
Fisuc_2485,34.7162
Fisuc_2486,124.7213
Fisuc_2487,20.5726
Fisuc_2488,83.5762
Fisuc_2489,209.5833
Fisuc_2490,461.5975
Fisuc_2491,159.4376
Fisuc_2492,349.7340
Fisuc_2493,743.1849
Fisuc_2494,120.8640
Fisuc_2495,7.7147
Fisuc_2496,34.7162
Fisuc_2497,42.4310
Fisuc_2498,21.8584
Fisuc_2499,24.4300
Fisuc_2500,82.2904
Fisuc_2501,16.7152
Fisuc_2503,230.1559
Fisuc_2504,20.5726
Fisuc_2505,12.8579
Fisuc_2506,153.0086
Fisuc_2507,75.8614
Fisuc_2508,24.4300
Fisuc_2509,2394.1353
Fisuc_2511,41.1452
Fisuc_2512,16.7152
Fisuc_2513,21.8584
Fisuc_2514,6.4289
Fisuc_2515,70.7183
Fisuc_2516,97.7198
Fisuc_2517,9.0005
Fisuc_2518,18.0010
Fisuc_2519,122.1498
Fisuc_2520,131.1503
Fisuc_2521,252.0142
Fisuc_2522,59.1462
Fisuc_2523,46.2883
Fisuc_2524,267.4437
Fisuc_2525,253.3000
Fisuc_2526,32.1447
Fisuc_2527,248.1569
Fisuc_2528,34.7162
Fisuc_2529,14.1437
Fisuc_2530,6.4289
Fisuc_2531,52.7173
Fisuc_2532,23.1442
Fisuc_2533,1006.7712
Fisuc_2534,311.1604
Fisuc_2535,277.7300
Fisuc_2536,221.1554
Fisuc_2537,141.4366
Fisuc_2538,545.1737
Fisuc_2539,123.4355
Fisuc_2540,19.2868
Fisuc_2541,12.8579
Fisuc_2542,19.2868
Fisuc_2543,666.0376
Fisuc_2544,114.4350
Fisuc_2545,24.4300
Fisuc_2546,113.1493
Fisuc_2547,92.5767
Fisuc_2548,136.2934
Fisuc_2549,138.8650
Fisuc_2550,303.4457
Fisuc_2551,36.0020
Fisuc_2552,626.1782
Fisuc_2553,276.4442
Fisuc_2554,725.1838
Fisuc_2555,690.4676
Fisuc_2556,147.8655
Fisuc_2557,68.1467
Fisuc_2558,129.8645
Fisuc_2559,27.0015
Fisuc_2560,101.5772
Fisuc_2561,56.5746
Fisuc_2562,574.7468
Fisuc_2563,15.4294
Fisuc_2564,203.1543
Fisuc_2565,61.7178
Fisuc_2566,72.0041
Fisuc_2567,21.8584
Fisuc_2568,18.0010
Fisuc_2569,18.0010
Fisuc_2570,39.8594
Fisuc_2571,11.5721
Fisuc_2572,145.2939
Fisuc_2573,23.1442
Fisuc_2574,209.5833
Fisuc_2575,144.0081
Fisuc_2576,298.3026
Fisuc_2577,288.0163
Fisuc_2578,135.0076
Fisuc_2579,120.8640
Fisuc_2580,42.4310
Fisuc_2581,331.7330
Fisuc_2582,106.7203
Fisuc_2583,11.5721
Fisuc_2584,37.2878
Fisuc_2585,37.2878
Fisuc_2586,43.7168
Fisuc_2587,51.4315
Fisuc_2588,110.5777
Fisuc_2589,5.1431
Fisuc_2590,1.2858
Fisuc_2591,156.8660
Fisuc_2592,18.0010
Fisuc_2593,3.8574
Fisuc_2594,19.2868
Fisuc_2595,1.2858
Fisuc_2597,78.4330
Fisuc_2598,19.2868
Fisuc_2599,294.4452
Fisuc_2600,11.5721
Fisuc_2601,7.7147
Fisuc_2602,19.2868
Fisuc_2603,16.7152
Fisuc_2604,20.5726
Fisuc_2605,59.1462
Fisuc_2606,25.7157
Fisuc_2607,16.7152
Fisuc_2608,25.7157
Fisuc_2609,42.4310
Fisuc_2610,20.5726
Fisuc_2611,270.0153
Fisuc_2612,131.1503
Fisuc_2613,221.1554
Fisuc_2614,59.1462
Fisuc_2615,596.6051
Fisuc_2616,129.8645
Fisuc_2617,21.8584
Fisuc_2619,48.8599
Fisuc_2620,113.1493
Fisuc_2621,20.5726
Fisuc_2622,48.8599
Fisuc_2623,32.1447
Fisuc_2624,2313.1307
Fisuc_2625,6.4289
Fisuc_2626,60.4320
Fisuc_2627,91.2909
Fisuc_2628,123.4355
Fisuc_2629,65.5751
Fisuc_2631,0.0000
Fisuc_2632,0.0000
Fisuc_2634,0.0000
Fisuc_2635,232.7274
Fisuc_2636,6.4289
Fisuc_2637,162.0092
Fisuc_2638,24.4300
Fisuc_2639,217.2980
Fisuc_2640,847.3336
Fisuc_2641,10.2863
Fisuc_2642,24.4300
Fisuc_2643,33.4305
Fisuc_2644,181.2960
Fisuc_2645,30.8589
Fisuc_2646,28.2873
Fisuc_2648,381.8787
Fisuc_2649,113.1493
Fisuc_2650,727.7554
Fisuc_2651,1080.0610
Fisuc_2652,993.9133
Fisuc_2653,923.1950
Fisuc_2654,513.0290
Fisuc_2655,690.4676
Fisuc_2656,585.0331
Fisuc_2657,708.4686
Fisuc_2658,171.0097
Fisuc_2659,691.7534
Fisuc_2660,253.3000
Fisuc_2661,48.8599
Fisuc_2662,138.8650
Fisuc_2663,74.5756
Fisuc_2664,61.7178
Fisuc_2665,128.5787
Fisuc_2666,140.1508
Fisuc_2667,159.4376
Fisuc_2668,235.2990
Fisuc_2669,338.1620
Fisuc_2670,250.7285
Fisuc_2671,381.8787
Fisuc_2672,128.5787
Fisuc_2674,36.0020
Fisuc_2675,10.2863
Fisuc_2676,7.7147
Fisuc_2677,20.5726
Fisuc_2678,12.8579
Fisuc_2679,10.2863
Fisuc_2680,5.1431
Fisuc_2681,5.1431
Fisuc_2682,1.2858
Fisuc_2684,3.8574
Fisuc_2688,0.0000
Fisuc_2690,145.2939
Fisuc_2691,46.2883
Fisuc_2692,334.3046
Fisuc_2693,65.5751
Fisuc_2694,14.1437
Fisuc_2697,356.1630
Fisuc_2698,180.0102
Fisuc_2699,0.0000
Fisuc_2700,82.2904
Fisuc_2701,25.7157
Fisuc_2703,174.8670
Fisuc_2704,405.0229
Fisuc_2705,3.8574
Fisuc_2706,54.0031
Fisuc_2707,29.5731
Fisuc_2708,29.5731
Fisuc_2709,63.0036
Fisuc_2710,41.1452
Fisuc_2711,38.5736
Fisuc_2712,24.4300
Fisuc_2713,120.8640
Fisuc_2714,30.8589
Fisuc_2715,380.5929
Fisuc_2716,21.8584
Fisuc_2717,61.7178
Fisuc_2718,126.0071
Fisuc_2719,29.5731
Fisuc_2720,421.7381
Fisuc_2721,14.1437
Fisuc_2722,90.0051
Fisuc_2724,14.1437
Fisuc_2725,86.1477
Fisuc_2726,68.1467
Fisuc_2727,48.8599
Fisuc_2728,82.2904
Fisuc_2729,99.0056
Fisuc_2730,90.0051
Fisuc_2731,209.5833
Fisuc_2732,9.0005
Fisuc_2733,33.4305
Fisuc_2734,19.2868
Fisuc_2735,105.4345
Fisuc_2736,96.4340
Fisuc_2737,51.4315
Fisuc_2738,24.4300
Fisuc_2739,119.5782
Fisuc_2740,41.1452
Fisuc_2741,132.4361
Fisuc_2742,90.0051
Fisuc_2743,11.5721
Fisuc_2744,1198.3534
Fisuc_2745,312.4462
Fisuc_2746,221.1554
Fisuc_2747,258.4432
Fisuc_2748,102.8630
Fisuc_2749,34.7162
Fisuc_2750,255.8716
Fisuc_2751,19.2868
Fisuc_2752,838.3331
Fisuc_2753,231.4416
Fisuc_2754,181.2960
Fisuc_2755,333.0188
Fisuc_2756,231.4416
Fisuc_2757,272.5868
Fisuc_2758,101.5772
Fisuc_2759,182.5817
Fisuc_2760,60.4320
Fisuc_2761,111.8635
Fisuc_2762,675.0381
Fisuc_2763,372.8782
Fisuc_2764,30.8589
Fisuc_2765,54.0031
Fisuc_2766,86.1477
Fisuc_2767,163.2949
Fisuc_2768,264.8721
Fisuc_2769,39.8594
Fisuc_2770,421.7381
Fisuc_2771,25.7157
Fisuc_2772,51.4315
Fisuc_2773,14.1437
Fisuc_2774,675.0381
Fisuc_2775,181.2960
Fisuc_2776,63.0036
Fisuc_2777,69.4325
Fisuc_2778,430.7386
Fisuc_2779,61.7178
Fisuc_2780,221.1554
Fisuc_2781,1.2858
Fisuc_2782,37.2878
Fisuc_2783,11.5721
Fisuc_2785,33.4305
Fisuc_2786,231.4416
Fisuc_2787,275.1584
Fisuc_2788,102.8630
Fisuc_2789,7.7147
Fisuc_2791,108.0061
Fisuc_2792,5.1431
Fisuc_2793,308.5889
Fisuc_2794,61.7178
Fisuc_2795,504.0285
Fisuc_2796,97.7198
Fisuc_2797,145.2939
Fisuc_2798,28.2873
Fisuc_2799,113.1493
Fisuc_2800,151.7229
Fisuc_2801,505.3143
Fisuc_2802,43.7168
Fisuc_2803,1040.2016
Fisuc_2804,930.9097
Fisuc_2805,3.8574
Fisuc_2806,538.7447
Fisuc_2807,101.5772
Fisuc_2808,20.5726
Fisuc_2809,69.4325
Fisuc_2810,174.8670
Fisuc_2811,1433.6524
Fisuc_2812,155.5802
Fisuc_2814,21.8584
Fisuc_2815,92.5767
Fisuc_2816,500.1711
Fisuc_2817,54.0031
Fisuc_2818,151.7229
Fisuc_2819,279.0158
Fisuc_2820,150.4371
Fisuc_2821,37.2878
Fisuc_2822,207.0117
Fisuc_2823,20.5726
Fisuc_2824,15.4294
Fisuc_2825,38.5736
Fisuc_2826,41.1452
Fisuc_2830,9.0005
Fisuc_2831,28.2873
Fisuc_2833,714.8975
Fisuc_2834,178.7244
Fisuc_2835,226.2985
Fisuc_2836,29.5731
Fisuc_2837,65.5751
Fisuc_2838,95.1482
Fisuc_2839,9.0005
Fisuc_2840,68.1467
Fisuc_2841,25.7157
Fisuc_2843,167.1523
Fisuc_2844,50.1457
Fisuc_2845,56.5746
Fisuc_2846,45.0025
Fisuc_2848,263.5863
Fisuc_2849,50.1457
Fisuc_2850,18.0010
Fisuc_2851,180.0102
Fisuc_2852,163.2949
Fisuc_2853,178.7244
Fisuc_2854,297.0168
Fisuc_2855,12.8579
Fisuc_2856,99.0056
Fisuc_2857,18.0010
Fisuc_2858,135.0076
Fisuc_2859,42.4310
Fisuc_2860,97.7198
Fisuc_2862,343.3051
Fisuc_2863,693.0392
Fisuc_2864,114.4350
Fisuc_2865,3.8574
Fisuc_2866,389.5934
Fisuc_2867,33.4305
Fisuc_2868,99.0056
Fisuc_2869,30.8589
Fisuc_2870,77.1472
Fisuc_2871,42.4310
Fisuc_2872,210.8691
Fisuc_2873,119.5782
Fisuc_2874,444.8823
Fisuc_2875,291.8736
Fisuc_2876,192.8680
Fisuc_2878,384.4503
Fisuc_2879,347.1625
Fisuc_2880,106.7203
Fisuc_2881,1396.3646
Fisuc_2882,6.4289
Fisuc_2883,7.7147
Fisuc_2884,32.1447
Fisuc_2885,20.5726
Fisuc_2886,180.0102
Fisuc_2887,146.5797
Fisuc_2888,267.4437
Fisuc_2889,3.8574
Fisuc_2890,48.8599
Fisuc_2891,1571.2316
Fisuc_2892,65.5751
Fisuc_2893,20.5726
Fisuc_2894,178.7244
Fisuc_2895,1100.6336
Fisuc_2896,438.4533
Fisuc_2897,543.8879
Fisuc_2898,358.7346
Fisuc_2899,59.1462
Fisuc_2900,1315.3600
Fisuc_2901,39.8594
Fisuc_2902,249.4427
Fisuc_2903,221.1554
Fisuc_2904,41.1452
Fisuc_2905,884.6214
Fisuc_2906,75.8614
Fisuc_2907,194.1538
Fisuc_2908,7.7147
Fisuc_2909,68.1467
Fisuc_2910,18.0010
Fisuc_2911,27.0015
Fisuc_2912,258.4432
Fisuc_2913,100.2914
Fisuc_2914,111.8635
Fisuc_2915,128.5787
Fisuc_2916,952.7681
Fisuc_2917,393.4508
Fisuc_2918,1086.4900
Fisuc_2919,146.5797
Fisuc_2920,5.1431
Fisuc_2921,205.7259
Fisuc_2922,1537.8012
Fisuc_2923,29.5731
Fisuc_2924,1.2858
Fisuc_2925,6.4289
Fisuc_2927,0.0000
Fisuc_2928,7.7147
Fisuc_2929,329.1615
Fisuc_2930,75.8614
Fisuc_2931,162.0092
Fisuc_2932,27.0015
Fisuc_2933,257.1574
Fisuc_2934,7.7147
Fisuc_2935,32.1447
Fisuc_2936,1.2858
Fisuc_2937,36.0020
Fisuc_2938,75.8614
Fisuc_2939,16.7152
Fisuc_2940,51.4315
Fisuc_2942,57.8604
Fisuc_2943,154.2944
Fisuc_2944,217.2980
Fisuc_2945,88.7193
Fisuc_2946,24.4300
Fisuc_2947,9.0005
Fisuc_2948,131.1503
Fisuc_2949,2619.1480
Fisuc_2950,33.4305
Fisuc_2951,19.2868
Fisuc_2952,14.1437
Fisuc_2953,28.2873
Fisuc_2954,7.7147
Fisuc_2955,25.7157
Fisuc_2956,86.1477
Fisuc_2957,198.0112
Fisuc_2958,91.2909
Fisuc_2959,66.8609
Fisuc_2960,41.1452
Fisuc_2961,7.7147
Fisuc_2962,306.0173
Fisuc_2963,484.7417
Fisuc_2964,654.4656
Fisuc_2965,686.6102
Fisuc_2966,55.2888
Fisuc_2967,6.4289
Fisuc_2968,106.7203
Fisuc_2969,9.0005
Fisuc_2970,50.1457
Fisuc_2971,510.4574
Fisuc_2972,0.0000
Fisuc_2973,298.3026
Fisuc_2974,2689.8663
Fisuc_2975,51.4315
Fisuc_2976,72.0041
Fisuc_2977,75.8614
Fisuc_2978,57.8604
Fisuc_2979,73.2899
Fisuc_2980,106.7203
Fisuc_2981,369.0209
Fisuc_2982,560.6031
Fisuc_2983,209.5833
Fisuc_2984,191.5823
Fisuc_2985,61.7178
Fisuc_2986,455.1686
Fisuc_2987,1099.3478
Fisuc_2988,536.1732
Fisuc_2989,0.0000
Fisuc_2990,384.4503
Fisuc_2992,299.5884
Fisuc_2993,14.1437
Fisuc_2994,78.4330
Fisuc_2995,52.7173
Fisuc_2996,5.1431
Fisuc_2997,244.2995
Fisuc_2998,5.1431
Fisuc_2999,16.7152
Fisuc_3000,15.4294
Fisuc_3001,10.2863
Fisuc_3002,18.0010
Fisuc_3003,83.5762
Fisuc_3004,19.2868
Fisuc_3005,5.1431
Fisuc_3006,32.1447
Fisuc_3007,16.7152
Fisuc_3008,7.7147
Fisuc_3009,88.7193
Fisuc_3010,3.8574
Fisuc_3011,69.4325
Fisuc_3012,56.5746
Fisuc_3013,7.7147
Fisuc_3014,14.1437
Fisuc_3015,230.1559
Fisuc_3016,54.0031
Fisuc_3017,253.3000
Fisuc_3018,621.0351
Fisuc_3019,10.2863
Fisuc_3020,59.1462
Fisuc_3021,196.7254
Fisuc_3022,47.5741
Fisuc_3023,63.0036
Fisuc_3024,102.8630
Fisuc_3025,19.2868
Fisuc_3026,10.2863
Fisuc_3027,45.0025
Fisuc_3028,92.5767
Fisuc_3030,74.5756
Fisuc_3031,114.4350
Fisuc_3032,38.5736
Fisuc_3033,25.7157
Fisuc_3034,23.1442
Fisuc_3035,20.5726
Fisuc_3036,126.0071
Fisuc_3037,271.3010
Fisuc_3038,15.4294
Fisuc_3039,244.2995
Fisuc_3040,51.4315
Fisuc_3041,136.2934
Fisuc_3042,173.5812
Fisuc_3043,65.5751
Fisuc_3044,0.0000
Fisuc_3045,333.0188
Fisuc_3046,158.1518
Fisuc_3047,851.1910
Fisuc_3048,12.8579
Fisuc_3049,576.0326
Fisuc_3050,111.8635
Fisuc_3051,3.8574
Fisuc_3052,27.0015
Fisuc_3053,24.4300
Fisuc_3054,33.4305
Fisuc_3055,5.1431
Fisuc_3056,127.2929
Fisuc_3057,109.2919
Fisuc_3058,46.2883
Fisuc_3059,154.2944
Fisuc_3060,12.8579
Fisuc_3061,84.8619
Fisuc_3062,354.8772
Fisuc_3063,20.5726
Fisuc_3064,21.8584
Fisuc_3065,27.0015
Fisuc_3067,9.0005
Fisuc_3068,83.5762
Fisuc_3069,16.7152
Fisuc_3070,816.4747
Fisuc_3071,42.4310
Fisuc_3072,30.8589
Fisuc_3073,66.8609
Fisuc_3074,273.8726
Fisuc_3075,43.7168
Fisuc_3076,366.4493
Fisuc_3077,39.8594
Fisuc_3078,91.2909
Fisuc_3079,237.8706
Fisuc_3080,177.4386
Fisuc_3081,357.4488
Fisuc_3082,42.4310
Fisuc_3083,24.4300
Fisuc_3084,12.8579
Fisuc_3085,37.2878
Fisuc_3086,156.8660
Fisuc_3088,29.5731
Fisuc_3089,30.8589
Fisuc_3090,331.7330
Fisuc_3091,69.4325
Fisuc_3092,64.2893
Fisuc_3093,48.8599
Fisuc_3094,24.4300
Fisuc_3095,25.7157
Fisuc_3096,97.7198
Fisuc_3097,20.5726
Fisuc_3098,43.7168
Fisuc_3099,86.1477
Fisuc_3100,299.5884
Fisuc_3101,57.8604
Fisuc_3102,132.4361
Fisuc_3103,371.5924
Fisuc_3104,14.1437
Fisuc_3105,41.1452
Fisuc_3106,37.2878
Fisuc_3107,30.8589
Fisuc_3108,214.7264
Fisuc_3109,114.4350
Fisuc_3110,74.5756
Fisuc_3111,1865.6769
Fisuc_3112,120.8640
Fisuc_3113,212.1548
Fisuc_3114,74.5756
Fisuc_3115,213.4406
Fisuc_3116,101.5772
Fisuc_3117,60.4320
Fisuc_3118,20.5726
Fisuc_3119,95.1482
Fisuc_3120,118.2924
rnpB,4108.0893
ssrA,20490.3007
