"Feature ID","RPKM"
MT2010,9.294
MT1012,417.5
MT0473,8.813
dnaA,96.483
dnaN,36.799
recF,32.235
MT0004,36.861
gyrB,327.194
gyrA,262.688
MT0007,138.743
MTt01,0.756
MTt02,1.532
MT0009,2.954
MT0010,18.215
ppi-1,159.427
MT0012,109.236
MT0013,67.392
MT0014,74.754
MT0015,55.872
MT0016,83.227
MT0017,94.827
MT0018,155.514
MT0019,116.191
ftsW-1,81.692
MT0021,124.467
MT0022,149.317
MT0023,350.666
MTt03,33.18
MT0024,30.409
MT0025,9.988
MT0026,65.182
MT0027,71.932
MT0028,60.58
MT0029,19.93
MT0030,17.58
MT0030.1,28.095
MT0031,38.822
MT0032,10.46
MT0033,8.356
MT0034,16.411
MT0035,18.318
MT0036,9.931
MT0037,10.636
acp-1,8.162
MT0039,10.441
MT0040,19.239
MT0041,55.224
MT0042,30.906
MT0043,110.156
MT0044,62.584
mtc28,180.693
leuS,21.152
MT0048,14.117
MT0049,13.944
MT0050,14.357
MT0051,109.196
MT0052,942.657
MT0053,563.998
MT0054,17.872
MT0055,123.36
ponA,118.382
MT0057,39.427
MT0058,30.803
rpsF,42.425
ssb,60.587
rpsR (NC_002755 59065..59320),60.061
rplI,78.406
MT0063,62.138
dnaB,85.587
MT0065,40.083
MT0066,87.488
MT0066.1,144.591
MT0066.2,93.775
celA,26.493
mitR,38.135
MT0069,48.169
MT0070,68.553
MT0071,45.051
icd-1,43.09
MT0073,17.879
MT0074,17.623
sdaA,11.638
glyA (NC_002755 77599..78877),8.566
MT0077,6.173
MT0078,41.374
MT0079,45.567
MT0080,30.954
MT0081,25.418
MT0082,18.665
MT0083,29.219
MT0084,9.129
MT0085,56.175
MT0085.1,170.053
MT0086,47.111
MT0087,30.383
MT0088,21.099
MT0089,36.639
MT0090,15.384
hycD,28.413
hyfE,23.891
MT0093,32.193
hycE,8.692
MT0096,63.151
MT0098,11.274
MT0099,5.061
MT0099.1,3.287
MT0100,10.616
MT0101,23.13
MT0102,18.725
MT0103,27.162
MT0104,7.323
MT0105,3.389
MT0106,11.446
MT0107,10.55
MT0108,12.522
MT0109,13.76
MT0110,21.436
MT0111,39.995
MT0112,29.697
MT0113,12.262
rpmB (NC_002755 123969..124254),1.839
MT0115,24.811
MT0116,47.597
MT0116.1,39.285
MT0117,164.011
MT0118,8.688
MT0119,20.365
MT0120,47.821
MT0121,42.839
gmhA,36.517
MT0123,26.734
MT0124,8.011
MT0125,36.891
MT0125.1,5.94
oxc,6.626
MT0127,10.367
fusA-1,25.33
MT0129,11.513
MT0130,9.844
MT0131,12.31
MT0132,6.148
MT0133,82.007
MT0134,26.892
pep2,33.246
MT0136,19.262
fbpC,351.024
MT0138,12.771
MT0139,11.439
MT0140,8.281
MT0141,72.552
MT0142,89.511
MT0143,75.531
MT0144,17.567
msrA,35.322
MT0146,19.642
MT0147,39.733
MT0148,40.504
MT0149,83.312
MT0150,36.812
MT0151,47.721
MT0152,286.885
MT0153,500.48
MT0154,230.462
MT0155,154.027
MT0156,154.167
MT0157,90.626
MT0158,19.411
MT0159,1.849
MT0160,9.03
MT0161,4.58
MT0162,28.381
MT0163,38.68
MT0164,30.928
pntB,82.335
MT0167,47.309
MT0168,25.909
MT0169,2.663
MT0170,6.466
MT0171,8.29
MT0172,11.11
MT0173,105.683
MT0174,49.828
MT0175,55.055
MT0176,234.248
MT0177,119.817
mce-1,157.716
MT0179,238.361
MT0180,305.717
MT0181,358.285
MT0182,305.652
MT0183,636.696
MT0184,598.164
MT0185,242.489
MT0186,328.417
MT0187,199.183
MT0188,115.575
MT0189,25.667
MT0190,31.137
sigG,51.118
MT0192,31.633
MT0193,89.369
MT0194,69.424
MT0195,139.89
MT0196,731.875
MT0197,35.72
MT0198,99.348
ilvD,71.478
MT0200,202.717
MT0201,45.855
MT0202,65.374
MT0203,10.359
MT0204,4.11
MT0204.1,2.718
MT0205,35.273
MT0206,28.768
MT0207,27.745
MT0208,50.574
MT0209,28.003
MT0210,47.6
MT0211,63.145
MT0212,65.139
MT0213,46.757
MT0214,59.362
MT0215,38.611
MT0216,253.558
MT0217,165.035
trmB,76.321
MT0219,17.481
MT0220,9.947
pckA,364.304
MT0222,35.288
MT0223,14.093
MT0224,9.345
MT0225,13.806
MT0226,7.925
MT0227,10.485
MT0228,7.668
MT0229,4.773
MT0230,200.695
MT0231,45.12
MT0232,44.948
MT0233,14.916
MT0234,14.692
MT0235,36.705
MT0236,21.093
MT0237,70.193
MT0238,28.606
MT0239,71.659
opd,24.853
MT0241,16.819
MT0242,51.735
MT0244,37.528
gabD1,40.357
MT0246,20.898
MT0247,64.704
MT0250,66.295
MT0251,31.188
MT0252,96.015
MT0253,304.856
MT0254,35.765
MT0255,45.869
fabG (NC_002755 290778..292143),65.87
MT0257,156.346
MT0258,427.11
MT0259,56.924
MT0260,20.835
MT0261,72.11
sdhA (NC_002755 298977..300918),83.555
MT0263,93.018
MT0264,70.677
MT0265,247.25
nirB,80.509
cobU,12.201
cobQ-1,15.49
MT0269,43.667
MT0270,32.891
MT0270.1,77.8
MT0270.2,60.572
MT0271,13.154
MT0272,4.931
MT0273,4.116
narK-1,2.643
aac,45.968
MT0276,42.047
MT0277,31.834
MT0278,33.251
MT0279,13.062
narK-2,26.649
MT0281,60.289
MT0282,17.691
MT0283,132.591
MT0284,87.854
MT0285,41.8
MT0286,25.975
MT0286.1,43.395
MT0287,72.431
MT0288,106.288
MT0289,79.274
MT0290,215.866
MT0291,11.484
MT0291.1,32.103
MT0291.2,4.853
MT0291.3,7.764
MT0291.4,22.263
MT0292,364.533
MT0293,235.818
MT0294,820.663
MT0295,1095.817
MT0296,982.842
MT0297,611.125
MT0298,550.487
MT0299,442.946
MT0300,680.581
MT0301,1195.091
MT0302,912.196
MT0303,665.686
MT0304,652.544
MT0305,225.743
MT0306,66.899
tam,9.113
MT0308,40.633
MT0310,15.704
MT0311,72.442
MT0312,284.528
MT0313,123.067
MT0314,105.805
MT0315,133.487
MT0316,82.001
MT0318,12.504
bluB,8.492
MT0320,10.369
MT0321,44.183
MT0322,88.724
baiE,13.612
MT0324,5.918
MT0325,0.588
MT0326,36.416
MT0327,213.072
MT0328,100.5
MT0328.1,68.413
MT0328.2,78.778
MT0329,67.906
MT0330,32.289
MT0332,46.476
MTt04,0.787
MT0333,7.869
pcp,20.543
MT0335,16.425
dcd,18.7
ugdA,3.672
MT0338,11.265
MT0339,11.801
MT0340,10.094
MT0341,9.45
MT0342,17.6
MT0343,64.608
MT0344,31.764
MT0345,16.111
MT0346,16.417
MT0347,26.352
rfbA,20.016
MT0349,13.994
MT0350,11.516
aspC,55.886
MT0352,113.917
MT0353,26.332
MT0355,19.088
MT0356,274.053
MT0357,62.594
MT0357.1,43.852
MT0359,10.277
MT0360,23.461
ansP-1,79.276
MT0362,15.812
MT0363,19.589
MT0364,13.298
dnaK,179.786
grpE,160.849
dnaJ-1,144.702
hspR,100.877
MT0369,47.276
MT0370,11.88
MT0372,33.276
purA,17.842
MT0374,4.853
MT0375,11.392
MT0376,13.925
MT0377,82.92
MT0378,22.274
fba,93.568
dedA,49.89
MT0381,24.715
MT0382,20.097
MT0383,48.867
MT0384,3.363
MT0384.1,6.76
MT0385,4.415
MT0386,2.451
MT0387,3.081
MT0388,4.319
MT0389,2.062
MT0390,3.934
MT0391,12.901
MT0392,17.098
MT0393,31.965
MT0394,46.663
pyrE,101.262
MT0396,281.497
clpB,43.944
MT0398,11.938
MT0399,16.889
MT0400,11.586
purT,14.651
MT0401.1,43.255
metZ,32.098
ndh-1,13.889
MT0404,20.597
MT0404.1,28.793
MT0405,1.869
MT0406,4.748
MT0407,7.913
MT0407.1,42.33
MT0408,21.588
MT0409,13.683
MT0410,30.559
MT0411,7.984
MT0412,7.752
MT0413,4.014
MT0414,7.301
MT0415,11.877
MT0416,3.576
MT0417,18.749
MT0418,26.979
MT0419,19.565
fgd,35.136
pta,32.755
ackA,42.845
MT0423,100.888
MT0424,118.178
MT0425,110.026
MT0426,41.494
thiE,12.709
MT0428,21.119
MT0429,10.409
thiG,10.895
MT0431,2.664
MT0432,34.5
MT0433,59.245
MT0434,45.198
MT0435,38.453
thiD,56.92
thiC,131.749
MT0438,94.343
MT0440,95.871
MT0441,67.232
xth,23.267
MT0443,11.671
def,32.254
MT0445,52.217
AT103,59.881
sodC,81.994
MT0448,52.673
MT0449,39.797
MT0450,15.739
MT0451,46.305
pssA,41.509
MT0453,35.225
moeA-1,23.619
MT0455,16.033
groEL (NC_002755 530056..531679),359.448
MT0457,79.681
MT0458,19.65
MT0459,82.55
MT0460,52.985
MT0461,26.742
MT0462,26.385
cfa-1,15.875
MT0464,8.91
MT0465,13.764
MT0466,76.863
MT0467,100.085
MT0468,13.756
MT0469,10.36
MT0470,36.934
MT0471,101.468
MT0472,9.356
MT0472.1,8.655
MT0474,22.162
MT0475,34.443
MT0476,83.698
MT0477,45.293
lpdA-1,88.749
MT0479,39.615
MT0480,59.758
MT0481,29.096
MT0482,76.912
aceA-1,669.891
MT0484,171.522
MT0485,165.15
cmaC,190.607
MT0487,13.997
MT0488,38.227
MT0489,127.646
MT0490,62.173
MT0491,63.878
MT0492,83.975
MT0493,394.095
MT0494,57.092
MT0495,134.919
deoC,64.704
MT0497,128.926
MT0498,23.111
MT0499,28.174
murB,15.162
MT0501,275.751
MT0502,44.6
MT0503,187.524
MT0504,162.029
MT0505,70.155
MT0506,7.549
MT0507,5.766
gpmA,60.175
senX3,136.115
regX3,134.282
MT0511,34.948
MT0512,10.994
MT0513,11.059
MT0514,4.953
MT0515,59.737
MT0516,53.789
MT0517,48.497
MT0518,21.276
MT0519,22.469
proC,32.265
MT0521,162.415
MT0522,85.471
MT0523,181.135
cma2,78.606
MT0525,33.165
MT0526,79.278
MT0527,48.262
MT0528,22.697
MT0529,32.484
hemA,274.199
hemC,352.937
MT0532,351.415
hemB,223.582
MT0534,208.326
MT0535,150.243
MT0536,195.056
MT0537,215.343
MT0538,18.278
MT0539,13.303
MT0540,36.832
MT0541,67.972
MT0542,7.964
MT0543,4.758
MT0544,27.31
MT0545,9.49
hemL,119.821
MT0547,87.972
MT0548,151.264
MT0549,135.804
MT0550,118.482
MT0551,77.884
MT0552,84.817
MT0553,120.062
MT0554,38.639
MT0555,36.277
MT0556,24.334
fabH,38.765
menA,14.045
mtaP,13.041
MT0560,14.88
MT0562,63.432
MT0563,52.152
MT0564,73.745
MT0565,13.093
MT0566,33.793
menE,68.822
MT0568,137.643
MT0569,97.891
MT0570,279.141
MT0571,29.343
MT0572,19.148
menB,35.248
MT0573.1,6.039
MT0574,22.224
MT0575,14.831
MT0576,5.226
MT0577,29.965
MT0578,22.189
MT0579,14.781
MT0580,20.74
menD,87.088
MT0582,66.472
MT0583,48.409
ubiE,65.337
MT0585,239.462
MT0586,19.892
MT0587,13.906
MT0588,101.505
htpX,221.64
gpsA (NC_002755 656375..657401),37.971
MT0591,11.639
MT0592,19.056
MTt05,0.693
tcmO,23.681
MT0594,92.665
MT0595,44.574
MT0596,11.103
MT0597,9.405
MT0598,8.522
MT0599,6.13
MT0600,2.08
MT0601,3.723
MT0602,5.757
MT0603,11.647
MT0604,36.876
MT0605,49.016
dnrV,87.424
MT0607,109.918
MT0608,211.704
MT0608.1,51.19
MT0609,37.213
MT0610,33.714
MT0611,44.841
MT0612,5.748
MT0613,12.137
MT0614,6.407
MT0615,61.133
MT0616,59.766
MT0617,55.414
mce-2,42.177
MT0619,37.879
MT0620,12.103
MT0621,7.219
MT0622,5.949
MT0623,11.945
MT0624,10.712
MT0625,15.735
MT0626,9.706
MT0627,75.807
MT0628,78.067
MT0629,53.601
MT0630,4.878
tcrA,3.053
MT0632,19.84
MT0633,62.345
MT0635,61.705
MT0636,14.558
MT0637,133.275
MT0638,126.173
MT0638.1,80.992
MT0639,17.158
MT0640,22.982
MT0641,98.573
MT0642,8.649
MT0643,41.906
MT0644,2.606
MT0645,81.438
MT0645.1,25.633
MT0645.2,126.428
MT0646,57.22
MT0647,9.935
galK,2.08
MT0649,10.608
MT0650,4.106
MT0651,88.607
MT0652,34.264
MT0653,16.42
MT0654,80.545
MT0655,59.763
MT0656,42.31
recD,30.326
recB,14.075
recC,5.445
MT0660,119.814
MT0661,23.74
MT0662,40.943
MT0662.1,109.535
MTt06,9.573
MTt07,14.369
rpmG (NC_002755 733156..733324),68.979
MT0664,117.81
MT0665,128.82
MT0666,113.91
MTt08,38.291
secE,276.79
nusG,352.245
rplK,294.155
rplA,440.289
mma4,203.634
mma3,66.718
mma2,39.372
mma1,34.64
estB,76.781
MT0675,67.642
MT0676,11.53
MT0677,8.887
MT0679,9.738
rplJ,59.969
rplL,69.791
MT0682,46.421
MT0683,20.301
MT0684,281.837
MT0685,18.805
MT0686,32.85
MT0687,36.223
MT0688,314.914
MT0689,470.029
MT0690,2.393
MT0691,7.337
MT0692,32.615
MT0692.1,9.617
MT0693,4.466
MT0694,6.05
rpoB,614.112
rpoC,532.46
MT0697,89.602
MT0698,34.302
MT0699,72.888
MT0700,39.375
MT0701,92.945
MT0702,66.978
MT0703,54.287
MT0704,38.455
MT0705,88.728
MT0706,122.44
MT0706.1,66.302
MT0707,55.778
MT0708,55.904
MT0709,76.67
rpsL,228.897
rpsG,190.156
fusA-2,268.494
tuf,605.708
MT0714,80.126
fabG (NC_002755 789072..789900),46.348
MT0716,36.056
MT0717,7.536
MT0717.1,18.356
MT0718,74.484
MT0719,69.939
MT0719.1,472.956
MT0719.2,567.032
MT0720,558.568
MT0721,572.446
MT0722,287.317
MT0723,126.523
MT0724,34.253
MT0724.1,13.417
MT0725,31.176
MT0726,6.021
MT0726.1,524.703
rpsJ,791.293
rplC,691.146
rplD,619.773
rplW,449.341
rplB,568.037
rpsS,667.209
rplV,315.383
rpsC,386.107
rplP,355.686
rpmC,605.481
rpsQ,506.262
atsA,163.51
MT0739,96.021
MT0740,28.746
MT0740.1,8.382
rplN,153.396
rplX,213.157
rplE,199.068
rpsN (NC_002755 814815..815001),144.958
rpsH,244.611
rplF,283.188
rplR,141.244
rpsE,338.95
rpmD,334.697
rplO,457.154
sppA,171.43
MT0750,23.525
MT0751,49.478
MT0752,27.832
MT0753,12.05
MT0754,9.208
MT0755,63.426
MT0756,15.091
secY,68.862
adk,101.216
map-1,59.47
sigL,12.541
MT0760,8.662
MT0761,3.281
MT0762,9.121
MT0762.1,3.554
MT0763,47.52
MT0764,56.574
MT0765,32.04
MT0766,28.876
MT0767,53.982
MT0768,10.772
MT0768.1,4.13
MT0769,17.95
MT0770,17.578
MT0771,4.754
MT0772,2.537
MT0772.1,14.261
MT0772.2,6.231
MT0772.5,33.883
MT0772.6,99.237
MT0773,18.461
MT0773.1,13.925
MT0774,1022.109
mmsB,50.667
MT0776,11.766
mmsA,12.194
MT0778,14.401
MT0779,33.302
MT0780,48.258
MTt09,1.553
MT0781,55.826
MT0782,89.002
MT0783,50.126
MT0784,44.182
MT0785,33.554
MT0786,49.971
MT0787,16.105
MT0787.1,9.346
MT0788,15.074
MT0789,13.574
MT0790,13.053
MT0791,11.157
MT0792,12.32
MT0793,12.317
MT0794,10.296
MT0795,6.56
purD,12.482
ggt-1,23.611
MT0798,54.339
MT0799,32.85
MT0800,10.303
purB,43.131
MT0802,26.942
MT0803,7.322
hemH (NC_002755 875482..876376),17.001
ptrB,36.555
MT0806,47.436
MT0807,27.055
MT0808,17.123
MT0809,10.236
MT0810,12.303
MT0811,80.68
MT0812,72.064
purQ,52.971
MT0814,33.29
MT0815,19.891
MT0816,20.861
MT0817,22.606
MT0818,4.398
MT0819,33.714
MT0820,28.712
MT0821,15.923
MT0822,9.839
purL,46.098
MT0824,31.243
icc,157.48
cpsY,23.964
MT0827,4.314
MT0828,10.303
purF,130.254
purM,72.061
MT0831,230.071
MT0832,51.921
dat,22.493
MT0834,46.005
MT0835,37.646
MT0836,69.573
sseA-1,60.049
MT0838,13.491
MT0839,8.38
MT0840,148.29
MT0841,68.799
pstB-1,76.071
MT0843,324.821
MT0844,122.05
MT0845,485.529
MT0846,1393.886
MT0847,11.728
MT0848,169.955
MT0849,18.536
MT0850,5.147
MT0851,43.836
MT0852,149.517
MTt10,0.766
MTt11,7.563
MTt12,1.513
MTt13,2.269
MT0853,11.238
MT0854,28.667
MT0854.1,14.623
MT0855,62.226
MT0856,22.077
MT0856.1,11.605
MT0857,8.419
MT0858,4.98
MT0859,3.389
vanX,19.244
MT0861,15.4
pip,10.145
MT0863,10.544
MT0864,42.065
MT0865,7.127
MT0866,68.61
MT0867,13.362
MT0868,5.823
MT0869,12.415
MT0870,97.615
MT0871,29.788
MT0872,10.685
MT0873,9.618
MT0874,10.088
MT0875,11.062
MT0876,14.532
MT0877,24.789
MT0878,17.039
MT0879,52.343
MT0880,52.828
MT0881,18.046
MT0882,773.95
MT0883,804.852
MT0884,36.856
MT0885,13.026
MT0886,194.525
moaC (NC_002755 962893..963397),199.196
mog,87.17
moaE-1,76.415
MT0890,167.279
MT0891,56.564
moaA,138.406
MT0892.1,172.312
MT0893,99.911
MT0894,206.618
MT0895,1.213
MT0896,65.897
MT0897,30.16
MT0898,84.552
MT0899,87.004
MT0900,104.142
MT0901,19.847
MT0902,37.978
MT0903,10.347
MT0904,9.825
MT0905,30.854
MT0906,92.776
MT0907,49.944
MT0908,102.635
MT0909,31.375
MT0910,11.465
MT0910.1,4.106
MT0910.2,6.325
MT0910.3,1.165
MT0910.4,0.792
MT0911,34.581
gltA-1,55.327
MT0914,11.629
MT0915,10.588
MT0915.1,4.853
MT0916,11.623
MT0917,6.907
MT0918,9.065
MT0919,4.508
gltA,170.702
MT0921,41.72
MT0921.1,108.968
MT0922,13.356
MT0923,24.74
MT0924,36.19
MT0925,68.765
MT0926,151.522
accD,12.797
MT0928,74.86
MT0929,43.974
pbp-1,26.927
MT0931,32.741
MT0932,6.111
MT0933,82.821
MT0934,75.369
MT0934.1,23.324
MT0936,15.313
MT0937,24.407
MT0938,21.534
MT0939,34.733
MT0940,9.41
MT0941,12.423
MT0942,11.732
MT0943,4.966
MT0944,11.278
MT0945,37.544
MT0946,29.315
MTt14,3.989
MT0947,10.456
MT0948,42.425
MT0949,153.07
MT0950,56.648
MT0951,10.563
MT0952,42.61
MT0953,13.031
MT0954,14.485
pstS-1,29.764
pstC-1,19.232
pstA-1,83.882
MT0958,361.311
pstS-2,556.699
pstB-2,86.895
pstS-3,103.475
pstC-2,121.163
pstA-2,54.12
MT0964,37.76
MT0965,70.059
MT0966,72.529
MT0967,30.628
MT0968,16.627
MT0968.1,40.243
MT0969,2.748
MT0970,11.856
MT0971,30.034
pgi,21.093
MT0973,0.613
MT0974,7.563
MT0975,36.259
pcrA,21.624
MT0977,55.552
sucC,91.253
sucD,90.99
MT0980,9.419
MT0981,179.298
MT0982,42.568
purN,16.446
purH,26.635
MT0985,38.822
MT0986,31.525
MT0987,42.757
MT0988,60.053
MT0989,46.855
MT0990,12.768
MT0991,5.369
MT0992,3.417
MT0992.1,5.865
MT0993,24.429
MT0994,37.478
MT0995,393.077
MT0996,380.884
MT0997,237.169
MT0998,105.244
MT0999.1,68.443
MT1000,118.314
bccA-1,155.609
pccB-1,122.05
MT1003,108.966
MT1003.1,125.948
MT1004,20.893
MT1006.1,1.906
rpmF,93.04
MT1008,55.589
MT1009,369.654
MT1010,518.03
MT1011,567.833
MT1510,113.196
mscL,70.366
MT1014,9.978
MT1015,15.534
MT1017,28.239
MT1018,17.028
MT1019,14.714
MT1020,53.957
MT1021,34.96
galU,56.21
moeA-2,96.465
rimJ,40.155
MT1025,182.079
MTt15,13.026
MT1025.1,9.912
MT1025.2,1326.202
MT1025.3,694.644
MT1026,741.818
MT1027,140.532
MT1028,47.953
MT1029,53.24
arcA,26.155
MT1031,16.985
MT1032,11.335
MT1033,45.514
MT1034,40.098
MT1035,86.052
metG,22.696
MT1037,4.968
MT1038,83.367
ksgA,49.016
MT1040,18.463
MT1040.1,28.34
MT1041,39.003
pth,9.605
MT1043,30.914
MT1044,30.015
prsA,67.375
glmU,62.312
MTt16,0
MT1047,45.803
mfd,28.999
MT1049,23.754
MT1050,33.502
eno,47.896
MT1052,34.754
MT1053,40.716
MT1054,30.937
MT1054.1,41.783
MT1055,5.468
kdpE,6.584
kdpD,16.695
MT1057.1,1.765
kdpA,8.993
kdpB,8.885
kdpC,9.808
tcrS,10.353
trcR,22.074
MT1063,3.733
MT1065,8.392
MT1066,15.12
MT1067,61.617
MT1068,7.131
MT1069,6.752
MT1070,7.596
MT1070.1,7.718
MT1071,9.046
MT1072,19.453
MT1073,42.398
MT1074,11.572
MT1075,22.778
MT1075.1,124.512
MT1076,9.239
MT1077,15.224
MT1078,8.505
MT1079,11.074
MT1080,3.78
MT1081,2.311
MT1082,9.659
MT1083,20.904
MT1083.1,63.199
MT1083.2,77.301
MT1084,30.83
MTt17,0.787
MT1085,16.747
MT1086,17.771
MT1087,1159.031
MT1088,77.681
MT1089,45.924
MT1090,30.1
MT1091,15.03
MT1092,10.528
MT1093,29.628
MT1094,8.874
MT1095,59.466
MT1096,45.881
MT1096.1,8.02
MT1096.2,1.894
MT1097,5.671
MT1098,7.021
MT1099,24.296
MT1100,44.315
MT1101,31.473
MT1102,1960.533
MT1103,193.233
MT1104,136.357
MT1105,19.411
MT1106,59.856
MT1107,7.345
MT1108,56.731
pra,108.896
metB,46.856
greA,502.574
MT1112,18.277
lmbE,52.39
MT1114,44.057
MT1115,35.453
MT1116,11.161
MT1117,33.231
uppS-1,53.51
MT1118.1,17.553
MT1118.2,4.173
MT1119,2.571
MT1120,2.426
MT1121,1.273
MT1122,7.79
MT1122.1,2.718
MT1123,29.239
panK,24.621
glyA (NC_002755 1220120..1221401),97.011
MT1126,1392.826
MT1127,501.606
MT1128,45.204
MT1129,64.374
fumC,58.315
glpX,45.077
MT1132,75.113
MT1133,52.903
MT1134,92.763
MT1135,102.216
MT1136,15.188
MT1137,52.635
xseB,170.435
xseA,84.224
MT1140,257.996
ispH,108.115
MT1142,75.159
MT1143,6.507
MT1143.1,16.47
MT1144,13.355
MT1145,8.748
MT1147,11.697
MT1148,16.246
MT1149,101.19
MT1150,18.87
MT1151,8.981
MT1152,3.765
zwf-1,61.517
MT1154,43.035
MT1155,24.326
MT1156,15.064
MT1157,9.405
MT1157.1,9.803
MT1158,21.91
MT1159,28.465
MT1160,11.112
MT1161,23.796
MT1162,62.543
gltA-3,58.677
MT1164,100.814
metE,508.932
MT1166,0.485
MT1167,5.16
MT1168,8.075
MT1169,0
MT1169.1,2.384
MT1170,5.608
MT1171,8.188
MT1172,9.783
MT1172.1,17.816
MT1173,47.533
MT1174,13.35
MT1175,60.543
MT1176,21.372
MT1177,67.05
MT1178,691.338
MT1179.1,7.922
MT1180,18.338
MT1181,87.963
MT1182,41.897
MT1183,33.931
MT1184,20.143
MT1185,23.734
MT1186,88.305
MT1187,26.202
MT1188,19.213
MT1189,91.445
MT1190,47.45
MT1191,247.592
MT1192,144.198
MT1193,131.339
MT1194,161.844
pimE,32.546
phhB,53.476
MT1197,16.814
narG,322.481
narH,195.883
narJ,108.965
narI,70.426
MT1202,52
MT1203,47.277
MT1204,55.735
MT1205,53.647
MT1206,29.026
MT1207,27.521
MT1208,51.763
MT1209,63.887
fbiC,108.857
MT1211,635.674
fadH,43.337
MT1213,14.089
fdxC,437.376
MT1215,292.612
MT1216,184.898
MT1217,20.987
mas-1,28.526
MT1219,19.247
MT1220,17.418
MT1221,115.476
MT1222,162.498
MT1223,9.111
pruA,10.384
MT1225,6.059
sigI,5.203
MT1227,4.107
MT1228,18.133
MT1229,200.02
MT1230,39.396
MT1231,62.603
MT1232,17.623
MT1233,76.432
MT1234,92.748
MT1235,191.759
MT1236,217.61
MT1237,9.706
MT1238,37.911
MT1239,48.162
dapE,26.52
MT1241,7.964
MT1242,11.86
MT1243,51.109
MT1244,28.565
folP-1,61.459
MT1246,53.157
MT1247,92.322
tag,63.442
MT1249,364.12
glgA,56.533
glgC,23.485
MT1252,18.012
MT1253,55.747
MT1254,46.932
MT1255,34.509
MT1256,31.046
MT1257,26.337
MT1258,137.227
sigE,1144.585
MT1260,357.608
htrA,265.923
MT1262,160.437
MT1263,63.349
MT1264,23.15
MT1264.1,25.195
MT1265,34.439
MT1266,45.181
mrp,88.666
MT1268,25.63
MT1269,33.031
MT1270,28.226
MT1271,123.963
MT1272,53.932
MT1273,22.846
MT1274,20.483
MT1275,28.164
MT1276,26.555
MT1277,11.742
mdh,61.175
MT1279,40.391
MT1280,18.737
MT1280.1,8.532
MT1281,39.499
MT1283,65.732
MT1284,24.668
MT1285,19.411
kgd,90.187
MT1287,43.029
MT1288,6.851
MT1289,14.224
MT1290,11.566
MT1291,20.176
deaD-1,34.383
MT1293,30.633
MT1294,24.862
MT1295,15.299
MT1296,48.485
tap,5.777
MT1297.1,6.134
MT1298,23.657
MT1299,31.576
MT1300,33.753
MT1301,8.008
MT1302,116.272
MT1303,121.513
MT1304,26.098
MT1305,5.739
MT1305.1,6.919
MT1306,5.915
MT1307,17.071
MT1308,25.829
MT1309,77.812
MT1310,37.133
MT1311,21.009
MT1312,86.08
MT1312.1,61.584
MT1313,8.385
MT1314,43.188
MT1315,41.947
MT1316,48.106
MT1317,35.544
MT1318,17.67
MT1319,19.544
MT1320,29.474
MT1321,0.792
MT1322,19.175
cysD,20.601
cysN,21.116
MT1325,24.803
MT1326,6.839
MT1327,35.143
MT1328,16.813
MT1329,6.944
MT1330,1.82
MT1330.1,5.759
MTt18,0.766
argS,30.825
lysA,66.076
thrA,94.86
thrC,123.296
thrB,44.15
rho,1095.72
rpmE,1069.055
prfA,212.493
papM,138.361
MT1340,118.07
rfe,44.273
MT1342,67.057
MT1343,154.451
atpB,144.927
atpE,216.364
atpF,303.357
atpH,228.636
atpA,175.76
atpG,174.067
atpD,311.696
atpC,282.576
MT1352,168.274
MT1353,85.409
MT1354,20.212
murA,59.207
MTr01,46156.74
MT1356,1404.208
MTr02,187754.565
MTr03,14772.615
ogt,70.394
MT1358,68.74
MT1359,30.979
MT1360,30.191
MT1361,16.043
MT1362,36.123
MT1363,59.345
MT1363.1,110.585
MT1364,795.48
phbA,338.651
MT1366,262.02
MT1367,29.008
MT1367.1,20.407
glgB,44.206
MT1369,63.257
MT1370,35.385
dinG,14.77
MT1372,13.532
clpS,177.365
MT1374,117.886
MT1375,66.505
MT1376,69.062
MT1376.1,78.471
cysM,71.953
MT1378,126.258
murI,48.171
MT1380,99.748
rph,83.543
MT1382,39.959
MT1383,36.416
MT1384,27.512
acp-2,32.654
MT1387,36.948
MT1388,31.65
MT1389,15.823
MTt19,2.08
MT1390,16.477
MT1392,13.889
fabG (NC_002755 1518705..1519449),13.228
MT1394,14.47
MT1395,64.965
MT1396,8.372
MT1397,9.488
MT1398,6.853
MT1399,14.044
MT1400,15.315
MT1401,2.891
MT1402,4.585
MT1403,17.501
MT1404,9.091
MT1405,83.907
MT1406,186.827
MT1407,22.485
MT1408,25.588
MT1409,21.223
MT1410,27.153
MT1411,13.994
MT1412,12.398
MT1413,31.46
MT1414,18.783
MT1414.1,64.968
MT1415,69.421
MT1416,9.347
MT1417,11.184
MT1418,13.001
MT1418.1,31.083
MT1419,69.792
MT1420,35.587
MT1421,43.697
MT1422,70.06
pyrR,27.616
pyrB,15.165
pyrC,19.366
MT1426,14.032
carA,19.996
carB,29.708
pyrF,42.281
MT1430,438.731
MT1431,571.768
MT1432,179.554
MT1433,456.51
gmk,226.613
MT1435,574.514
dfp,282.273
metK,552.91
MT1438,31.735
MT1439,25.84
MT1440,14.122
MT1440.1,104.989
MT1441,477.458
MT1442,3256.556
MT1443,19.715
MT1444,25.519
MT1445,36.748
MT1446,26.138
MT1447,46.093
MT1448,468.075
MT1449,1097.263
fmt,38.016
sun,30.982
rpe,75.029
ribD,100.71
MT1454,236.114
MT1455,211.259
ribE,17.105
MT1457,11.33
MT1458,135.058
ribH,152.637
MT1460,69.755
MT1461,44.247
MT1462,62.534
uvrC,38.072
MT1464,50.585
MT1465,67.006
MT1466,58.766
MT1467,20.762
MT1468,33.761
MT1469,38.822
MT1470,40.343
MT1471,50.216
MT1472,873.918
MT1474,47.776
MT1475,20.727
MT1476,11.426
MT1477,75.575
MT1478,76.836
MT1479,469.558
MT1479.1,192.225
gap,130.455
pgk,119.898
tpiA,94.833
MT1483,21.553
MT1484,9.432
secG,98.798
MT1486,29.531
MT1487,55.956
MT1488,20.867
MT1489,26.481
MT1490,3.235
MT1491,43.498
MT1492,51.894
opcA,50.763
zwf-2,61.211
tal,75.361
tkt,116.334
MT1497.1,5.276
MT1497.2,5.127
MT1498,104.28
MT1499,5.595
MT1500,22.729
MT1501,55.461
MT1502,5.675
MT1503,17.234
MT1504,26.672
MT1505,42.099
MT1506,62.037
MT1507,70.896
MT1508,184.418
MT1509,142.316
MT1511,103.186
MT1512,80.146
MT1513,61.58
MT1514,11.901
MT1514.1,27.155
MT1515,22.391
trx-1,15.218
trx-2,29.273
MT1518,49.275
MT1519,32.102
MT1520,12.739
MT1521,40.578
acnA,152.493
MT1523,33.528
MT1524,228.785
MT1525,143.98
MT1526,316.999
MT1527,208.862
MT1528,159.68
MT1529,4.969
fabG-2,93.847
inhA,116.899
hemH (NC_002755 1675172..1676207),30.552
MT1533,60.249
MT1533.1,102.813
MT1533.2,117.484
MT1534,133.921
MT1535,56.217
MT1536,15.048
MT1537,41.69
MT1538,102.964
mutA,55.713
mutB,48.024
MT1541,43.243
MT1542,40.837
argK,25.379
MT1545,212.302
MT1546,29.682
MT1547,6.562
MT1548,8.284
MT1549,22.75
MT1550,25.716
MT1551,59.528
MT1552,13.922
MT1553,18.187
MT1554,12.903
MT1555,34.053
MT1555.1,37.667
MT1556,35.878
MT1556.1,2.065
MT1557,17.034
MT1558,19.972
MT1560,15.71
MT1560.1,29.81
gmd,56.454
wcaG,42.831
MT1563,34.686
MT1564,9.226
MT1565,8.319
MT1566,8.304
MT1567,8.145
MT1568,5.156
MT1569,21.784
MT1570,15.833
MT1571,2.607
MT1572,103.571
MT1573,29.768
MT1574,20.388
MT1575,18.523
MT1576,23.264
MT1577,15.093
MT1578,38.995
MT1578.1,8.382
MT1579,8.887
MT1580,13.804
MT1581,9.917
MT1582,42.828
MT1583,73.093
MT1584,313.697
MT1585,172.983
MT1585.1,625.319
MT1586,99.513
ileS,66.244
MT1589,7.284
ansA,23.151
lspA,146.206
MT1592,106.039
MT1593,46.861
MT1594,15.586
MT1595,75.065
MT1596,90.32
MT1596.1,62.831
MT1597,53.785
dnaE,58.529
MT1599,12.04
MT1600,6.855
MT1601,4.026
MT1602,5.257
frdA,4.554
frdB,3.131
frdC,4.891
frdD,7.241
MT1607,12.813
MT1608,8.828
MT1609,52.762
ilvA,102.97
MT1611,21.007
MT1612,11.791
treZ,14.574
treY,15.23
glgX,29.171
MT1616,93.466
MT1617,179.049
MT1618,17.368
bioA,14.714
bioF,40.628
bioD,39.421
MT1622,20.553
MT1622.1,19.814
MT1623,12.622
bioB,59.01
MT1625,67.211
MT1626,38.422
MT1627,18.269
MT1628,48.443
MT1629,97.819
nadA,582.669
nadB,615.167
nadC,492.691
MT1633,45.958
MT1634,50.866
hisD,148.314
hisC-1,95.12
hisB,97.884
hisH,85.334
hisA,96.739
MT1640,116.539
hisF,112.629
hisI,48.695
MT1642,33.284
bcp-1,36.693
trpE,71.262
MT1645,53.957
trpC,325.944
trpB,193.24
trpA,240.527
MT1649,179.75
MT1650,50.768
MT1650.1,26.146
MT1651,106.168
MT1652,64.218
pyk,52.529
tesB-1,41.52
MT1655,11.247
cydC,22.977
cydD,39.043
cydB,32.669
cydA,51.643
MT1660,27.928
MT1661,93.515
MTt20,0.756
MT1662,172.1
MT1663,195.509
MT1664,135.05
polA,30.329
rpsA,336.152
coaE,116.705
MT1668,72.136
uvrB,76.701
MT1670,51.201
MT1671,42.492
MT1672,172.06
MT1673,70.833
uvrA,55.938
MT1676,73.808
MT1677,140.712
lysS (NC_002755 1839423..1842981),20.262
infC,837.201
rpmI,510.366
rplT,612.349
MT1682,240
MT1683,47.921
MT1684,67.908
MT1685,39.769
MT1686,43.369
pheS,38.085
pheT,39.452
MT1689,28.292
argC,12.593
argJ,31.585
argB,34.545
argD,29.77
argF,28.298
argR,25.273
argG,57.99
argH,38.122
MT1698,38.768
MT1701,35.035
MT1702,34.657
MT1703,24.081
MT1704,21.242
MT1705,23.359
MT1706,12.171
MT1707,10.886
MT1707.1,0.381
MT1708,8.702
MT1709,5.202
MT1710,28.111
MT1711,4.119
MT1712,3.634
MT1713,0.874
MT1714,4.358
MT1715,128.802
MT1716,91.646
MT1717,32.542
MT1718,109.1
MT1719,62.957
MT1720,37.975
MT1721,39.758
MT1722,94.998
MT1723,73.512
MT1724,28.211
MT1725,22.398
MT1726,14.965
MT1727,9.478
MT1727.1,4.377
tyrS,18.863
MT1729,37.609
MT1730,23.665
MT1731,26.869
MT1732,82.251
tlyA,47.698
ppnK,68.317
recN,39.285
MT1736,291.76
MT1737,136
pyrG,116.633
MT1739,101.536
xerD,101.038
MT1741,35.281
MT1742,24.803
MT1743,87.268
MT1744,60.743
MT1745,95.195
MT1746,102.806
MT1746.1,20.47
MT1747,16.557
MT1748,30.054
MT1749,62.41
scpA,65.539
scpB,75.386
MT1751.1,75.818
cmk,79.746
engA,101.24
MT1753.1,25.786
MT1754,14.32
MT1755,25.438
MT1756,15.264
MT1757,17.756
MT1758,15.977
MT1759,15.098
MTt21,1.574
MT1760,8.522
MT1761,11.647
MT1762,14.814
MT1763,12.706
MT1764,6.999
MT1765,5.407
MT1766,11.564
MT1767,4.58
MT1768,7.662
MT1769,34.026
MT1770,15.69
pbp-2,18.009
MT1771.1,6.309
gabD2,62.909
MT1773,70.326
MT1774,6.828
MT1775,45.673
MT1776,2.745
MT1777,0.959
MT1778,6.54
narK-3,5.049
MT1780,17.268
MT1781,4.602
MT1782,30.347
MT1783,27.363
MT1784,13.888
MT1785,33.687
MT1786,31.89
idi,38.822
MT1788,23.44
MT1789,62.682
MT1790,1.82
MT1791,14.479
MT1792,24.734
MT1793,10.634
MT1794,89.113
MT1795,21.094
MT1796,16.287
MT1797,16.142
MT1798,6.988
MT1799,10.365
MT1800,14.635
MT1801,6.896
MT1802,32.195
MT1803,3.224
MT1804,6.411
MT1805,2.218
MT1807,8.171
MT1808,12.692
MT1809,24.702
MT1810,13.042
MT1811,26.423
MT1812,8.71
MT1813,16.747
MT1814,3.938
MT1814.2,10.528
MT1815,72.003
MT1816,21.999
MT1817,15.529
MT1818,72.863
MT1820,57.701
MT1820.1,54.569
MT1821,31.357
MT1821.1,102.949
MT1822,85.663
MT1823,32.103
MT1824,23.189
MT1825,65.7
MT1826,34.463
MT1827,4.909
MT1828,37.559
MT1829,115.169
MT1830,74.031
malQ,31.165
MT1832,172.404
MT1833,114.013
MT1834,19.548
MT1835,9.991
MT1836,27.969
MT1837,29.311
MT1838,123.582
MT1838.1,10.186
MT1839,7.413
MT1839.1,2.426
MT1840,189.534
MT1841,347.637
MT1842,402.119
MT1843,250.734
MT1844,154.019
MT1845,211.437
MT1846,257.878
MT1847,132.924
MT1848,31.543
MT1849,13.848
MT1849.1,1.655
MT1850,3.388
MT1851,7.112
MT1853,15.505
MT1854,8.206
MT1854.1,170.158
MT1855,3.882
MT1856,17.009
MT1856.1,10.433
MT1857,26.533
MT1858,268.76
mgtC,43.861
MT1860,17.363
MT1861,31.813
MT1862,46.587
MT1863,413.669
MT1864,101.682
MT1865,22.653
MT1866,37.52
MT1867,12.193
MT1868,42.471
secA-1,122.73
pgsA-1,32.722
MT1871,21.728
MT1872,23.23
MT1873,30.011
gcvH,85.985
garA,354.404
MT1876,140.497
MT1877,119.644
MT1879,171.437
gcvP,130.603
MT1881,32.465
MT1882,8.194
MT1883,34.761
MT1884,153.4
aceB,260.874
MT1886,50.734
MT1887,25.146
MT1888,20.389
MT1889,66.649
MT1890,51.848
guaB-1,91.758
gnd,68.501
MT1893,88.851
MT1894,366.858
MT1895,74.341
ureA,28.829
ureB,30.503
ureC,30.024
ureF,14.467
ureG,23.725
MT1901,35.573
ndh-2,133.117
MT1903,52.751
MT1904,234.395
MT1905,100.686
MT1906,24.54
MT1907,46.01
MT1908,46.623
MT1909,10.452
MT1910,28.356
MT1911,28.949
MT1912,150.758
MT1913,16.093
MT1914,11.227
MT1915,7.499
MT1916,9.723
MT1917,21.657
MT1918,82.168
MT1919,111.706
MT1920,533.211
lldD,859.192
MT1922,11.004
MT1923,22.385
MT1924,44.331
MT1924.1,106.629
bfr,94.266
MT1926,30.33
MT1927,11.234
MT1928,27.452
MT1929,62.206
MI22,66.499
MT1931,74.433
MT1931.1,587.342
MT1932,844.131
MT1933,32.32
fbpB,111.602
MT1935,183.099
MT1936,52.326
MT1937,6.525
MT1940,6.756
MT1941,76.36
MT1942,31.73
MT1943,42.545
MT1944,71.93
MT1945,7.684
MT1946,9.529
MT1947,15.516
MT1948,15.936
MT1949,66.149
MT1950,176.15
MT1951,66.828
cinA,41.991
MT1953,21.832
MT1954,23.571
MT1955,90.229
MT1956,54.787
MT1957,175.561
MT1957.1,25.235
MT1958,44.394
katG,198.356
fur-1,36.894
MT1961,12.571
MT1962,53.24
MT1963,13.849
MT1964,6.574
MT1965,10.562
aceA-2,53.653
MT1968,7.507
MT1969,19.411
MT1970,65.303
MT1971,16.041
MT1972,6.272
MT1973,9.393
MT1974,48.869
MT1975,48.343
MT1976,352.59
MT1977,140.853
MT1978,4.383
MT1979,19.936
MT1980,8.431
MT1980.1,32.101
MT1980.2,2.884
MT1981,6.029
tpx,90.742
MT1983,42.235
MT1984,4.592
MT1985,2.677
MT1986,9.706
MT1987,10.399
MT1988,6.797
MT1989,7.787
MT1990,18.095
MT1991,83.838
MT1992,45.238
MT1993,39.747
MT1994,6.799
MT1995,29.016
MT1997,20.311
MT1998,10.285
MT1998.1,17.254
MT1999,5.03
MT2000,9.099
MT2001,7.033
MT2002,27.329
MT2003,15.492
MT2004,28.379
MT2005,20.058
MT2006,23.891
MT2007,19.031
parE,20.196
MT2009,24.264
MT2530,146.011
MT2011,11.862
MT2012,26.262
MT2013,28.37
MT2014,12.448
MT2015,10.128
MT2015.1,2.185
MT2015.2,1.51
MT2016,7.224
MT2017,9.92
mce-3,7.382
MT2019,9.338
MT2020,11.048
MT2021,7.279
MT2022,9.86
MT2023,8.775
MT2024,5.965
MT2024.1,3.979
MT2025,4.776
MT2026,8.132
MT2027,7.575
MT2028,20.553
MT2029,22.137
MT2030,13.226
MT2031,28.875
MT2032,155.29
nrdF1,347.839
MT2034,196.331
MT2035,473.902
MT2036,22.641
MT2037,31.343
MT2038,44.369
MT2039,19.794
MT2040,14.267
MT2041,154.883
MT2042,35.479
MT2042.1,32.85
MT2043,35.605
MT2044,32.863
MT2045,11.286
MT2045.1,11.092
MT2046,26.501
MT2047,18.943
MT2048,28.815
MT2049,31.57
MT2050,16.964
MT2051,5.839
MT2052,15.26
MT2053,3.443
MT2054,12.816
MT2055,2.949
MT2056,7.386
MT2057,7.811
MT2058,13.09
MT2059,17.036
MT2060,29.098
MT2061,34.56
MT2062,15.348
fdxA,20.762
MT2064,3.214
MT2064.1,109.757
MT2065,122.451
MT2066,16.311
MT2067,4.47
MT2068,13.331
MT2069,5.814
MT2070,18.032
MT2071,101.37
MT2072,15.057
MT2073,9.174
MT2074,17.197
MT2075,8.938
MT2076,30.864
MT2077,37.11
MT2078,20.949
MT2079,39.589
MT2080,30.405
MT2080.1,3.44
MT2081,25.571
MT2082,26.816
MT2083,8.461
MT2084,6.121
MT2085,9.541
MT2086,10.889
MT2087,4.991
MT2088,3.368
MT2089,8.766
MT2090,26.239
MT2091,4.301
MT2092,8.049
MT2093,23.901
MT2094,22.749
MT2095,27.39
MT2096,18.909
MT2097,12.244
MT2098,8.947
MT2099,7.806
MT2100,15.542
MT2101,11.161
MT2102,19.192
pncA,53.77
MT2104,2.986
MT2105,23.742
MT2106,22.248
MT2107,38.595
MT2108,93.4
MT2109,51.335
MT2110,139.865
MT2111,140.234
MT2112,196.108
MT2113,258.481
MT2114,51.138
MT2115,24.619
rpsR (NC_002755 2316419..2316686),71.102
rpsN (NC_002755 2316686..2316992),46.815
rpmG (NC_002755 2316993..2317158),31.764
rpmB (NC_002755 2317157..2317394),43.737
MT2119,43.031
MT2120,63.742
cobN,22.576
MT2122,13.439
MT2123,15.671
MT2124,45.542
cobH,31.95
cobIJ,27.496
MT2127,36.301
bla,64.914
sigC,31.792
cobK,13.073
cobM,8.797
cobL,11.468
MT2133,8.696
MT2134,254.174
MT2135,52.347
MT2136,8.929
MT2137,5.152
MT2138,3.3
MT2138.1,3.106
MT2138.2,2.492
MT2139,8.504
MT2140,13.089
MT2141,74.901
MT2142,38.225
MT2143,74.045
MT2144,38.984
MT2145,55.892
MT2146,55.024
MT2147,31.591
MT2148,6.754
MT2149,16.516
MT2150,5.266
MT2151,27.869
MT2152,172.166
MT2153,93.696
MT2154,95.421
tatA,374.128
MT2156,39.19
MT2157,80.151
MT2158,125.68
MT2159,11.323
MT2160,31.403
MT2160.1,54.147
MT2161,69.128
MT2162,79.74
MT2163,60.627
MT2164,72.621
MT2165,7.255
MT2165.1,17.647
MT2166,32.744
MT2167,52.506
MT2168,27.537
prcA,181.717
prcB,224.559
MT2171,259.812
MT2172,64.909
MT2173,16.778
MT2174,111.812
MT2175,231.63
MT2176,8.99
MT2177,8.517
MT2178,24.247
MT2179,23.168
MT2180,36.34
hisG,11.034
hisE,17.553
MT2182.1,80.087
metH,178.845
MT2184,86.39
MT2185.1,12.75
ansP-2,89.593
MT2187,38.947
cysS (NC_002755 2389790..2390918),56.478
MT2189,115.069
MT2190,77.177
MT2191,53.658
MT2192,158.756
MT2193,44.228
uppP,70.374
MT2195,707.384
MT2196,43.581
pyrD,44.136
MT2198,27.307
MT2199,16.731
MTt22,1.963
MT2200,12.819
MT2201,52.033
MT2202,28.704
MT2203,299.977
ag84,392.836
MT2205,106.837
MT2206,404.748
MT2207,69.075
MT2208,154.785
ftsZ,352.444
ftsQ,107.779
murC,138.231
murG,152.692
ftsW-2,298.896
murD,147.01
mraY,176.858
murF,124.521
murE,201.898
MT2218,455.854
MT2218.1,304.279
MT2219,580.523
MT2220,265.639
MT2221,116.953
MT2222,212.969
mraW,157.54
MT2224,322.577
MT2225,49.75
MT2226,10.221
MT2227,60.48
MT2228,419.924
MT2229,49.49
MT2230,39.123
MT2231,38.196
MT2232,10.579
MT2233,15.389
MT2234,140.239
MT2234.1,6.202
MT2235,10.543
MT2236,54.651
MT2237,121.946
MT2238,56.652
MT2239,40.708
MT2240,79.787
MT2241,23.293
MT2242,49.878
MT2243,12.119
MT2244,30.923
MT2245,205.184
MT2246,9.81
MT2247,19.137
trpD,46.52
ctaE,296.307
MT2250,246.889
MT2251,302.77
MT2252,376.401
MT2253,122.878
MT2254,102.168
MT2255,202.986
ctaC,288.609
MT2257,25.535
MT2258,191.723
MT2259,177.39
MT2260,539.926
MT2261,15.346
MT2262,69.045
cobT,57.912
cobS,61.961
MT2265,45.596
ilvE,68.807
gcvT,33.306
MT2268,26.697
pepA,33.293
MT2270,69.658
dlaT,105.43
MT2273,64.256
lipB,53.401
lipA,43.24
MT2276,76.794
MT2277,24.94
glnA-1,69.378
MT2279,40.481
glnA-2,180.867
slpD,31.967
MT2282,63.086
MT2283,2.426
panB,78.127
MT2285,15.295
MT2285.2,13.792
MT2286,20.729
MT2287,25.421
MT2289,20.158
hisC-2,14.648
MT2291,6.239
MT2292,18.68
ptpA,25.448
MT2294,26.762
cobD,11.56
MT2296,25.477
MT2297,70.028
MTt23,0.776
MT2298,73.863
MT2299,140.518
MT2300,28.302
aceE,59.805
MT2302,25.96
fabD,92.7
acpP,357.434
fabF-1,306.018
fabF-2,251.683
pccB-2,322.046
MT2308,31.186
glpD-1,56.914
MT2310,45.44
MT2311,305.745
MT2312,110.575
MT2314,22.762
MT2315,23.37
MT2316,128.167
MT2317,541.66
MT2318,31.641
MT2319,58.453
MT2320,57.805
MT2321,43.288
MT2322,13.121
MT2323,13.307
MT2324,18.626
MT2325,23.382
MT2326,11.525
MT2327,2.841
MT2328,10.271
MT2329,7.585
MT2330,6.853
MT2330.1,16.229
MT2331,125.18
MT2332,37.075
MT2333,28.722
MT2334,10.235
MT2334.1,2.384
MT2335,28.314
MT2336,16.429
MT2337,9.801
MT2338,36.502
MT2339,5.897
MT2340,5.395
MT2341,3.274
MT2342,16.58
MT2343,16.93
MT2344,8.739
MT2345,10.546
MT2345.1,30.041
cdh,39.864
MT2347,46.667
sseA-2,61.481
MT2349,19.411
MT2350,13.281
MT2351,9.856
MT2352,71.037
MT2353,46.368
MT2354,33.809
MT2355,27.919
htpG,27.379
MT2357,16.041
MT2358,22.499
MT2359,105.204
MT2360,46.196
MT2361,14.42
MT2361.1,0.971
MT2362,12.911
MT2363,13.839
bem46,16.52
MT2364.1,14.165
MT2365,8.796
MT2365.1,11.589
MT2365.2,48.369
MT2366,10.64
MT2367,15.039
MT2367.1,13.891
MTt24,3.148
MT2368,33.331
MT2369,3.697
MT2370,6.933
MT2370.1,1.866
MT2370.2,2.823
MT2370.3,2.629
MT2371,2.284
MT2372,2.701
MT2373,7.654
MT2374,10.353
MT2375,9.954
MT2376,58.71
MT2377,64.549
MT2378,46.994
MT2379,3.135
MT2380,2.4
MT2381,4.864
MT2382,8.745
MT2383,14.764
MT2384.1,15.484
MT2385,16.528
MT2386,21.756
MT2387,126.276
MT2388,191.22
MT2389,300.637
MT2390,34.968
narK-4,56.466
MT2392,7.72
MT2393,55.461
sfcA,16.052
MT2395,9.273
MT2396,3.405
cysK,185.249
MT2398,105.327
MT2399,18.991
MT2400,14.623
MT2401,18.012
MT2401.1,1.839
MT2401.2,8.042
MT2402,18.323
MT2404,41.964
MT2405,3.405
MTt25,0.798
MT2406,1.941
MT2407,49.716
dnaG,45.859
MT2409,25.837
MT2410,73.211
MT2411,782.987
MT2412,608.218
MT2413,299.36
MT2414,31.882
MT2415,40.147
MT2416,19.001
MT2417,3.576
MT2418,3.32
MT2419,5.546
MT2420,481.278
MT2421,548.949
MT2422,95.376
MT2423,122.74
MT2423.1,33.93
MT2424,45.643
MT2425,100.806
glyS,18.951
MT2427,33.113
fur-2,28.45
MT2429,43.166
uppS-2,44.574
recO,52.542
nylA,13.368
era,68.358
MT2434,47.083
MT2435,92.478
MT2436,110.469
MT2437,121.306
MT2438,7.152
MT2439,8.243
MT2440,9.908
MT2441,108.791
dnaJ-2,225.535
hrcA,125.27
MT2444,131.667
MT2445,242.238
mbtH,26.151
MT2446,16.58
MT2447,24.443
MT2448,21.55
MT2449,17.854
MT2450,20.28
pchE,22.58
entE,8.025
MT2453,10.534
MT2454,29.267
MT2455,83.468
MT2456,54.36
MT2457,115.822
MT2458,343.391
MT2459,362.656
MT2460,498.412
nirA,788.878
cysH,467.849
MT2463,368.882
ggt-2,92.866
MT2465,31.006
MT2466,1965.656
MT2467,496.221
MT2467.1,178.806
cysA,70.845
cysW,21.047
cysU,39.438
sbp,23.707
MT2472,15.529
MT2473,7.764
MT2474,20.77
MT2475,22.338
lepA,14.722
MT2477,22.776
MT2478,6.14
MT2479,2.727
MT2480,4.053
MT2481,8.228
MT2482,37.783
MT2483,35.786
MT2484,30.312
rpsT,150.158
MT2486,26.803
MT2487,22.372
MT2488,2.086
MT2488.1,3.729
MT2489,6.804
MT2490,36.75
MT2491,12.367
MT2492,22.704
MT2493,24.914
nadD,16.481
MT2495,1.28
MT2496,6.563
MT2497,5.637
MT2498,29.097
MT2499,51.652
proA,80.351
MT2501,2.367
MT2502,4.181
ahpC,35.851
ahpD,68.812
MT2505,190.906
MT2506,95.697
MT2507,6.804
MT2508,10.914
MT2509,9.639
MT2510,2.709
rbsK,12.601
MT2512,20.741
nadE,57.691
MT2514,14.446
proB,28.628
obgE,42.624
rpmA,137.887
rplU,153.256
MT2518.1,10.472
dctA,71.806
MT2520,461.625
MT2520.1,449.395
ndk,42.931
MT2522,34.439
folC,63.405
valS,44.489
MT2525,37.309
MT2526,19.617
MT2527,18.827
MT2527.1,11.884
MT2528,36.42
MT2529,122.414
MT2531,64.581
clpX,506.419
mmuM,9.674
MT2534,40.823
clpP-1,147.886
clpP,113.184
tig,108.237
MTt26,8.319
MTt27,1.64
MT2538,89.685
fpg-1,35.07
MT2540,44.282
MT2541,24.777
pepN,34.882
MT2543,79.494
MT2544,89.867
MT2545,25.417
MT2546,67.292
MT2547,35.487
MT2547.1,42.058
MT2547.2,16.694
MT2548,29.031
MT2549,54.049
MT2550,110.602
MT2551,95.025
MT2552,71.985
MT2553,1.723
MT2554,0.761
MT2554.1,10.383
MT2554.2,7.619
MT2555,47.545
MT2556,50.349
MT2557,71.569
MT2558,9.876
MT2559,18.353
MTt28,2.361
MT2560,22.357
MT2561,6.843
MT2563,9.113
MT2563.1,4.973
MT2564,6.105
MT2565,3.376
MT2566,2.24
MT2567,6.728
MT2568,241.329
MT2569,147.771
MT2570,155.043
MT2571,174.089
MT2572,198.332
citE,57.313
MT2574,55.833
MT2575,78.873
bccA-2,53.492
pccB-3,34.025
scoB,38.645
scoA,39.29
MT2580,5.738
MT2581,13.889
MT2582,37.978
MT2583,15.218
MT2584,61.553
MT2585,17.921
MT2586,15.098
MT2586.1,5.939
MTt29,0
MT2587,90.15
MT2588,29.743
MT2589,32.077
MT2589.1,28.407
MT2590,8.823
MT2591,5.273
MT2593,46.065
MT2593.1,55.064
MT2593.2,4.125
MT2594,45.894
MTt30,4.786
MT2595,50.113
MT2596,21.965
bcp-2,54.302
MT2598,32.929
acpS,56.011
MT2600,210.956
MT2600.1,7.575
MT2601,83.686
MT2601.1,11.959
MT2601.2,37.801
MT2602,26.364
mrr,11.128
MT2604,5.899
MT2605,38.406
MT2606,36.234
MT2607,39.457
nusB,117.068
efp,143.519
yqhT,70.047
MT2611,79.228
aroQ,97.318
aroB,101.976
aroK,169.327
aroC,261.134
MT2615.1,14.636
MT2616,48.163
MT2617,217.865
MT2618,242.64
MT2619,2.029
MT2620,5.621
MT2621,7.097
MT2622,3.771
MT2623,24.744
MT2624,26.036
MT2625,49.848
MT2626,27.864
MT2627,22.962
MT2627.1,7.487
MT2628,34.94
aroE,109.422
MT2630,195.087
MT2631,176.631
alaS,246.383
MT2633,242.192
MT2634,100.938
MT2635,110.98
MT2636,21.468
MT2637,19.59
MT2637.1,9.885
MT2638,18.409
MT2639,21.63
MT2640,21.346
MT2641,30.347
MT2642,14.915
MT2643,43.845
MT2644,17.595
MT2645,10.599
MT2646,9.855
MT2647,12.65
aspS,19.803
MT2649,4.501
MT2650,40.902
MT2651,53.678
MT2652,169.942
MT2653,1.585
MT2654,4.615
MT2655,7.856
linB,23.216
hisS,76.226
MT2658,76.545
ppi-2,21.798
relA,98.792
apt,99.309
MT2662,74.131
secF,180.397
secD,177.474
yajC,214.025
gabT,104.217
MT2667,1182.872
MT2668,286.982
MT2668.1,133.155
ruvB,116.017
ruvA,104.939
ruvC,134.338
MT2672,29.875
MT2673,20.818
MT2673.1,8.015
MT2674,7.144
MT2674.1,16.874
speE,11.15
MT2676,82.093
MT2677,103.659
MT2678,56.539
MT2679,29.263
tesB-2,44.605
MT2681,56.653
pdxH,4.572
MT2683,16.371
MT2684,70.697
MT2685,51.319
MT2686,38.149
MT2687,37.487
MT2688,36.347
thrS,30.924
MT2689.1,8.173
MT2690,23.928
MT2691.1,34.638
MT2692,66.157
MT2693,24.393
MT2694,40.381
MT2695,18.864
MT2696,39.168
MT2697,8.36
MT2698,5.862
MT2699,5.048
MT2700,3.991
MT2701,3.64
MT2702,3.563
MT2703,5.454
MT2704,38.253
MT2705,19.95
MT2707,19.232
MT2708,28.91
MT2709,35.108
MT2710,9.254
MT2712,13.753
MT2713,1.438
MT2714,5.755
MT2715,13.473
MT2716,17.197
MT2717,57.359
MT2718,113.394
MT2719,102.892
MT2720,16.416
MT2721,11.702
MT2722,4.412
MTt31,6.988
MTt32,3.065
MTt33,7.869
MTt34,0.776
MT2723,7.279
MT2724,9.968
MT2725,9.153
MT2726,14.868
MT2727,40.723
MT2728,44.166
MT2729,9.469
MT2730,4.314
MT2731,0.473
MT2732,17.168
MT2733,69.94
MT2734,60.688
MT2734.1,13.099
MT2735,18.508
MT2736,22.476
MT2736.1,5.86
MT2737,47.781
MT2738,23.979
MT2739,136.292
MT2740,45.673
MT2741,4.066
MT2742,11.424
MT2743,7.047
MT2744,6.558
MT2745,12.779
MT2746,28.313
MT2747,16.728
MT2748,79.203
MT2749,45.628
MT2750,51.289
hemG,68.518
hemE,84.098
MT2753,33.987
MT2754,91.2
MT2755,63.407
dxs,174.397
MT2757,31.456
MT2758,22.932
MT2759,25.565
MT2760,5.984
MT2761,2.447
MT2762,14.65
MT2763,11.022
MT2764,14.337
ceoB,33.374
MT2766,37.856
MT2767,49.915
MT2768,186.372
MT2769,13.736
MT2770,85.26
dut,74.013
MT2772,27.2
MT2773,33.633
MT2774,31.219
MT2775,19.202
ppgK,38.458
sigA,315.203
MT2777.1,56.333
MT2778,58.689
MT2779,502.843
MT2780,154.513
MT2781,120.911
MT2782,73.737
sigB,1990.369
ideR,314.949
MT2785,34.423
MT2786,44.782
MT2787,55.247
MT2788,104.037
MT2789,38.144
MT2790,17.529
nrdR,56.981
MT2792,84.544
lexA,301.942
MT2794,156.954
MT2794.1,44.339
MT2795,20.484
MT2796,283.996
hflX,72.104
dapF,93.642
miaA,43.876
MT2800,35.476
MT2801,120.967
MT2801.1,8.057
MT2802,36.111
MT2802.1,35.283
MT2803,40.109
MT2803.1,4.118
MT2803.2,15.461
MT2804,31.199
recX,167.869
recA,305.892
MT2807,8.061
MT2808,17.161
MT2808.1,27.065
MT2810,28.572
MT2812,38.865
MT2813,37.808
MT2814,123.559
MT2815,353.628
MT2816,364.69
pgsA-2,33.646
MT2818,28.823
ftsK,178.046
MT2820,78.356
MT2821,40.26
MT2822,65.005
dapA,120.917
thyX,8.584
MT2825,9.917
hsdM,16.577
MT2827,10.474
MT2828,6.979
MT2829,11.911
MT2830,11.862
MT2831,25.527
MT2832,22.046
folA,33.606
thyA,61.433
MT2835,5.366
fabG (NC_002755 3070310..3071093),17.701
MT2837,6.404
MT2838,12.452
MT2839,7.807
MT2840,25.384
MT2841,34.195
MT2842,43.368
dapB,52.473
MT2844,29.961
MT2845,20.142
MT2846,30.023
MT2847,64.786
MT2848,71.71
MT2849,37.543
ald,41.275
MT2851,111.347
MT2852,246.951
gpsI,372.474
MT2854,48.077
rpsO,428.341
ribF,30.695
MT2857,8.145
MT2858,52.554
MT2859,89.263
MT2860,119.081
MT2861,299.144
MT2862,137.58
truB,65.115
MT2863,70.664
MT2864,77.525
MT2865,14.79
MT2866,8.792
MT2867,37.818
MT2867.1,35.957
MT2868,32.999
pemK,13.325
MT2870,14.694
MT2871,11.199
MT2872,11.739
MT2873,5.459
MT2874,3.176
MT2875,12.725
MT2876,43.489
MT2877,33.97
MT2878,5.205
MT2879,2.85
MT2880,3.008
MT2881,24.873
MT2882,6.945
MT2883,42.739
MT2884,33.555
MT2885,9.818
MT2886,6.815
MT2887,6.919
MT2888,9.255
MT2889,6.212
MT2890,4.699
MT2891,5.608
MT2892,38.508
MT2893,56.796
MT2894,64.376
MT2895,5.475
MT2895.1,17.811
MT2896,66.731
MT2897,42.938
MT2898,22.53
MT2899,8.019
MT2900,6.752
MT2901,8.429
MT2902,63.786
MT2903,158.964
rbfA,289.375
infB,250.946
MT2906,521.385
nusA,119.345
MT2908,164.257
MT2909,34.45
MT2910,40.966
proS,23.407
efpA,239.478
cysG,34.089
cobB,35.178
cobA,55.247
MT2916,63.412
MT2917,118.816
yojH,77.841
MT2919,16.283
MT2921,8.559
MT2922,10.296
MT2923,17.121
MT2924,5.154
MT2925,32.152
MT2926,39.12
MT2927,24.21
MT2928,29.286
map-2,147.281
MT2930,14.534
MT2931,3.285
MT2932,8.712
MT2933,26.122
MT2934,19.166
MT2935,150.113
ispG,210.972
MT2937,87.806
dxr,56.03
MT2939,18.1
mpt83,16.864
MT2941,3.64
MT2942,7.53
MT2943,34.02
MT2944,42.379
MT2945,39.564
MT2946,100.001
MT2947,104.767
MT2948,101.715
frr,122.625
MT2950,550.666
pyrH,120.32
MT2952,25.626
MT2953,45.77
MT2954,28.002
MT2955,38.961
MT2956,95.254
tsf,130.883
rpsB,166.478
MT2958.1,3.282
MT2959,7.689
MT2960,6.066
MT2961,17.029
xerC,96.995
MT2963,50.517
MT2964,15.629
MT2965,6.201
MT2966,25.563
fdhD,26.419
MT2968,78.69
MT2969,325.043
rnhB,163.567
lepB,262.216
rplS,387.373
MT2973,186.902
trmD,39.075
rimM,24.456
MT2976,73.571
rpsP,87.767
MT2978,11.804
dacB,24.331
MT2980,12.182
MT2981,8.913
MT2982,10.477
MT2983,19.08
ffh,40.003
MT2985,6.825
glnD,33.352
glnB,118.529
amt,13.279
MT2988.1,1.213
ftsY,67.595
MT2990,25.045
MT2991,12.597
MT2992,16.457
MT2993,7.131
fpg-2,13.722
rnc,106.963
MT2996,103.89
MT2997,205.462
MT2998,35.44
MT2998.1,18.851
MT2999,538.695
MT3000,196.087
MT3002,50.01
MT3003,54.022
MT3004,55.271
MT3005,86.796
MT3006,107.054
MT3007,67.337
MT3008,60.056
MT3009,67.733
mas-2,328.18
MT3011,223.814
MT3012,216.748
MT3013,102.448
MT3014,21.114
MT3015,10.503
MT3016,17.949
MT3017,56.326
MT3018,95.068
MT3021.1,167.124
MT3021,197.357
MT3022,475.347
MT3023,574.046
MT3024,21.975
MT3025,93.296
MT3026,59.165
MT3027,46.235
MT3028,141.799
MT3029,31.357
MT3553,2.538
MT3030,114.876
MT3031,55.212
MT3032,33.866
MT3033,12.378
MT3034,12.398
MT3035,31.879
MT3036,17.752
MT3037,5.908
MT3038,14.321
MT3039,63.814
purU,12.421
MT3041.1,6.957
MT3042,13.18
coaD,31.154
MT3044,32.763
pca,33.058
MT3046,44.894
MT3047,98.093
MT3048,62.993
MT3049,79.497
MT3050,15.415
recG,13.335
MT3052,17.515
MT3052.1,35.065
rpmB (NC_002755 3326173..3326368),64.804
ung,52.444
thiL,66.661
MT3056,81.865
MT3057,72.767
MT3058,13.362
MT3058.1,2.961
MT3058.2,77.316
ddl,63.476
gpsA (NC_002755 3332372..3333377),49.136
MT3061,11.105
ppk,30.765
MT3063,235.376
MT3064,1023.829
leuD,20.679
leuC,22.851
MT3067,142.035
MT3068,459.241
MT3069,25.684
MTt35,3.065
MTt36,0
gltX,36.609
MT3071,43.433
MT3072,41.26
leuB,76.32
serA,62.784
MT3075,13.681
MT3076,20.034
MT3077,6.919
MT3078,8.941
MT3080,12.706
MT3080.1,83.229
ilvC,126.575
ilvH,113.136
ilvB,100.035
MT3084,56.036
MT3085,229.607
MT3086,91.191
MT3087,36.775
MT3088,29.303
gatB,56.293
pfkA,44.014
gatA,14.156
gatC,14.364
MT3093,14.095
ligA,18.401
MT3095,10.452
MT3096,20.52
MT3097,5.41
MT3098,1.998
MT3099,8.192
MT3100,4.935
MT3101,8.801
MT3102,1.879
MT3103,5.264
MT3104,3.402
MT3105,6.219
MT3106,4.007
MT3106.1,3.517
MT3107,8.586
mnmA,40.299
MT3109,75.674
MT3110,4.837
MT3111,7.985
etfA,121.396
etfB,153.69
MT3114,41.646
MT3115,35.618
MT3116,35.735
MT3117,13.289
MT3118,11.35
MT3119,44.284
MT3120,31.133
MT3121,24.86
MT3122,23.683
MT3123,87.114
MT3124,23.598
MT3125,25.255
MT3126,31.071
serB,60.838
ctaD,85.017
MT3129,51.073
adh,146.787
MT3131,67.706
MT3131.1,22.707
MT3132,34.736
nrdF2,113.959
MT3134,165.938
MT3135,30.975
MT3136,168.885
nrdE,352.316
nrdI,318.678
MT3139,486.494
MT3139.1,413.387
MT3140,10.353
MT3141,10.582
MT3142,18.796
MT3143,30.195
MT3144,49.344
MT3145,23.585
MT3145.1,10.834
MT3146,46.116
MT3147,102.191
ligB,23.118
cstA,11.79
MT3149.1,5.728
MT3150,21.188
emrE,53.381
MT3151,47.237
MT3152,31.455
MTt37,5.584
pgmA,11.477
ccrB (NC_002755 3429482..3429881),15.179
ccrB (NC_002755 3429877..3430258),11.005
MT3155,8.386
MT3156,4.118
MT3157,13.091
MT3158,20.716
MT3159,54.625
MT3160,78.401
MT3161,21.242
MT3162,9.802
habA,11.299
MT3164,7.877
MT3165,16.721
MT3166,12.526
MT3167,6.874
MT3168,152.589
bah,118.729
MT3170,109.32
MT3171,176.7
MT3172,83.706
MT3173,65.263
MT3174,55.384
MT3174.1,8.627
MT3174.2,3.267
MT3175,9.312
MT3176,37.205
MT3176.1,191.077
MT3177,166.052
MT3178,197.102
MT3179,101.329
MT3180,58.744
MT3181,6.337
MT3182,75.688
MT3183,65.342
smpB,17.603
ftsX,26.316
ftsE,17.47
MT3186.1,19.289
MT3187,51.826
prfB,42.475
fprA,24.126
MT3190,15.257
MT3191,16.671
moaA-2,3.998
MT3193,5.973
moaC (NC_002755 3474967..3475480),4.2
moaD,4.16
MT3195,3.656
MT3196,4.13
MT3197,9.006
MT3198,29.067
sseA-3,65.007
MT3200,67.843
moaE-2,65.578
MT3202,37.47
MT3203,26.333
MT3204,16.923
MT3205,75.172
MT3206,37.609
MT3207,2.478
MT3208,4.48
MT3209,9.26
MT3210,2.471
MT3211,7.764
MT3212,13.015
MT3214,4.796
MT3215,5.771
MT3216,13.513
MT3217,12.603
MT3218,24.339
MT3219,31.966
MT3220,21.143
MT3220.1,3.798
MT3220.2,181.329
MT3221,155.85
MT3222,61.556
MT3223,22.444
MT3224,19.783
MT3225,33.422
MT3226,110.921
MT3227,150.075
MT3228,100.231
MT3229,73.233
MT3230,85.757
MT3231,98.334
nuoA,144.155
nuoB,129.058
nuoC,109.108
nuoD,125.931
nuoE,152.451
nuoF,122.604
nuoG,227.739
nuoH,205.92
nuoI,234.491
nuoJ,182.451
nuoK,109.285
nuoL,248.243
nuoM,199.568
nuoN,123.655
MT3247,18.061
MT3248,48.853
MT3249,132.013
MT3250,241.703
MT3251,16.752
MT3252,9.568
MT3253,13.787
MT3254,8.319
MT3255,11.816
MT3256,4.895
MT3257,8.502
MT3258,17.786
MT3259,19.027
MT3260,204.956
MT3261,15.433
MT3262,81.122
MT3263,4.524
MT3264,16.307
MT3265,12.046
MT3266,5.159
MT3267,5.417
MT3268,0.647
MT3269,4.952
MT3270,11.433
MT3270.1,6.892
MT3271,12.718
MT3272,10.67
MT3273,0.431
MT3274,33.919
MT3275,13.235
MT3275.1,1.797
MT3276,15.562
MT3277,13.41
MT3278,23.321
MT3279,157.231
MT3280,148.715
MT3281,32.408
MT3282,1.362
MTt38,1.513
MT3283,5.761
MT3284,2.08
MT3285,62.925
MT3286,16.438
MT3287,13.091
MT3288,8.088
MT3289,22.019
MT3290,308.456
MT3290.1,37.422
MT3290.2,35.035
MT3291,34.641
MT3292,27.404
nudC,30.724
MT3294,53.108
MT3295,15.853
MT3296,25.569
MT3297,16.486
MT3298,19.411
MT3299,35.397
MT3300,96.725
MT3301,113.207
MT3302,163.835
MT3303,65.184
MT3304,39.813
MT3305,112.75
MT3306,55.64
deaD-2,647.298
MT3308,434.659
MT3309,227.918
MT3310,29.074
MT3311,16.393
MT3312,26.581
MT3313,51.678
MT3314,12.72
MT3315,1398.521
MT3316,118.671
MT3317,140.489
MT3318,124.08
MT3319,99.904
sigH,100.666
MT3321,116.399
MT3322,49.55
MT3323,41.969
MT3323.1,20.869
aroA,28.665
MT3325,106.908
MT3326,941.671
MT3327,191.921
MT3328,25.349
MT3329,42.56
MT3330,28.972
MT3331,38.965
MT3332,23.674
MT3333,37.515
MT3334,34.964
MT3335,20.52
MT3337,15.824
secA-2,68.164
MT3339,120.614
MT3340,11.47
MT3341,37.064
MT3342,159.218
mtrB,217.932
mtrA,425.978
MT3345,75.207
ahcY,870.805
MT3347,1994.818
MT3348,1711.052
MT3349,1843.385
alkB,1644.88
MT3351,33.774
MT3352,31.017
manA,60.559
MT3354,92.525
manB,157.581
MT3356,133.511
MT3357,40.808
MT3358,277.549
MT3359,21.925
MT3361,13.229
MT3362,3.451
MT3363,14.786
mpg1,75.973
MT3365,48.464
strL,75.226
MT3367,193.099
MT3368,132.671
MT3369,75.385
MT3370,94.275
MT3371,99.58
yfdE,44.474
MT3373,66.15
MT3374,62.066
purE,41.263
purK,47.129
MT3377,63.898
MT3377.1,46.427
MT3378,11.647
birA,14.54
pccB-4,97.056
MT3380,201.307
maf,48.397
sseA-4,173.854
MT3383,112.828
bccA-3,143.695
sigF,39.786
MT3386,54.644
MT3387,57.53
MT3388,66.707
lat,258.73
lrp,25.067
MT3391,15.398
MT3392,30.862
MT3393,8.627
MT3394,122.326
MT3395,38.669
nei,35.941
MT3397,24.821
MT3398,71.605
MT3399,86.653
MT3400,178.985
glpD-2,298.224
lpdA-2,107.05
MT3403,25.335
MT3404,47.831
MT3405,73.714
deoD,45.533
manB-2,19.629
upp,12.225
MT3409,73.245
MT3410,47.135
MT3411,14.98
MT3412,22.136
MT3413,96.55
MT3414,18.58
deoA,14.785
cdd,7.533
sdhC,26.454
sdhD,28.782
sdhA (NC_002755 3699887..3701660),21.021
sdhB,25.588
MT3421,80.903
MT3422,87.95
MT3423,66.85
moaDE,95.919
moaC (NC_002755 3704602..3705157),85.934
MT3426,73.918
moaA-3,84.262
MT3427.1,44.297
MT3428,13.009
MT3429,5.161
MT3430,11.835
MT3431,60.36
MT3432,25.646
MT3433,37.771
MT3434,27.625
nagA,36.417
MT3436,23.186
MT3437,13.573
MT3437.1,3.882
MT3438,24.297
MT3439,34.07
trpS,71.078
MT3441,56.908
icd-2,48.386
MT3443,45.681
metX,71.77
MT3445,78.873
MT3447,14.686
MT3448,10.421
MT3449,4.75
MT3449.1,0.971
MT3449.2,4.853
MT3450,7.674
MT3453,43.272
MT3454,1.184
MT3455,16.807
MT3456,7.466
MT3456.1,5.767
MT3458,12.241
MT3459,4.175
MT3460,5.949
MT3461,7.089
MT3462,17.171
MT3463,27.136
folD,40.219
MT3465,4.642
MT3466,5.191
MT3467,7.139
MT3468,11.363
MT3469,20.15
MT3470,30.217
MT3471,24.461
MT3472,34.822
MT3474,60.093
MT3475,6.262
MT3476,35.366
MT3477,18.689
MT3478,29.05
dnaE2,68.864
MT3481,35.87
MT3482,27.136
MT3483,9.346
MT3484,18.3
MT3485,9.461
MT3486,111.214
MT3487,37.778
MT3488,12.157
MT3489,7.83
lytB-2,27.94
MT3491,38.057
MT3491.1,12.188
MT3492,36.617
MT3493,92.345
MT3494,10.408
MT3494.1,8.503
MT3495,8.805
MT3496,81.114
MT3497,45.129
MT3498,16.847
cma1,15.502
MT3500,11.936
MT3501,15.592
MT3502,30.138
MT3503,7.257
guaA,37.014
crtB,8.328
MT3506,5.716
MT3507,7.175
MT3508,46.867
MT3509,50.094
MT3510,13.489
MT3510.1,9.099
MT3511,16.358
MT3512,31.884
MT3513,15.919
MT3514,16.067
MT3515,53.769
MT3516,62.579
MT3517,122.502
MT3518,70.572
guaB-2,194.295
MT3520,12.591
MT3521,392.758
MT3522,276.61
MT3523,346.9
MT3524,8.229
MT3525,121.933
groEL (NC_002755 3826148..3827768),85.805
groES,347.864
gcp,68.024
MT3529,58.478
MT3530,61.577
MT3531,62.943
alr,64.593
MT3532.1,4.034
MT3532.2,143.418
MT3533,297.783
MT3534,78.195
MT3535,30.61
MT3536,53.381
MT3537,36.551
gadB,19.706
MT3539,22.974
MT3540,19.656
MT3541,29.768
glmS,26.989
MT3542.1,23.074
MT3543,28.737
MT3544,24.098
MT3545,28.557
glmM,110.458
rpsI,142.008
rplM,199.096
MT3549,5.958
MT3550,4.282
MT3551,2.828
MT3554,1.991
MT3555,4.555
MT3556,8.078
MT3557,24.107
MT3559,15.73
MT3560,12.617
MT3561,16.55
truA,133.534
rplQ,397.233
rpoA,298.252
rpsD,281.655
rpsK,285.068
rpsM,374.404
rpmJ,489.878
infA,589.944
MT3569,9.638
rfbB,86.766
strM,63.397
MT3572,13.927
MT3572.1,3.487
MT3573,72.374
MT3573.1,75.383
MT3573.2,37.947
MT3573.3,26.716
MT3573.4,16.217
MT3573.5,31.357
MT3573.6,23.109
MT3573.7,30.91
MT3573.8,81.958
MT3573.9,26.726
MT3573.10,21.029
MT3573.11,112.326
MT3573.12,155.7
MT3573.13,19.058
MT3573.14,7.982
MT3573.15,2.692
MT3573.16,5.869
MT3574,5.052
bphI-1,4.09
MT3576,5.863
MT3577,1.574
MT3578,10.337
MT3579,9.87
MT3580,6.988
MT3580.1,1.713
MT3580.2,142.033
MT3581,211.171
MT3582,79.32
MT3583,26.717
MT3584,26.355
MT3585,8.44
MT3586,40.087
MT3587,44.356
MT3588,126.286
MT3589,37.502
MT3590,149.017
MT3591,523.925
MT3592,25.163
MT3593,317.991
otsA,148.441
MT3595,71.208
MT3596,78.248
MT3597,66.222
MT3598,82.695
MT3599,80.015
MT3600,70.199
MT3601,58.451
MT3602,42.085
MT3603,44.099
MT3604,27.77
MT3605,21.858
fabG (NC_002755 3914859..3915873),29.461
fdxD,44.585
MT3608,17.475
MT3609,19.826
MT3610,5.943
MT3612,14.674
MT3612.1,68.98
MT3613,39.737
MT3614,11.132
MT3615.1,12.045
MT3615.2,0.709
MT3615.3,13.371
MT3615.4,12.764
MT3616,23.194
MT3617,26.029
MT3618,5.896
MT3619,27.894
MT3620,31.215
MT3621,115.339
MT3622,45.428
MT3622.1,15.912
MT3623,61.231
MT3624,44.183
MT3625,18.746
MT3626,125.706
MT3627,51.504
MT3628,14.897
MT3629,19.819
MT3630,7.647
MT3631,8.235
MT3632,15.68
MT3633,20.973
MT3634,42.436
MT3636,9.253
MT3637,15.216
bphI-2,53.55
mhpF,59.255
mhpD,83.127
MT3641,37.693
MT3642,29.151
MT3643,9.827
MT3644,24.377
MT3645,44.049
MT3646,45.915
MT3647,45.726
MT3648,45.499
MT3649,38.152
MT3650,23.175
MT3651,39.461
MT3652,28.351
MT3653,32.85
MT3653.1,2.218
MT3654,26.064
MT3655,31.137
MT3656,32.172
MT3657,29.95
MT3658,18.806
MT3659,26.336
MT3660,55.876
MT3661,41.237
MT3663,10.577
MT3664,12.695
MT3665,15.388
MT3666,19.721
MT3667,24.649
MT3668,20.388
MT3669,16.795
MT3670,10.638
nhoA,27.408
MT3671.1,33.806
MT3671.2,35.076
MT3672,62.467
MT3673,103.247
bphD,122.849
MT3675,179.32
MT3676,23.521
MT3677,33.449
MT3678,7.77
MT3679,131.424
MT3680,12.318
MT3681,32.461
MT3682,19.309
MT3684,19.786
MT3685,51.891
cysS (NC_002755 4014533..4015943),55.838
ispF,259.989
ispD,703.238
MT3689,2382.936
MT3690,82.68
radA,58.435
MT3692,68.669
MT3693,179.394
cynT,40.689
MT3695,20.111
MT3696,23.293
MT3697,6.621
MT3698,188.252
MT3699,62.744
MT3700,21.802
MT3701,56.235
clpC,532.54
lsr2,323.291
lysS (NC_002755 4033553..4035071),17.953
MT3706,33.703
panD,39.1
panC,30.62
MT3708,43.595
MT3709,86.375
MT3710,68.977
folK,89.045
folB,114.294
folP-2,108.504
folE,92.275
ftsH,144.883
MT3715,28.058
MT3716,110.277
MT3717,133.079
MT3718,182.06
MT3718.1,5.195
MT3718.2,2.516
MT3719,38.883
MT3720,31.715
MT3721,24.724
MT3722,12.745
MT3723,6.048
MT3724,2.135
MT3725,31.171
hpt,49.915
MT3727,23.365
MT3728,65.12
MT3729,76.594
ppa,18.935
MT3731,16.875
MT3732,16.446
MT3733,18.351
MT3734,16.542
MT3735,83.162
MT3736,41.827
MT3737,8.722
MT3739,5.242
MT3740,3.586
MT3741,7.087
MT3742,3.93
MT3743,27.56
MT3743.1,143.344
MT3744,0.431
MT3745,2.823
MT3746,0
MTt39,0
holB,23.102
MT3748,196.936
topA,62.282
MT3750,125.419
csp,1656.805
MT3751,5.708
MT3752,3.882
MT3753,40.674
MT3754,5.042
MT3755,6.865
MT3756,8.419
MT3756.1,14.888
MT3756.2,9.511
MT3756.3,8.126
MT3757,7.295
MT3758,18.466
MT3759,12.208
MT3760,21.56
MT3761,46.573
MT3762,5115.739
MT3763,189.278
MT3764,20.755
MT3765,10.324
MT3766,8.292
MT3767,11.819
MT3767.1,7.83
MT3767.2,5.546
MT3767.3,3.314
acs,14.975
MT3769,21.661
MT3770,38.495
MT3771,14.914
MT3772,56.185
MT3773,52.283
MT3774,59.936
pdg,35.87
MT3776,41.133
MT3777,92.829
MT3778,66.877
MT3779,132.303
MT3780,121.5
MT3781,252.574
MT3782,195.517
MT3783,73.893
pon1,191.264
MT3785,108.703
MT3786,88.639
MTt40,9.075
MT3787,37.276
MT3788,181.326
MT3789,41.821
MT3790,74.514
MT3791,75.326
MT3792,29.698
MT3793,30.794
MT3794,36.714
MT3795,45.714
MT3796,55.881
MT3797,28.326
glpK,20.685
MT3799,38.955
MT3800,51.246
MT3801,9.249
MT3802,54.302
MT3803,31.813
MT3804,61.308
MT3805,35.438
MT3806,40.281
MT3807,61.91
MT3808,44.24
MT3808.1,21.95
MT3809,30.84
MT3810,21.83
asd,112.933
ask,154.876
leuA,88.329
dnaQ,138.526
MT3814.1,0.647
MT3815,16.973
cobQ-2,23.427
MT3817,17.879
recR,68.415
MT3819,102.706
MT3820,74.597
MT3821,22.428
MT3822,24.939
cfa-2,25.987
dnaZX,34.531
MT3825,95.409
MTt41,23.555
MT3826,85.486
MT3827,34.063
MT3828,54.101
MT3829,54.381
MT3830,34.573
MT3831,14.866
MT3833,21.435
MT3835,12.978
ligC,8.868
MT3837,19.796
MT3838,29.407
MT3839,28.114
MT3840,25.726
MT3841,15.299
MT3842,28.238
MT3844,234.446
MT3846,567.903
MT3847,591.78
MT3848,1345.211
MT3849,1839.062
MT3850,3121.825
MT3851,4.17
MT3852,36.539
MT3853,9.569
MT3854,35.692
MT3855,46.217
MT3856,14.159
MT3857,15.707
MT3858,4.228
MTt42,3.882
MT3859,27.658
MT3860,70.09
tyrA,18.153
MT3862,66.192
MT3863,56.616
MT3864,60.512
MT3865,60.607
MT3866,66.924
MT3867,24.84
MT3868,11.525
MT3869,11.494
MT3870,165.966
MT3871,43.034
MT3872,13.527
MT3873,22.196
MT3874,73.208
MT3875,6.47
MT3876,46.452
MT3876.1,17.205
MT3877,9.099
MT3878,5.091
MT3879,5.156
MT3880,9.795
MTt43,0.798
MTt44,15.703
hisC-3,14.97
MT3882,21.103
MT3883,94.797
MT3884,25.291
MT3885,34.783
MTt45,2.008
MT3886,55.579
MT3887,93.115
MT3888,31.518
MT3889,80.862
rfbE,55.754
MT3891,86.364
rfbD,54.158
MT3893,35.12
MT3894,18.46
MT3895,8.041
MT3896,19.651
MT3897,18.19
MT3898,16.608
MT3899,25.12
MT3899.1,14.725
embC,42.652
embA,39.78
embB,41.931
MT3903,17.464
MT3904,27.679
MT3905,54.002
pccB-5,472.884
MT3907,355.458
MT3908,278.628
MT3909,98.208
mpb51,142.495
fbpA,1259.767
MT3912,124.631
MT3913,143.694
MT3914,106.879
MT3915,119.936
glf,44.161
erp,362.888
MT3918,116.18
MT3919,17.034
MT3920,22.025
MT3921,15.224
MT3922,34.147
MT3923,50.973
MT3924,51.147
MT3925,95.787
aph,10.707
MT3926,21.777
MT3927,13.64
MT3928,18.252
MT3929,69
MT3930,311.826
MT3931,28.173
MT3932,22.975
mas-3,243.503
MT3934,25.583
MT3935,51.589
MT3936,33.874
MT3937,6.976
MT3938,4.807
MT3939,21.099
MT3940,8.418
MT3941,10.588
serS,7.071
MT3943,36.666
MT3944,30.276
MT3945,110.052
pheA,51.964
MT3947,10.343
MT3948,6.257
MT3949,713.202
MT3950,359.493
MT3951,145.103
MT3952,3.882
MT3953,22.905
MT3954,2.461
MT3954.1,33.801
MT3955,13.967
MT3957,18.553
MT3958,16.446
MT3959,43.675
sodM,78.018
MT3961,81.025
MT3962,34.94
MT3963,11.403
MT3964,220.383
MT3965,37.227
MT3966,16.755
MT3967,101.514
MT3968,120.399
MT3969,970.561
MT3970,258.071
MT3971,83.422
MT3972,80.292
MT3972.1,34.692
gltD,110.037
gltB,133.303
MT3974.1,70.062
MT3975,12.113
MT3976,67.856
MT3977,53.492
MT3978,215.98
MT3979,316.552
MT3980,252.198
MT3981,204.629
MT3982,189.633
MT3983,311.306
MT3984,215.514
MT3985,224.639
MT3986,214.211
MT3987,319.398
MT3988,4321.015
MT3989,4781.631
MT3990,112.306
MT3991,124.96
MT3992,133.184
MT3993,185.694
MT3994,56.428
MT3995,193.601
MT3996,248.725
MT3997,97.433
MT3998,119.247
MT3999,32.766
MT4000,34.463
MT4001,24.919
MT4002,44.687
MT4003,43.136
MT4004,30.834
MT4005,118.692
MT4006,107.301
MT4007,9.123
MT4008,50.519
MT4010,27.276
MT4011,18.472
MT4012,34.53
MT4013,52.275
MT4014,62.431
MT4016,18.939
MT4017,32.041
MT4018,18.635
MT4019,17.22
MT4020,11.844
MT4022,11.573
MT4023,24.744
MT4024,24.451
MT4025,31.857
pcnB,21.389
MT4026.1,0.273
MT4027,44.513
MT4028,34.722
MT4029,70.142
sigM,15.667
MT4031,5.785
trxB,29.868
trx-3,52.925
MT4034,78.313
MT4035,95.947
MT4035.1,220.803
MT4036,142.799
MT4037,119.872
gidB,144.592
MT4039,299.841
MT4040,190.251
MT4040.1,129.301
rnpA,127.417
rpmH,113.232
MT4041.2,83.153
