Gene Name,Value 1
dnaA,3.83819
dnaN,3.3902
PA0011,4.61414
PA0099,29.7865
PA0981,13.8544
PA0982,1.13871
PA0983,0
PA0984,0
pyoS5,52.8453
PA0986,0
PA0987,0
PA0988,3.62096
PA0989,0
PA0990,0
PA0100,6.85444
cupC1,0.965732
cupC2,0
cupC3,0.561284
ogt,2.02116
pqsA,2.27924
pqsB,3.85891
pqsC,0.795456
pqsD,0.695514
pqsE,0.836713
phnA,7.59189
PA0101,0.169155
phnB,0.413831
mvfR,1.9879
nadA,3.12807
PA1005,1.68764
PA1006,0
PA1007,1.21964
bcp,0
PA1009,0
dapA,2.28371
PA1011,8.34142
PA0102,0.322724
PA1012,0.569081
purC,6.54534
PA1013.1,0
PA1014,2.50703
PA1015,0.286625
PA1016,0.257606
pauA,0.260734
PA1018,0.363137
mucK,0
PA1019a,0
PA0103,0
PA1020,0.19305
PA1021,0
PA1022,1.84447
PA1023,0
PA1024,0
PA1025,0.168691
PA1026,0
PA1027,0
PA1028,0.163315
PA0103a,3.63327
PA1030,0.880199
PA1030.1,0
PA1031,0.432666
quiP,0.106476
PA1033,0.536606
PA1034,0
PA1035,3.37423
PA1036,0.45673
PA1037,0
PA1038,1.11951
coxB,0.455555
PA1039,0
PA1040,0
PA1041,0
PA1042,0
PA1043,0
PA1044,0
PA1045,0.632404
PA1046,0.120148
PA1047,0.831972
PA1048,1.11924
coxA,0
pdxH,0.703151
PA1050,0
PA1051,0.280228
PA1052,0
PA1052a,0
PA1053,41.8306
PA1054,0.723482
PA1055,6.45297
PA1056,0.440501
PA1057,1.21419
PA0107,0.463589
PA1058,15.0149
PA1059,0.952686
PA1060,0.454341
PA1061,0.272617
PA1062,0
PA1063,0
PA1064,0.677287
PA1065,0.831511
PA1066,0
PA1067,0
coIII,0.718339
PA1068,0
PA1069,7.53594
braG,1.15346
braF,1.58803
braE,0.475775
braD,0.911915
braC,8.8924
PA1075,0
PA1076,3.06551
flgB,7.59959
PA0012,4.90902
PA0109,0
flgC,4.07578
flgD,0.331418
flgE,2.1517
flgF,7.87447
flgG,2.62948
flgH,26.7961
flgI,0
flgJ,2.05714
flgK,2.78464
flgL,4.03797
PA0110,0
PA1088,4.59523
PA1089,1.99748
PA1090,0.681466
fgtA,0.626187
fliC,17.7852
PA1093,0
fliD,13.5333
PA1095,129.204
PA1096,1.89919
fleQ,4.1866
PA0111,0
fleS,0.564411
fleR,2.53753
fliE,2.10389
fliF,0.725917
fliG,1.24128
PA1103,0.794822
fliI,0.869709
fliJ,0
PA1106,0.616762
PA1107,0.423757
PA0112,0.369255
PA1108,0
PA1109,0
PA1110,0
PA1111,0
PA1112,0.258397
PA1112a,7.09164
PA1112.1,5.18896
PA1112b,9.72461
PA1113,0.481261
PA1114,0
PA0113,0.339699
PA1115,0.51083
PA1116,1.02585
PA1117,0
PA1118,0.70058
yfiB,1.27762
tpbB,0.320669
yfiR,2.3002
PA1123,2.20075
dgt,0.250933
senC,8.39964
PA1125,0.434303
PA1126,0
PA1127,0.530147
PA1128,0
PA1129,0
rhlC,0
PA1131,0
PA1132,1.98391
PA1133,0.938603
PA1134,0
PA0115,0.892358
PA1135,0.871925
PA1136,0.771608
PA1137,1.64777
PA1138,0
PA1139,0.372782
PA1140,0.379502
PA1141,0
PA1142,0
PA1143,0
PA1144,0
PA0116,0
PA1145,0.456218
PA1146,0
PA1147,0
toxA,0
PA1149,0
pys2,96.6484
imm2,134.36
PA1153,0
PA1154,0
nrdB,63.8121
PA0117,0
nrdA,11.3256
PA1157,0
PA1158,0.280228
PA1159,6.38411
PA1160,0.806721
rrmA,0
dapE,0
ndvB,0.0752211
PA1164,0
pcpS,0.452991
PA0118,0.4282
PA1166,0
PA1167,0.358451
PA1168,0
PA1169,0.352193
PA1170,0.448171
PA1171,0
napC,0
napB,0.785497
napA,0.53858
napD,0
PA0013,0.694315
PA0119,0.154688
napF,0
napE,0
oprH,40.6783
phoP,2.52935
phoQ,2.26934
PA1181,0.158307
PA1182,0
dctA,2.76511
PA1184,0
PA1185,0
PA0120,0
PA1186,0
PA1187,0.521595
PA1188,0
PA1189,0
PA1190,0
PA1191,1.63864
PA1192,1.68504
PA1193,0
PA1194,0.146229
PA1195,1.12655
PA0121,0
PA1196,0
PA1197,6.16145
PA1198,5.95066
PA1199,1.88021
PA1200,0.729646
PA1201,0
PA1202,0
PA1203,3.57593
PA1204,0
PA1205,0.325266
PA0122,22.2507
PA1206,0
kefB,0.308453
PA1208,0.440501
PA1209,0
PA1210,0.340594
PA1211,0
PA1212,0
PA1213,0.320317
PA1214,0
PA1215,0
PA0123,0.342462
PA1216,0.312873
PA1217,0
PA1218,0.969604
PA1219,0
PA1220,0.16686
PA1221,0.197164
PA1222,0
PA1223,0
PA1224,0
PA1225,0.785472
PA0124,0
PA1226,0
PA1227,0
PA1228,0
PA1229,0
PA1230,0
PA1231,0
PA1232,0.0979951
PA1233,0
PA1234,0
PA1235,0
PA0125,0
PA1236,0
PA1237,0
PA1238,0
PA1239,0
PA1240,0
PA1241,0.45673
PA1242,0
PA1243,0.395526
PA1244,9.23232
PA1245,0
PA0126,0.745833
aprD,0
aprE,0.224026
aprF,0.198191
aprA,1.23585
aprI,0
PA1251,0
PA1252,0
PA1253,0
PA1254,0
PA1255,0
PA0127,0
PA1256,0
PA1257,0.378269
PA1258,0
PA1259,0
PA1260,0
PA1261,0
PA1262,0
PA1263,0.560752
PA1264,0.259969
PA1265,0
PA0128,35.1882
PA1266,0
PA1267,0.267423
PA1268,0.326527
PA1269,0
PA1270,0.448183
PA1271,0.560144
cobO,0
cobB,0
PA1274,0
cobD,0
PA0014,0
gabP,0.725965
cobC,0
cobQ,0.395806
cobP,0
cobU,0.376816
PA1280,0
cobV,0
PA1282,0
PA1283,0
PA1284,0.15314
PA1285,0
PA0130,4.66876
PA1286,0
PA1287,2.19087
PA1288,9.35063
PA1289,0
PA1290,0.422335
PA1291,0
PA1292,0.26444
PA1293,0
rnd,0.190656
PA1295,8.51057
PA0131,0
PA1296,0.475697
PA1297,0
PA1298,0
PA1299,0
PA1300,0
PA1301,0.410432
PA1302,0.529699
PA1303,0
PA1304,0
PA1305,0
PA0132,1.81252
PA1306,0
PA1307,2.63831
PA1308,0
PA1309,0.484228
phnW,0.267423
phnX,0
PA1312,0
PA1313,0
PA1314,0
PA1315,0
PA0133,0.446984
PA1316,0
cyoA,0.219982
cyoB,2.30401
cyoC,0
cyoD,1.01334
cyoE,0
PA1322,0.214955
PA1323,0
PA1324,0
PA1324.1,0
PA0134,0
PA1325,0
ilvA2,0
PA1327,0
PA1328,0
PA1329,0
PA1330,0.71133
PA1331,0
PA1332,0
PA1333,0
PA1334,0
PA0135,0
PA1335,0.228277
PA1336,0.403514
ansB,3.60974
ggt,0.557506
PA1339,1.4899
PA1340,0
PA1341,0
PA1342,39.4284
PA1343,0
PA1344,0
PA0136,0
PA1345,0
PA1346,0
PA1347,0.828641
PA1348,0
PA1349,0
PA1350,0.436554
PA1351,0
PA1352,0
PA1353,3.17616
PA1354,0
PA0137,0
PA1355,0
PA1356,0
PA1357,1.67662
PA1358,0
PA1359,0
PA1360,0.962825
PA1361,0.263509
PA1362,19.5169
PA1363,0.90333
PA1364,0
PA0138,0.441621
PA1365,0
PA1366,0.601274
PA1367,0
PA1368,0.291073
PA1369,104.664
PA1370,6.19827
PA1371,92.4541
PA1372,104.431
fabF2,0
PA1374,0
PA0015,2.26714
ahpC,52.7541
pdxB,0
aceK,1.56791
PA1377,2.11147
PA1378,0
PA1379,0
PA1380,0
PA1381,0
PA1382,1.19111
PA1383,0.512426
galE,0.299792
ahpF,1.10115
PA1385,0.540048
PA1386,0.8012
PA1387,0.314127
PA1388,2.25301
PA1389,0.331267
PA1390,0.210207
PA1391,0.207151
PA1392,0.479759
cysC,0
PA1394,0
PA0141,14.0413
PA1395,0
PA1396,0.229069
PA1397,0.547035
PA1398,0
PA1399,0
PA1400,0.0810584
PA1401,0
PA1402,0
PA1403,0
PA1404,0
PA0142,0
PA1405,0
PA1406,0
PA1407,0
PA1408,0.147414
aphA,0.290484
PA1410,0.910779
PA1411,0
PA1412,0
PA1413,0
PA1414,8.59171
nuh,0.584088
PA1415,1.24545
PA1416,0.699826
PA1417,0
PA1418,0.206959
PA1419,0
PA1420,1.39749
gbuA,1.61381
gbuR,0.250441
bdlA,1.96982
PA1424,0
PA0144,0.554214
PA1424a,0
PA1425,0
PA1428a,0.976893
PA1428,0
PA1429,0.537071
lasR,10.5302
rsaL,627.92
lasI,62.0684
PA1433,0
PA1434,0
PA0145,0
PA1435,0
PA1436,0.085939
PA1437,0
PA1438,0
PA1439,0
PA1440,2.69599
PA1441,0.390796
PA1442,0.958719
fliM,6.28156
fliN,2.24419
PA0146,0
fliO,0
fliP,1.27016
fliQ,0
fliR,0.297726
flhB,0.606632
PA1450,0.167314
PA1451,0.43086
flhA,1.60824
flhF,4.44363
fleN,1.51861
PA0147,0
fliA,7.04161
cheY,35.5537
cheZ,11.7921
PA1458,2.40783
PA1459,0.38854
motC,1.17448
motD,0.463885
PA1462,0.29207
PA1463,0.351027
PA1464,8.02835
PA0148,0.464909
PA1465,0
PA1466,0
PA1467,0
PA1468,0
PA1469,0.326147
PA1470,0
PA1471,0
PA1472,0
PA1473,0
PA1474,0.33278
trkA,1.4019
PA0149,0
ccmA,0
ccmB,0
ccmC,2.34872
PA1478,0
ccmE,7.77617
ccmF,0.769278
ccmG,5.70436
ccmH,0
cycH,1.46795
PA1483a,0
PA0150,0
PA1484,0
PA1485,0
PA1486,0
PA1487,0
PA1488,0
PA1489,0.326652
PA1490,0.552011
PA1491,0
PA1492,0
cysP,6.11199
PA0151,0
PA1494,0
PA1495,0
PA1496,0
PA1497,0
pykF,0
PA1499,0
PA1500,0
PA1501,1.68283
gcl,0
PA1503,0
pcaQ,0.384703
PA1504,0
moaA2,1.64149
PA1506,0
PA1507,1.13083
PA1508,0
PA1509,22.776
PA1510,5.50493
PA1511,0.15558
hcpA,0
PA1513,0.757397
pcaH,0.788304
PA1514,0
alc,0
PA1516,0
PA1517,1.14802
PA1518,1.18762
PA1519,0
PA1520,1.2606
PA1521,0
PA1522,0
xdhB,0.575896
pcaG,0
xdhA,0.535776
alkB2,0.986327
PA1526,0
PA1527,3.97288
zipA,24.8322
lig,0
PA1530,0
ffs,0.229848
PA1531,2.30942
dnaX,1.08886
pcaR,0.377799
PA1533,104.495
recR,1.57665
PA1535,0.186042
PA1536,0.911499
PA1537,0
PA1538,0
PA1539,0.372782
PA1540,0
PA1541,0
PA1542,0.922388
PA0156,0.710679
apt,0
anr,5.95433
PA1545,83.5152
hemN,8.30355
PA1547,0
PA1548,0
PA1549,0.673809
PA1550,11.1725
PA1551,9.28703
ccoP1,7.3732
PA0157,0
ccoQ1,0
ccoO1,3.12423
ccoN1,3.16995
ccoP2,16.7355
ccoQ2,18.9854
ccoO2,12.123
ccoN2,14.3183
PA1558,0
aer,13.154
PA0158,0.819899
acnA,2.82851
PA1563,0.375534
PA1564,0
PA1565,0
PA1566,0
PA1567,1.01978
PA1568,0
PA1569,0.210581
PA1570,0
PA1571,0
PA0017,0.810124
PA0159,0.236023
PA1572,1.99969
PA1573,0
PA1574,0
PA1575,2.92266
PA1576,0.259969
PA1577,3.86543
PA1578,0.30817
PA1578a,2.64768
PA1579,9.36496
gltA,5.21954
PA0160,9.25315
sdhC,49.4142
sdhD,8.49661
sdhA,10.8454
sdhB,252.039
sucA,8.42561
sucB,15.8252
lpdG,1.7091
sucC,29.0246
sucD,13.3858
braB,0.638012
opdC,0.599352
PA1591,0.563275
PA1592,8.33205
PA1593,0
PA1594,0.911387
PA1595,0
htpG,8.62707
PA1597,0
PA1598,0
PA1599,0
PA1600,0
PA0163,0
PA1601,0.370017
PA1602,1.04908
PA1603,1.33764
PA1604,0.700767
PA1605,0.210207
PA1606,0
PA1607,0
PA1608,0.904737
fabB,3.45575
fabA,0
PA0164,0.475891
PA1611,0.821656
PA1612,0
PA1613,0.260757
gpsA,5.14565
PA1615,2.42377
PA1616,0
PA1617,0
PA1618,0
PA1619,0.386468
PA1620,0
PA0165,6.63273
PA1621,0.281379
PA1622,0
PA1623,3.80152
PA1624,0.283978
PA1625,0.563476
PA1626,0
PA1627,0
PA1628,0
PA1629,0
PA1630,1.8294
PA0166,0.442898
PA1631,0
kdpF,6.03907
kdpA,0
kdpB,0
kdpC,0
kdpD,0
kdpE,0
PA1638,0.245443
PA1639,0.580888
PA1640,0.500981
PA0167,3.95579
PA1641,0
selD,0.210207
PA1643,0.193658
PA1643a,0
PA1644,1.75177
PA1645,1.05722
PA1646,0.327197
PA1647,0
PA1648,0
PA1649,0.566163
PA0168,0
PA1650,0.60001
PA1651,0.324731
PA1652,0
PA1653,0
PA1654,1.72477
PA1655,4.5216
PA1656,19.5494
PA1657,6.91489
PA1658,22.6564
PA1659,1.4629
PA0169,0
PA1660,3.54766
PA1661,0.735699
PA1662,0.605722
PA1663,0.13619
PA1664,0
PA1665,0
PA1666,3.10912
PA1667,0.688833
PA1668,1.2011
PA1669,0.744333
fmt,1.68226
PA0170,1.60368
stp1,0
stk1,0
PA1672,1.18762
PA1673,88.1136
folE2,7.33259
PA1675,0
PA1676,0
PA1677,3.4066
PA1678,0.448801
PA1679,0.964304
PA0171,2.73952
PA1680,0.223175
aroC,0.394775
PA1682,0
PA1683,0
PA1684,2.31957
masA,0.436554
alkA,0
speE,0.746414
PA1688,2.89379
PA1689,0.92596
PA0172,0.378073
pscU,0
pscT,0
PA1692,0
pscR,2.48376
pscQ,0
pscP,0
pscO,0
PA1697,0
popN,0
PA1699,0
PA0173,0.206675
PA1700,0
PA1701,0
PA1702,0
pcrD,0.528686
pcrR,0
pcrG,0
pcrV,1.54315
pcrH,14.458
popB,14.9865
popD,1.78917
PA0174,0
exsC,0
PA1711,0
exsB,0
exsA,1.53228
exsD,0.547722
pscB,0
pscC,0.60326
pscD,0.609651
pscE,34.6787
pscF,3.62265
PA0175,0
pscG,0
pscH,0
pscI,0.997492
pscJ,0.312873
pscK,0
pscL,2.48174
bglX,0.205265
mucR,0.133903
PA1728,0
PA1729,0.703151
aer2,0.919967
PA1730,0.878361
PA1731,0
PA1732,0.286625
PA1733,0
PA1734,0
PA1735,0.352496
PA1736,0.741982
PA1737,0.256001
PA1738,0
PA1739,0.315517
PA0177,0
PA1740,0
PA1741,0
PA1742,6.30633
PA1743,0
PA1744,0
PA1745,0
PA1746,2.55523
PA1747,5.75726
PA1748,2.86437
PA1749,0.560165
PA0178,0.543841
PA1750,16.6154
PA1751,0
PA1752,1.22153
PA1753,2.62372
cysB,63.673
PA1755,0
cysH,1.25518
thrH,0.750895
pabB,0.153148
PA1759,0.905396
PA0179,2.59881
PA1760,1.03275
PA1761,0
PA1762,0.305112
PA1763,0.295582
PA1764,0.176952
PA1765,0.179002
PA1766,12.6449
PA1767,3.02573
PA1768,2.9889
PA1769,10.7313
def,6.39053
cttP,0.433851
ppsA,6.09039
estX,0
PA1772,6.50214
cmaX,3.33028
crfX,0
cmpX,78.4729
sigX,28.564
oprF,100.312
cobA,0
PA1779,0
PA0181,0.237849
nirD,0
nirB,0.0804355
PA1781.1,0
PA1782,0
nasA,0
PA1784,0
PA1785,0
PA1786,0
acnB,2.3655
PA1788,0
PA0182,0
PA1789,6.83107
PA1790,0
PA1791,3.66774
PA1792,0
ppiB,6.48405
glnS,3.05447
cysS,5.32062
folD,1.71605
PA1796.1,0
PA1796.2,0
atsA,0.230985
PA1796.3,0
PA1796.4,0
PA1797a,0
PA1797,0
parS,0.452872
parR,1.09444
tig,6.74088
clpP,9.50374
clpX,55.3485
lon,32.829
PA0184,0
hupB,12.9853
PA1804.1,0
ppiD,5.80747
fabI,1.26702
PA1807,0.126915
PA1808,0.213862
PA1809,0.753512
PA1810,3.35684
PA1811,2.61799
mltD,2.05187
PA0185,0.126393
PA1813,0.71482
PA1814,0
rnhA,3.4018
dnaQ,0
PA1817,5.79076
ldcA,1.44527
PA1819,0
nhaB,0.439506
PA1821,1.32292
fimL,1.16319
PA0186,0
PA1823,1.57333
PA1824,0
PA1825,0
PA1826,0.246426
PA1827,0.427686
PA1828,1.16464
PA1829,1.94171
PA1830,14.0917
PA1831,0.953441
PA1832,2.64573
PA0187,0
PA1833,0
PA1833a,1.24398
PA1835,0
PA1836,0
PA1837,0
cysI,1.73803
PA1837a,5.02184
PA1839,1.15007
PA1840,0.886118
PA1841,0
PA0188,0.254588
PA1842,3.04464
metH,0.805265
PA1844,0
PA1845,0
cti,0.741624
PA1847,18.0686
PA1848,0
PA1849,0
PA1850,0
PA1851,0
PA0189,0.15353
PA1852,37.9956
PA1853,0.261072
PA1854,0
PA1855,0
PA1856,0.261635
PA1857,1.59595
str,0
PA1859,0
PA1860,0
modC,0.198663
PA0020,2.20961
PA0190,0
modB,0
modA,1.23268
PA1864,0.698705
PA1865,0
PA1866,0
PA1866a,0
xphA,0
xqhA,0.116977
PA1869,0
PA1870,1.66815
PA0191,0
lasA,0.474462
PA1872,0.407015
PA1873,0
PA1874,0.363615
PA1875,0
PA1876,0
PA1877,0.576106
PA1878,0.823485
PA1879,0
PA1880,0
PA0192,0
PA1881,0
PA1882,1.5973
PA1883,0
PA1884,0
PA1885,0
polB,0.115216
PA1887,0.507557
PA1888,0.67654
PA1889,0
PA1890,0.557874
PA0193,0
PA1891,0
PA1892,0.317722
PA1893,0
PA1894,0.828641
PA1895,0.165069
PA1896,0
PA1897,0.423385
qscR,0.616762
phzA2,0
phzB2,0
PA0194,0
phzC2,0
phzD2,0
phzE2,0
phzF2,0
phzG2,0
PA1906,0
PA1907,0.124349
PA1908,0
PA1909,0
femA,0
pntAA,0.266576
femR,0
femI,0
PA1913,1.20022
PA1914,0
PA1915,0.183507
PA1916,0
PA1917,0
PA1918,0.270613
nrdG,0.975076
nrdD,0.17895
pntAB,0
PA1921,0
PA1922,0
PA1923,0.050016
PA1924,0.823479
PA1925,3.1384
PA1926,0.524662
metE,0
rimJ,0.89362
PA1929,1.27283
PA1930,0.386648
pntB,0
PA1931,0
PA1932,0
PA1933,0.287557
PA1934,0
PA1937,0
PA1938,0
PA1939,8.32965
PA1940,0.531696
PA1941,0.399072
PA1942,0
tonB2,0
PA1943,0
PA1944,0.522385
PA1945,0.287525
rbsB,2.30335
rbsA,0
rbsC,0.305224
rbsR,0
rbsK,0
PA1951,0.470566
PA1952,0
exbB1,0
PA1953,2.30552
PA1954,0
PA1955,0
PA1956,0
PA1957,0
PA1958,0
bacA,0.762439
PA1960,0
PA1961,0
azoR2,0
recF,4.54138
PA0021,0
exbD1,0
PA1963,6.6712
PA1964,0.476937
PA1965,2.03007
PA1966,0
PA1967,2.80484
PA1968,3.62265
PA1969,0
PA1970,0
braZ,0.512403
PA1972,0
PA0200,125.023
pqqF,0
PA1974,0
PA1975,0
ercS',0.102087
PA1977,0
PA1978,0.362674
eraS,0
eraR,0
PA1981,0
exaA,0
PA0201,0
exaB,0
exaC,0
pqqA,0
pqqB,0.243499
pqqC,0
pqqD,0
pqqE,0.259192
pqqH,0
PA1991,0.335587
ercS,0.458168
PA0202,0
PA1993,0
PA1994,0
PA1995,0
ppiC1,0
PA1997,0.327748
dhcR,0
dhcA,0
dhcB,0
atoB,0
PA2002,0
PA0203,0
bdhA,0
PA2004,0.479576
PA2005,0.143165
PA2006,0
maiA,0
fahA,0.161599
hmgA,1.29925
PA2010,0
liuE,0.69054
liuD,0
PA0204,0
liuC,2.17597
liuB,0.303021
liuA,2.09651
liuR,50.4416
PA2017,0.332983
PA2018,0.297558
PA2019,0
PA2020,0
PA2021,0
PA2022,0
PA0205,0
galU,9.10113
PA2024,0
gor,8.1537
PA2026,0
PA2027,2.25202
PA2028,0
PA2029,0
PA2030,2.57714
PA2031,1.7326
PA2032,0
PA0206,0
PA2033,0
PA2034,0
PA2035,0.53839
PA2036,0
PA2037,6.47158
PA2038,1.13927
PA2039,0.875714
PA2040,0.151264
PA2041,1.01086
PA2042,0.553182
PA0207,0.250441
PA2043,0
PA2044,0.450769
PA2045,0
PA2047,0
PA2048,0
PA2049,0
PA2050,0
PA2051,0
cynS,0
mdcA,0
cynT,0
cynR,0.252497
PA2055,0
PA2056,0
PA2057,0.246729
PA2058,0
PA2059,0
PA2060,0.214608
PA2061,0.175477
PA2062,0
PA0022,0
PA0209,0
PA2063,0
pcoB,0
pcoA,0
PA2066,0.716831
PA2067,0
PA2068,0.335587
PA2069,0.117686
PA2070,0.0742225
fusA2,0.396357
PA2072,0.075684
mdcC,0
PA2073,0
PA2074,0
PA2075,0.122613
PA2076,0.742253
PA2077,0
PA2078,0
PA2079,0.295266
kynU,1.58173
kynB,0
PA2082,1.92432
mdcD,0.364709
PA2083,0.393966
PA2084,0
PA2085,0
PA2086,0
PA2087,0
PA2088,0.266734
PA2089,0.10184
PA2090,0
PA2091,0.299212
PA2092,0
mdcE,0
PA2093,1.26659
PA2094,0
PA2095,0.374439
PA2096,0
PA2097,0
PA2098,0
PA2099,0
PA2100,1.52739
PA2101,6.35104
PA2102,1.17004
PA0213,0
PA2103,0.431283
PA2104,0
PA2105,0.481467
PA2106,1.68047
PA2107,0
PA2108,0
PA2109,0
PA2110,0
PA2111,0
PA2112,0.314473
PA0214,0
opdO,0
PA2114,0
PA2115,0
PA2116,0.403118
PA2117,0
ada,0
PA2118a,0
PA2119,0.944981
PA2120,0
PA2121,0
PA0215,0
PA2122,0
PA2123,0
PA2124,0
PA2125,0.197726
PA2126,0.721508
PA2127,4.45042
cupA1,0
cupA2,0.438829
cupA3,0
cupA4,0.212173
PA0216,0.303605
cupA5,0
PA2133,0
PA2134,0
PA2135,0.278812
PA2136,0
PA2137,0
PA2138,0.24862
PA2140,0
PA2141,0
PA0217,0.665966
PA2142,0
PA2142a,0
PA2143,0
glgP,0.111406
PA2145,0
PA2146,0
katE,0
PA2148,0
PA2149,0
PA2150,0
PA0218,0.445182
PA2151,0
PA2152,0.13932
glgB,0
PA2154,0
PA2155,0
PA2156,0
PA2157,0
PA2158,0
PA2159,0
PA2160,0.0925391
qor,0.951482
PA0219,0
PA2161,0
PA2162,0.0968061
PA2163,0
PA2164,0.115693
PA2165,0
PA2166,0
PA2167,0
PA2168,0
PA2169,0
PA2170,0
PA0220,0.263509
PA2171,0
PA2172,0
PA2173,0
PA2173a,0
PA2174,0
PA2175,0
PA2176,0
PA2177,0.303238
PA2178,0.408348
PA2179,0.324015
PA0221,0.274651
PA2180,0.209533
PA2181,0
PA2182,0
PA2183,0
PA2184,0
katN,0
PA2187,4.95039
PA2188,0
PA2189,0.875522
PA2190,1.41848
PA0222,0
exoY,2.44802
PA2192,0
hcnA,0
hcnB,2.80295
hcnC,0.644005
PA2196,0.811422
PA2197,0
PA2198,1.41848
PA2199,1.23042
PA2200,0.177325
PA0223,0.825279
PA2201,0
PA2202,0
PA2203,0
PA2204,2.82653
PA2205,0.575775
PA2206,0.558603
PA2207,0
PA2208,0
PA2209,1.2866
PA2210,0.376653
PA0224,0
PA2211,0
PA2212,0.299792
PA2213,0
PA2214,0
PA2215,0.502905
PA2216,0
PA2217,0
PA2218,0
opdE,0
PA2220,0.241586
PA0225,0.481667
PA2221,0
PA2222,0
PA2223,1.24835
PA2224,6.42561
PA2225,0
PA2226,0.535928
vqsM,5.25511
PA2228,1.39815
PA2229,0
PA2230,0
PA0226,1.76413
pslA,2.72731
pslB,0.538507
pslC,0.6951
pslD,0.601274
pslE,6.65557
pslF,0.179002
pslG,0.629844
pslH,0
pslI,0
pslJ,0.343772
PA0227,0.413003
pslK,0
pslL,1.91473
pslM,0
pslN,0
bkdR,0.603792
bkdA1,1.06616
bkdA2,0.492513
bkdB,0.625034
lpdV,0
PA2251,0
pcaF,0
PA2252,0.825877
ansA,0
pvcA,0
pvcB,0
pvcC,0
pvcD,0
ptxR,0
ptxS,0.604633
PA2260,0
PA2261,0
hemF,4.39206
pcaT,0
PA2262,0
PA2263,0
PA2264,0
PA2265,1.27199
PA2266,0.289788
PA2267,0.46002
PA2268,0
PA2269,0.17593
PA2270,0
PA2271,0
pcaB,0
pbpC,0
soxR,0
PA2274,0
PA2275,0
PA2276,0.502929
arsR,0
arsB,0
arsC,0
PA2280,0
PA2281,0
pcaD,0
PA2282,0
PA2283,0
PA2284,0
PA2285,0.364823
PA2286,0
PA2287,0.385368
PA2288,0
PA2289,1.51266
gcd,0.767388
PA2291,0.826829
pcaC,2.208
PA2292,0
PA2293,0
PA2294,0
PA2295,0.287967
PA2296,0
PA2297,0
PA2298,0.611949
PA2299,3.63794
chiC,0
PA2301,0
PA0233,0.655597
ambE,0.166233
ambD,0.641585
ambC,0.275291
ambB,0
ambA,0.565341
PA2307,0
PA2308,0
PA2309,0
PA2310,0
PA2311,0
PA0234,0.653866
PA2312,0
PA2312a,1.54232
PA2314,0.233337
PA2315,0
PA2316,1.04871
PA2317,0.904863
PA2318,0
PA2319,0
gntR,0
PA2321,0.505291
pcaK,0
PA2322,0
PA2323,0.772241
PA2324,0
PA2325,0
PA2326,0.203951
PA2327,0
PA2328,0
PA2329,0
PA2330,0
PA2331,0
PA0236,0
PA2332,0
PA2333,0
PA2334,0
PA2335,0
PA2336,0
mtlR,0
PA2338,0.221668
PA2339,1.24549
PA2340,0
PA2341,0
PA0237,0
mtlD,0
mtlY,0
mtlZ,0
PA2345,0
PA2346,0
PA2347,0
PA2348,0
PA2349,0
PA2350,0
PA2351,0.371425
PA0238,0
PA2352,0
PA2353,0.441744
PA2354,0.263243
PA2355,0
msuD,0
msuE,0
PA2358,0
PA2359,1.94303
PA2360,0
PA2361,0.191879
aroE,0.511127
PA0239,0.471814
PA2362,0
PA2363,0.573556
PA2364,0
PA2365,0
PA2366,0.748146
PA2367,0.771251
PA2368,0
PA2369,0.112724
PA2370,0
PA2371,0
PA0240,0
PA2373,0.0997434
PA2374,0
PA2375,0
PA2376,0
PA2377,0
PA2378,1.05337
PA2379,0
PA2380,0
PA2381,2.96575
lldA,0.679434
PA0241,0.218788
PA2383,0.241586
PA2384,0
pvdQ,0
pvdA,0.688833
fpvI,0
fpvR,0
pvdR,0
pvdT,0
opmQ,0
pvdP,0.227183
PA0242,0
PA2393,0
pvdN,0
pvdO,0
pvdF,0
pvdE,0.170849
fpvA,3.32359
pvdD,0.203142
pvdJ,0.0292073
PA2402,0.159806
PA2403,0.562779
PA0243,0
PA2404,2.81347
PA2405,0
PA2406,0
PA2407,0
PA2408,0
PA2409,0
PA2410,0.785319
PA2411,0
PA2412,0
pvdH,0
PA0244,0
PA2414,0.378611
PA2415,0
treA,0.226717
PA2417,0.869334
PA2418,0
PA2419,1.15276
PA2420,0
PA2421,0.33698
PA2422,0
PA2423,0
aroQ2,0
pvdL,0.0339818
pvdG,0
pvdS,1.09607
PA2427,0
PA2428,0
PA2429,0
PA2430,0.303028
PA2431,0.165785
bexR,0.243499
PA2433,0
PA0246,0.704641
PA2434,0
PA2435,0.139216
PA2436,1.61359
PA2437,0
PA2438,0
PA2439,0
PA2440,0
PA2441,0
gcvT2,0.350501
sdaA,0.695091
pobA,0
glyA2,0
gcvP2,0.499389
gcvH2,0
PA2447,0
PA2448,0
PA2449,1.5029
PA2450,0
PA2453,3.71715
PA2454,1.61809
PA0248,0.259969
PA2455,0
PA2457,7.71174
PA2458,0
PA2459,29.9387
PA2460,65.5053
PA2461,31.065
PA2462,3.47853
PA2463,1.92913
PA2464,0
PA2465,0
plcB,1.75882
PA0249,0
foxA,0.190256
foxR,0
foxI,0
PA2469,0.486998
gtdA,0.374261
PA2471,0
PA2472,0
PA2473,0
PA2474,0
PA2475,0
PA0250,1.27678
dsbG,0.978854
PA2477,0
PA2478,0
PA2479,0
PA2480,0
PA2481,0.256713
PA2482,1.96046
PA2483,0.401478
PA2484,0
PA2485,0
PA0251,0
PA2486,0
PA2487,0
PA2488,0
PA2489,0
PA2490,0
PA2491,2.66433
mexT,0.382031
mexE,0
mexF,0.12171
oprN,0
PA0252,0
PA2496,0
PA2497,0
PA2498,0
PA2499,0.883135
PA2500,0.344952
PA2501,0
PA2502,0
PA2503,0.16823
PA2504,0
opdT,0
PA0253,0
PA2506,0
catA,0
catC,0
catB,0.191249
catR,0
PA2511,0
antA,0.206451
antB,1.57099
antC,0.391513
xylL,0
PA0254,0
xylZ,0
xylY,0
xylX,0.363498
xylS,0
czcA,0
czcB,0.142172
czcC,0
PA2523,0
PA2524,0.40496
PA2525,0.27543
PA0255,0
PA2526,0.171878
PA2527,0.209372
PA2528,0.464212
PA2529,0
PA2530,0
PA2531,0
tpx,0
PA2533,2.06784
PA2534,0
PA2535,0.219982
PA0256,1.57716
PA2536,0.673317
PA2537,1.12129
PA2538,0
PA2539,0
PA2540,0.857426
PA2541,0.543515
PA2542,0.157746
PA2543,0.11657
PA2544,0
xthA,0
PA0257,1.10472
PA2546,0
PA2547,0
PA2548,0.149064
PA2549,0.289486
PA2550,0.314555
PA2551,0
PA2552,0
PA2553,0
PA2554,0
PA2555,0.735231
PA0258,0
PA2556,0
PA2557,0.458168
PA2558,0
PA2559,6.94017
PA2559a,0
PA2560,11.782
PA2561,0
PA2562,0
PA2563,0.522385
PA2564,0.550172
PA0027,0
PA0259,2.0056
PA2565,0
PA2566,0
PA2567,2.17105
PA2568,1.78866
PA2569,23.3057
lecA,0
PA2570.1,0
PA2571,0.203459
PA2572,0.21543
PA2573,0.830552
PA0260,9.52026
alkB1,0.258397
PA2575,5.5282
PA2576,0.458111
PA2577,0
PA2578,0
kynA,0.363137
PA2580,0
PA2581,9.50978
PA2581.1,0
PA2582,0.92672
PA0261,2.57219
PA2583,1.17276
PA2583.1,0
pgsA,12.2261
uvrC,1.45382
gacA,6.74877
pqsH,0.971246
PA2588,0
PA2589,0.735589
PA2590,0
PA2591,1.90339
PA0262,1.68292
PA2592,3.41113
qteE,0
PA2594,1.72873
PA2595,0
PA2596,0.309715
PA2597,0
PA2598,0
PA2599,0
PA2600,0
PA2601,0.46002
hcpC,0
PA2602,0
PA2603,0
PA2603.1,0
PA2604,0.36055
PA2605,0
PA2606,0
PA2607,0
PA2608,0
PA2609,2.96889
PA2610,0
PA0263.1,0
cysG,0.954448
serS,0.82771
PA2613,5.576
lolA,2.28664
ftsK,3.10273
trxB1,21.5352
aat,0
PA2618,2.67693
infA,0
clpA,5.99776
gabD,1.99159
PA2621,106.122
cspD,33.0392
icd,74.9396
idh,30.7055
PA2625,1.96269
trmU,1.77329
PA2627,0
PA2628,0
purB,1.8798
PA2630,2.74127
PA0266,1.93978
PA2631,0
PA2632,0.561583
PA2633,1.41526
aceA,17.8349
PA2635,0.136729
PA2636,0.657676
nuoA,9.16896
nuoB,1.35144
nuoD,4.75352
nuoE,1.30024
PA0267,0.491172
nuoF,1.76294
nuoG,1.444
nuoH,0.526317
nuoI,0.668051
nuoJ,0
nuoK,0
nuoL,1.03117
nuoM,0.268808
nuoN,0.791258
PA2650,0.918781
PA0268,0.266048
PA2651,1.51391
PA2652,0.439011
PA2653,0.218788
PA2654,0.830769
PA2655,0
PA2656,0.216538
PA2657,0.504522
PA2658,0
PA2659,2.93404
PA2660,0.277103
PA0028,0.413831
PA0269,0
PA2661,0
PA2662,0.247027
ppyR,2.57714
fhp,0.869728
PA2665,0.132094
PA2666,0
PA2667,0
PA2669,0
PA2670,0
PA0270,0
PA2671,0
PA2672,0
PA2673,0
PA2674,1.04443
PA2675,0.661656
PA2676,0
PA2677,0
PA2678,9.61798
PA2679,0
PA2680,0
PA0271,0
PA2681,0
PA2682,0
PA2683,2.11445
PA2684,0.806883
PA2685,13.6866
pfeR,0
pfeS,0.155865
pfeA,0
PA2689,0.339699
PA2690,0
PA0272,0
PA2691,0
PA2692,0
PA2693,1.07186
PA2694,0
PA2695,0.194885
PA2696,0
PA2697,0
PA2698,0
PA2699,0
opdB,0
PA0273,0
PA2701,0
PA2702,0
PA2703,6.27458
PA2704,0
PA2705,0.24996
PA2706,0
PA2707,9.5145
PA2708,0
cysK,3.28015
PA2710,0
PA0274,0
PA2711,0.548788
PA2712,0
PA2713,0
PA2714,0.118125
PA2715,0
PA2716,0
cpo,0.382953
PA2718,0
PA2719,0
PA2720,5.07659
PA0275,0.348307
PA2721,0
PA2722,0
PA2723,0
PA2724,0.911499
PA2725,1.49859
PA2726,0
PA2729,1.53573
PA2730,9.20988
PA2732,7.08737
PA0276,0.731418
PA2733,69.9463
PA2734,39.0375
PA2735,30.8456
PA2736,1.35307
PA2736.1,0
PA2737,9.0299
himA,25.818
pheT,0.597029
pheS,0.394309
rplT,12.1526
PA0277,12.4961
rpmI,125.42
infC,199.23
thrS,17.8688
PA2744.1,0
PA2745,0
PA2746,2.14256
PA2746a,0
PA2747,2.80218
PA2747a,0
PA2748,0
PA0278,0
endA,0
PA2750,0.725173
PA2750a,2.15404
PA2751,0.458111
PA2752,0
PA2753,0.838999
PA2754,4.62602
PA2754a,0
PA2755a,0
eco,31.7758
PA0029,0
PA0279,0
PA2756,1.27678
PA2757,0.641191
PA2758,0
PA2759,0
PA2760,11.7253
PA2761,1.37026
PA2762,0
PA2763,0
PA2763a,0
PA2764,0.68498
cysA,0.221567
PA2765,2.72713
PA2766,0
PA2767,0.734908
PA2768,1.07955
PA2769,0
PA2770,3.08282
PA2771,0
PA2772,0
PA2772a,0
PA2773,0
cysW,1.34361
PA2774,1.03407
PA2775,1.59617
PA2775.1,0
PA2776,1.33614
PA2777,0
PA2778,0
PA2779,0
PA2780,2.83697
PA2781,4.90735
PA2782,0
cysT,1.57483
PA2783,0
PA2784,0
PA2785,0
PA2786,0
cpg2,0.311889
PA2788,0.433801
PA2789,0
PA2790,19.5905
PA2791,0
PA2792,1.6057
sbp,8.03458
PA2793,2.99312
PA2795,0.219198
tal,3.81883
PA2797,6.20559
PA2798,0.936866
PA2799,0
PA2800,3.19441
PA2801,1.07031
PA2802,0
PA2803,0
PA0284,3.86323
PA2804,0
PA2805,7.48308
PA2806,0
PA2807,0
ptrA,0
copR,0
copS,0
PA2811,0.415039
PA2812,0.675965
PA2813,0
PA0285,0.363712
PA2814,0
PA2815,0.0805408
PA2816,0
PA2817,2.44892
arr,0.602715
PA2819.1,0
PA2819.2,0
PA2819.3,0
PA2820,6.76757
PA2821,0.513739
desA,5.24413
PA2822,0
PA2823,2.107
PA2824,0.748951
ospR,0
PA2826,0
PA2827,5.19248
PA2828,1.33977
PA2829,0.621936
htpX,1.08905
PA2831,0
gpuP,0
tpm,0.889271
PA2833,0
PA2834,0
PA2835,0
PA2836,0
PA2837,0
PA2838,0
PA2839,0
PA2840,0.32966
PA2841,0
gpuA,0.424637
PA2842,0
PA2843,1.15946
PA2844,0
PA2845,0
PA2846,0
PA2847,0
PA2848,0
ohrR,0.883135
ohr,0
efp,47.1478
PA0030,0
gpuR,0.7405
PA2852,1.41036
PA2852.1,0
oprI,18.1712
PA2854,7.31703
PA2855,0
tesA,2.39499
PA2857,0
PA2858,0.187804
greB,5.83665
PA2860,0.931232
PA0290,1.17301
ligT,0
lipA,0
lipH,0
PA2864,0
PA2865,0.345402
mttC,0
PA2867,2.52465
PA2868,0
PA2869,0
PA2870,0
oprE,20.563
PA2871,0.691085
PA2872,0
PA2873,0.41837
PA2874,0
PA2875,0.338334
pyrF,0
PA2877,0
PA2878,0
PA2879,0
PA2880,0
aguA,0.550423
PA2881,0
PA2882,0
PA2883,0
PA2884,0
atuR,0.419462
atuA,0.203712
atuB,0
atuC,0.126393
atuD,0.367635
atuE,0
aguB,0.471814
atuF,0
atuG,0
atuH,0
PA2894,0
PA2895,0
PA2896,0.811422
PA2897,2.12091
PA2898,0
PA2899,0.716831
PA2900,0.678217
aguR,0.51063
PA2901,1.77861
PA2902,0
cobJ,0.121164
cobI,0
cobH,0.735909
PA2906,0
cobL,0
cbiD,0
PA2909,0
PA2910,0.44681
PA0295,4.87642
PA2911,0
PA2912,0
PA2913,0.226462
PA2914,0.210928
PA2915,0
PA2916,0
PA2917,0.501835
PA2918,5.13608
PA2919,0
PA2920,1.67013
spuI,3.3966
PA2921,0
PA2922,0.33356
hisJ,0.543854
hisQ,0
hisM,0
hisP,0
PA2927,0
PA2928,0
PA2929,0
PA2930,0.334305
spuA,2.31222
cifR,0
morB,0
PA2933,0
cif,0
PA2935,0.570478
PA2936,0
PA2937,0
PA2938,0
PA2939,0.637448
PA2940,0
spuB,10.6866
PA2941,0
PA2942,0
PA2942.1,0
PA2943,0.273503
cobN,0.0513954
PA2945,0.190067
PA2946,0
PA2947,0
cobM,0.434303
PA2949,0.791939
gyrB,5.89181
betC,0
spuC,6.82887
PA2950,1.99916
etfA,5.40374
etfB,24.7187
PA2953,3.89357
PA2954,0.44681
PA2955,1.86966
PA2956,0.348125
PA2957,3.17173
PA2958,0.188899
rgsA,0
spuD,11.1214
PA2959,0.834189
pilZ,18.4843
holB,0.408912
tmk,0
PA2963,1.62134
pabC,0
fabF1,0.169622
acpP,20.5264
fabG,2.86729
fabD,2.10513
spuE,1.91885
plsX,0.447976
rpmF,12.6907
PA2971,3.70315
PA2972,0
PA2973,5.78387
PA2974,3.97422
rluC,0.886058
rne,24.3393
murB,0.606768
ptpA,0
spuF,3.40011
kdsB,0
PA2980,0
lpxK,0.438395
PA2982,0
PA2983,0.928883
PA2984,0
PA2985,0
PA2986,2.78712
PA2987,1.00354
PA2988,0
spuG,4.06488
PA2989,1.19938
PA2990,4.28028
sth,3.06679
PA2992,5.02184
PA2993,0.388756
nqrF,1.18116
nqrE,1.75177
nqrD,1.3778
nqrC,1.54177
nqrB,0.524787
spuH,1.83521
nqrA,0.649613
aroP1,1.18306
PA3001,5.13074
mfd,2.13471
PA3003,5.6652
PA3004,17.2165
nagZ,0
psrA,0.476027
lexA,0.756025
PA3008,0.560165
PA0305,0.299629
PA3009,4.66936
PA3010,2.4174
topA,8.7912
PA3012,5.34086
foaB,7.85435
faoA,6.14692
PA3015,0.390048
PA3016,0
PA3017,0
PA3018,1.97744
PA0306,0.205982
PA3019,0.313466
PA3020,0.743595
PA3021,16.4821
PA3022,0.283978
PA3023,0.452479
PA3024,0
PA3025,0.179212
PA3026,0
PA3027,0
moeA2,0.347879
PA0306a,39.0824
moaB2,0
mobA,0
PA3031,215.073
PA3031.1,0
snr1,0.417939
PA3033,2.16602
PA3034,0
PA3035,0
PA3036,0
PA3037,0
PA0307,0
PA3038,1.1629
PA3039,0.509543
PA3040,4.13055
PA3041,1.63441
PA3042,0
PA3043,2.91831
PA3044,0.161659
PA3045,0.740838
PA3046,0
PA3047,1.85419
PA0032,0.339699
PA0308,0
PA3048,0.582409
rmf,78.8232
pyrD,0.294549
PA3051,0
PA3052,0.411963
PA3053,0.917399
PA3054,0.834164
PA3055,6.15174
PA3056,1.92432
PA3057,0
PA0309,0.88473
pelG,0.277411
pelF,0.245903
pelE,0.30858
pelD,0.27811
pelC,0
pelB,0.0538716
pelA,0.0944182
PA3065,0
PA3066,1.25676
PA3067,0.641191
PA0310,1.97924
gdhB,5.60087
PA3069,1.15886
PA3070,1.23589
PA3071,0.434667
PA3072,0
PA3073,0.213121
PA3074,0.115044
PA3075,0.400606
PA3076,0.199955
PA3077,0
PA0311,0
PA3078,0.224624
PA3079,0.52893
PA3080,0
PA3081,0.574607
gbt,1.69378
pepN,1.88548
PA3084,7.48368
PA3085,7.48308
PA3086,0
PA3087,0.223988
PA0312,0
PA3088,0.252497
PA3089,0
PA3089a,0
PA3091,0.143835
fadH1,0.644174
PA3093,0.351617
PA3094,0.792471
PA3094.1,0
PA3094.2,0
PA3094.3,0
PA0313,2.941
xcpZ,0
xcpY,0.340765
xcpX,1.61797
xcpW,1.08227
xcpV,0
xcpU,1.69223
xcpT,0
xcpS,0
xcpR,0.686202
xcpP,0.670057
PA0314,0
xcpQ,0.482595
PA3106,0
metZ,0
purF,3.8566
PA3109,0
PA3110,0.366998
folC,1.40079
accD,0
trpF,0
truA,0.854257
PA0315,8.54156
fimV,6.02081
PA3116,0.397146
asd,2.10209
leuB,0.64269
PA3119,0
leuD,0.382972
leuC,1.16102
PA3122,0.811514
PA3123,1.65593
PA3124,0.244467
serA,1.41315
PA3125,0
ibpA,2.15823
PA3127,0
PA3128,0
PA3129,0
PA3130,0
PA3131,0.37596
PA3132,0.367896
PA3133,0
PA3133.1,0
PA0317,0.84202
PA3133.2,0
PA3133.3,0
PA3133.4,0
gltX,1.10808
PA3135,0
PA3136,0
PA3137,0.137407
uvrB,0.298263
PA3139,1.10339
PA3139.1,0
PA0032a,0
PA0318,0.873304
PA3140,0
wbpM,21.5844
PA3142,2.45636
PA3143,0
wbpL,11.6853
wbpK,6.39068
wbpJ,16.1737
wbpI,3.79637
wbpH,88.9228
wbpG,45.1061
PA0319,1.44378
hisF2,47.231
hisH2,9.55453
wzx,3.93829
wzy,6.21805
wbpE,23.1057
wbpD,49.129
PA3157,9.87412
wbpB,77.2427
wbpA,19.9438
wzz,16.6079
PA0320,0
himD,0
rpsA,65.7756
cmk,1.98391
hisC2,1.00105
pheA,6.41966
serC,3.01387
gyrA,6.98446
PA3169,2.84316
PA3170,2.35312
PA0321,0
ubiG,0.975076
PA3172,0
PA3173,8.48665
PA3174,0
PA3175,0
gltS,0
PA3177,0.779032
PA3178,0
PA3179,0.255264
PA3180,2.85857
PA0322,0.206451
PA3181,1.04629
pgl,0.792592
zwf,3.1661
PA3184,0.749669
PA3185,1.49854
oprB,0.152767
PA3187,0.67322
PA3188,1.6184
PA3189,0
PA3190,0.304997
PA0323,0
PA3191,0.347876
gltR,0.452991
glk,0
edd,0.46383
gapA,0.435292
PA3196,0
PA3197,1.02508
PA3198,0.744025
PA3199,1.1012
PA3200,0.604993
PA0324,0.817983
PA3201,1.83959
PA3202,3.81109
PA3203,2.65835
PA3204,0
PA3205,1.57911
PA3206,0
PA3207,1.09009
PA3208,0
PA3209,0
trkH,0.543523
PA0325,0
PA3211,0.70499
PA3212,0
PA3213,0.472046
PA3214,0
PA3215,0
PA3216,0
cyaB,0.206959
PA3219,0
PA3220,0
csaA,0
PA0326,0.494184
PA3222,0
azoR3,0
PA3224,27.3808
PA3225,0.772845
PA3226,1.27818
ppiA,0
PA3228,0.862199
PA3229,0
PA3230,0
PA3231,0
PA0327,0.228143
PA3232,0
PA3233,0.471515
PA3234,1.3029
PA3235,1.1597
PA3236,0
PA3237,0
PA3238,4.47878
PA3239,1.21283
PA3240,0.854257
PA3241,0
PA0033,0
PA0328,0.388289
PA3242,0
minC,0.872068
minD,22.1528
minE,4.38028
rluA,1.4724
PA3247,0.651531
PA3248,0
PA3249,0
PA3250,0
PA3251,0
PA0329,1.51569
PA3252,0.270251
PA3253,0.287967
PA3254,0
PA3255,0.437309
PA3256,0
prc,10.1412
PA3258,0.223808
PA3259,0
PA3260,0
PA3261,0.625746
rpiA,3.56863
PA3262,8.81312
PA3262.1,0
PA3262.2,0
PA3263,15.108
PA3264,0.33037
PA3265,0
capB,0
PA3267,1.28577
PA3268,0.126653
PA3269,0
ilvA1,0.323903
PA3270,0
PA3271,1.59117
PA3272,0.0880702
PA3273,0
PA3274,0
PA3275,0
PA3276,0
PA3277,2.8977
PA3278,0
oprP,0
PA0332,0
oprO,0
PA3281,0
PA3282,0
PA3283,0
PA3284,2.82687
PA3285,0
PA3286,0.286531
PA3287,0
PA3288,0
PA3289,0
PA0333,0.165513
PA3290,2.24407
PA3291,13.5893
PA3292,0.9991
PA3293,0
PA3294,0.501744
PA3295,0
phoA,0.264139
PA3297,0.0482501
PA3298,0
fadD1,5.19549
PA0334,0.236616
fadD2,1.26809
PA3301,2.13432
PA3302,2.26607
PA3303,0
PA3304,0.749669
PA3303a,0
PA3304.1,0
PA3305,0.320727
phrS,342.564
PA3306,0
PA0335,1.11428
PA3307,1.75322
PA3308,1.50102
PA3309,18.8355
PA3310,0.716374
PA3311,0.152294
PA3312,0
PA3313,0.867514
PA3314,0
PA3315,0
PA3316,0
ygdP,3.61712
PA3317,0
PA3318,0
plcN,0
PA3320,0
PA3321,0
PA3322,0
PA3323,0
PA3324,0
PA3325,0
PA3326,23.5314
ptsP,2.61514
PA3327,0.0733583
PA3328,0
PA3329,0.218221
PA3330,0
PA3331,0
PA3332,0
fabH2,0.405905
PA3334,1.97633
PA3335,0
PA3336,0.619176
PA0034,1.69397
PA0338,0
rfaD,2.57459
PA3338,0
plpD,0
PA3340,0
PA3341,0.661656
PA3342,0
PA3343,0.68811
recQ,0.448125
PA3345,0.938603
PA3346,0.118365
PA0339,0.30817
PA3347,2.45636
PA3348,1.83671
PA3349,21.1982
PA3350,1.59195
flgM,3.26445
PA3352,0.586667
PA3353,1.65848
PA3354,0
PA3355,0.668522
PA3356,3.46432
PA0340,0
dsdA,0.369959
PA3358,0
PA3359,0.698008
PA3360,0.284594
lecB,0
PA3362,0.967058
amiR,0.799707
amiC,0.337639
PA3365,0.35274
amiE,3.00675
lgt,1.21861
amiL,0
PA3367,0
PA3368.1,0
PA3368,0
PA3369,2.16602
PA3370,0
PA3371,3.69321
PA3372,0.978854
PA3373,0.460134
PA3374,0
thyA,0
PA3375,0
PA3376,0
PA3377,0
PA3378,0
PA3379,0
PA3380,0
PA3381,0
phnE,0
PA3383,0.217646
phnC,0
PA0343,1.22443
amrZ,6.34488
PA3386,0
rhlG,0
PA3388,1.2763
PA3390,0
PA3389,0
nosR,3.28098
nosZ,5.10708
nosD,1.4765
nosF,0
PA0344,0
nosY,0.508771
nosL,0
fpr,16.2378
PA3398,0
PA3399,0
PA3400,0.976168
PA3401,0
PA3402,0.315517
PA3403,0.800269
PA3403a,2.02434
PA0345,0
PA3404,0.367162
hasE,0
hasD,0
hasAp,0
hasR,0.132549
PA3409,0.309715
PA3410,0.731418
PA3411,0
PA3412,0
PA3413,8.86723
PA0346,0
PA3414,0
PA3415,0
PA3416,0
PA3417,0
ldh,0.212385
PA3419,0
PA3420,0
PA3421,0.487993
PA3422,0
PA3423,1.46639
glpQ,0
PA3424,0
PA3425,0
PA3426,0
PA3427,0
PA3428,0
PA3429,0
PA3430,0.296292
PA3431,0
PA3432,1.57304
PA3433,0
trpA,0
PA0348,0
PA3434,0
PA3435,0
PA3436,0.652607
folM,0
folE1,22.1652
folX,2.55096
PA3440,12.6779
PA3440a,0
PA3441,0
PA3442,0
PA0349,0
PA3443,0
PA3444,0
PA3445,0
PA3446,0
PA3447,0
PA3448,0
PA3449,0
PA3450,9.67226
PA3451,0
mqoA,0.866126
folA,4.03222
PA3453,0.51063
PA3454,0.836717
PA3455,2.31592
PA3456,0
PA3457,0
PA3458,1.41268
PA3459,0.430452
PA3460,0.440029
PA3461,0.492609
PA3462,0
PA0351,2.52449
PA3463,0
PA3464,0.218788
PA3465,0.994283
PA3466,12.6031
PA3467,1.06383
PA3468,1.51127
PA3469,0
PA3470,0
PA3471,4.74523
PA3472,0.593118
PA0352,0
PA3473,0
PA3474,0.524371
pheC,0.283978
rhlI,0.822142
rhlR,2.17985
rhlB,0
rhlA,0.604993
PA3480,0.900138
PA3481,0.273503
metG,3.96839
ilvD,1.79262
PA3483,0.93198
PA3484,1.03337
PA3485,0
PA3486,0.889643
pldA,1.8775
PA3488,72.136
PA3489,0
PA3490,0
PA3491,0.271511
PA3492,0
PA0354,0.354905
PA3493,0
PA3494,0
nth,5.94077
PA3496,0
PA3497,0
PA3498,0
PA3499,0
PA3500,0
PA3501,0
PA3502,0
pfpI,0.963333
PA3504,0
PA3505,0
PA3506,0
PA3507,0
PA3508,0
PA3509,0
PA3510,0.934521
PA3511,0
PA3512,0.552011
PA0356,3.16229
PA3513,0
PA3514,0
PA3515,0.279865
PA3516,0.259789
PA3517,0.344585
PA3518,0.309715
PA3519,0.29149
PA3520,0
PA3521,0
PA3522,0.110969
mutM,0.914464
PA3523,0.25604
gloA1,37.1406
argG,3.81165
PA3526,0.419794
pyrC,0.495866
rnt,0.356376
PA3529,11.9479
PA3530,0
bfrB,3320.52
PA3532,0.864915
trpB,2.86416
PA0358,1.6981
PA3533,10.0953
PA3534,0.0945306
PA3535,0.130353
PA3536,0
argF,0
PA3538,0.476409
PA3539,1.14185
algD,0.443335
alg8,0.645429
alg44,0.182184
PA0359,0
algK,0
algE,0
algG,0.298062
algX,0
algL,0.194885
algI,0.477969
algJ,0
algF,0
algA,0.459208
arnB,0.186042
PA0360,4.23269
arnC,0.606768
arnA,1.34406
arnD,0.818339
arnT,0
arnE,0
arnF,7.69718
PA3559,1.02229
fruA,0
fruK,0
fruI,0.0679864
PA0361,0.117014
fruR,0
PA3564,0
PA3565,0
PA3566,16.8272
PA3567,1.43752
PA3568,0.447617
mmsB,0
mmsA,0.633503
mmsR,0.240641
PA3572,0
fdx1,27.7433
PA3573,0.330564
nalD,0
PA3574a,3.1269
PA3575,0.701208
PA3576,0
PA3577,0
PA3578,0.586928
PA3579,0.645429
PA3580,2.24598
glpF,0.769815
coaD,0
glpK,4.28096
glpR,0.30817
glpD,5.8064
glpM,0
PA3586,0
metR,0
PA3588,0.168691
PA3589,0
PA3590,0
PA3591,0
PA0364,0
PA3592,0
PA3593,0
PA3594,0.931684
PA3595,0.415917
PA3596,0
PA3597,0
PA3598,0
PA3599,0.410988
PA3600,0
PA3601,2.44598
PA0365,1.77914
PA3602,4.02622
dgkA,0
erdR,0
PA3605,0
PA3606,0
potA,0
potB,0.811514
potC,0
potD,0.282684
PA3611,2.49043
PA0366,0.345402
PA3612,11.5048
PA3613,3.20632
PA3614,3.55033
PA3615,2.71605
PA3616,0.86524
recA,8.86255
PA3618,0
PA3619,0.216879
mutS,0.28735
fdxA,23.7046
PA0367,0.52987
rsmZ,1935.61
rpoS,25.1642
PA3623,14.5214
pcm,0.543515
surE,0.311289
PA3626,1.49727
ygbB,0
PA3628,1.61809
adhC,1.9309
PA3630,0
trpI,0
PA0367a,0
PA3631,0.584257
PA3632,0
ygbP,0.336863
PA3634,2.06962
eno,15.5323
kdsA,2.78243
pyrG,2.94839
PA3638,0.575049
accA,1.11294
dnaE,2.76623
PA0368,0.708167
PA3641,1.05661
rnhB,1.98392
lpxB,0.261608
lpxA,3.12912
fabZ,1.57911
lpxD,1.17907
PA3647,3.55713
opr86,20.1335
PA3649,0
dxr,0
cdsA,0.280098
uppS,0.30817
frr,271.131
pyrH,14.461
tsf,2.97341
rpsB,32.6448
map,25.7954
glnD,1.34099
PA3659,0.243456
PA3660,0.508824
PA0370,0.593118
PA3661,11.1607
PA3662,2.5959
PA3663,0
PA3664,1.90537
PA3665,0
dapD,1.09895
PA3667,0
PA3668,0
PA3669,0.62402
PA3670,0.452021
PA0371,0.469162
PA3671,1.3611
PA3672,0
plsB,0.235756
PA3674,0
PA3675,1.20022
PA3676,0.150083
PA3677,0.357306
PA3678,0
PA3679,0
PA3680,0
PA0372,2.04453
PA3681,0
PA3682,0
PA3683,0.363137
PA3684,0
PA3685,0
adk,5.04899
ppc,1.037
PA3688,1.92812
PA3689,0.8397
PA3690,0.0893136
ftsY,4.06365
PA3691,7.57197
lptF,6.9146
PA3693,0.505291
PA3694,1.08186
PA3695,0.590287
PA3696,0.312873
PA3697,2.8493
PA3698,2.01241
PA3699,0.616762
lysS,23.732
ftsE,2.89955
prfB,5.27559
wspR,2.54622
wspF,1.00246
wspE,1.0402
wspD,0
wspC,0
PA3707,0
wspA,1.30432
PA3709,0.704453
PA3710,0.121643
ftsX,0.867514
PA3711,0.454341
PA3712,6.81287
spdH,0.149338
PA3714,0
PA3715,0.528243
PA3716,1.32259
PA3717,0
PA3718,0
armR,0
PA3720,0
rpoH,16.6811
nalC,3.46385
PA3722,35.3154
PA3723,0
lasB,1.49422
recJ,0.281915
PA3726,0
PA3727,1.4705
PA3728,1.25779
PA3729,35.579
PA3730,6.8207
PA0038,2.52367
PA0377,0.771841
PA3731,1.02747
PA3732,230.837
PA3733,0.314555
PA3733a,0.911623
PA3734,0.351859
thrC,0.351231
hom,0.998744
dsbC,12.3708
xerD,0
PA3739,0.15176
PA0378,0
PA3740,5.34811
PA3741,0
rplS,4.66956
trmD,24.7994
rimM,19.1875
rpsP,5.61851
ffh,10.0594
PA3747,0.687823
PA3748,1.62228
PA3749,0.221086
PA0379,0
PA3750,0.436554
purT,1.79966
PA3752,0
PA3753,5.2542
PA3754,0.57301
PA3755,0.463589
PA3756,1.02026
PA3757,0.628946
PA3758,0
PA3759,0
PA0380,0
PA3760,0.0777901
PA3761,0
PA3762,0
purL,2.54636
PA3764,4.53824
PA3765,0
PA3766,0
PA3767,1.13871
PA3768,0.629002
guaA,3.51372
thiG,0.575934
guaB,2.38225
PA3771,0.31317
PA3772,0
PA3773,0
PA3774,0
PA3775,0
PA3776,0
xseA,0
PA3778,0
PA3779,0.290484
micA,0.862973
PA3780,1.0393
PA3781,0.619508
PA3782,0
PA3783,0
PA3784,0.443598
PA3785,0.575775
PA3786,0
PA3787,0.639516
PA3788,0
PA3789,0.763459
PA0383,0.497982
oprC,0.498103
PA3791,0
leuA,5.82082
PA3793,5.16245
PA3794,0
PA3795,0.788923
PA3796,0.605871
PA3797,2.48819
PA3798,0
PA3799,3.89652
PA0384,3.62265
PA3800,4.40892
PA3801,3.61655
hisS,1.47256
gcpE,4.29798
PA3804,2.29085
pilF,3.4427
PA3806,2.11668
ndk,2.92286
PA3808,0
fdx2,0.997492
PA0385,0
hscA,2.0631
hscB,6.52321
iscA,0
iscU,50.4367
iscS,24.603
iscR,0
cysE,0.71482
PA3817,1.52874
PA3818,0.910188
PA3819,12.7016
PA0386,0.256821
secF,0.445182
secD,9.78643
PA3822,2.46305
tgt,0.842113
queA,0.208073
PA3824.1,0
PA3825,0
PA3826,0
PA3827,1.92558
PA3828,3.61354
PA0039,3.46971
PA0387,0
PA3829,0
PA3830,0.393695
pepA,1.55369
holC,2.28006
PA3833,0.861942
valS,2.8943
PA3835,1.86548
PA3836,16.2993
PA3837,1.51697
PA3838,0.405057
PA0388,0
PA3839,1.32435
PA3840,0.516979
exoS,2.17347
PA3842,0
PA3844,0
PA3845,0
PA3846,1.58283
PA3847,0
PA3848,0.153914
PA3849,5.47407
PA0389,13.592
PA3850,7.43938
PA3851,0
PA3852,0
PA3853,0.645611
PA3854,10.2015
PA3855,1.26171
PA3856,0
pcs,10.1297
PA3858,0
PA3859,0
metX,0.563237
PA3860,1.43946
rhl,3.35866
dauB,0
dauA,0
dauR,0
PA3865,2.06549
PA3865a,652.459
PA3866,57.9267
PA3867,5.13758
PA3868,1.20345
PA0391,0.727507
PA3869,5.50593
moaA1,0.530147
PA3871,0
narI,4.83909
narJ,0.316089
narH,8.83636
narG,4.40154
narK2,0
narK1,1.0693
narX,0.648127
PA0392,0
narL,1.76777
PA3880,2.6093
PA3881,0.597974
PA3882,0.873109
PA3883,0
PA3884,0
tpbA,0.689979
PA3886,1.51133
PA3886a,0
nhaP,0
proC,0.513504
PA3888,0
PA3889,0.673317
PA3890,0
PA3891,0.671174
PA3892,0
PA3893,0.271489
PA3894,0.191433
PA3895,0.322773
PA3896,0.413506
PA3897,0.592688
PA0394,6.60537
PA3898,0.254588
PA3899,0
PA3900,0
fecA,3.00413
PA3902,4.33898
prfC,1.98836
PA3904,0
PA3905,0
PA3906,4.0336
PA3907,20.3729
pilT,2.37374
PA3908,2.64698
eddB,0.116491
eddA,0
PA3911,0
PA3912,0.251465
PA3913,0
moeA1,0
moaB1,0
moaE,2.0874
moaD,0
pilU,1.8288
moaC,22.7852
PA3919,25.8039
PA3920,0.228867
PA3921,0
PA3922,1.2245
PA3923,1.08397
PA3924,0.455165
PA3925,0
PA3926,0
PA3927,0.29207
lptA,0.419171
PA0040,0.725051
PA0397,0.346692
PA3928,0
cioB,0.603883
cioA,0
PA3931,10.6298
PA3932,0
PA3933,0.345543
PA3934,0.13541
tauD,0
PA3936,0
PA3937,0
PA0398,2.55049
PA3938,0.730511
PA3939,0
PA3940,4.23365
PA3941,0
tesB,2.68721
PA3943,0
PA3944,5.42935
PA3945,1.02681
rocS1,0.559325
rocR,0.250704
PA0399,0
rocA1,2.45239
PA3949,0
PA3950,0.369022
PA3951,0.757505
PA3952,0.329642
PA3953,0
PA3954,0.547005
PA3955,0.689979
PA3956,0
PA3957,0
PA0400,0.179525
PA3958,0.521595
PA3959,0
PA3960,0
PA3961,0.0781857
PA3962,1.01974
PA3963,0
PA3963a,0
PA3965,0.522357
PA3966,6.99884
PA3967,0
PA0401,2.68166
PA3968,0.842262
PA3969,0.595988
PA3969a,0.637854
amn,0.852722
PA3971,0
PA3972,0.766516
PA3973,0
ladS,0.196676
thiD,0.403118
thiE,0
pyrB,3.31803
hemL,0.81875
PA3978,2.02828
PA3979,4.61176
PA3980,1.02825
PA3981,6.17443
PA3982,95.9936
PA3983,6.11587
lnt,0.133819
PA3985,0
PA3986,0.668762
pyrR,0
leuS,2.77854
PA3988,6.73294
holA,2.8188
PA3990,0
PA3992,0.155079
PA3993,0
PA3994,0
PA3995,0
lis,2.78163
lipB,18.29
PA0404,0
PA3998,1.40867
dacC,12.5057
PA4000,2.65032
sltB1,2.64361
rodA,4.11479
pbpA,1.05001
PA4004,3.42276
PA4005,1.80669
nadD,0.707653
proA,2.77672
PA0405,0.89362
PA4008,0
PA4009,0
PA4010,0.788304
PA4011,0
PA4012,0
PA4013,0
PA4014,0
PA4015,6.62607
PA4016,2.49653
PA4017,0.380606
tonB3,0.973176
PA4018,0
PA4019,0.390249
mpl,0.307828
PA4021,1.3538
PA4022,0.187178
PA4023,0
eutB,0
PA4025,0
PA4026,7.88084
PA4027,0.60001
PA0041,3.67002
gshB,4.77502
PA4027a,0
PA4029,0
PA4030,0.273861
ppa,19.2115
PA4032,0
PA4033,0
aqpZ,0
PA4035,2.71006
PA4036,0.446703
PA4037,0.334305
pilG,43.3645
PA4038,0.593554
PA4039,0.203712
PA4040,0.216879
PA4041,0.252963
xseB,0
ispA,0
dxs,1.84014
PA4045,0.287967
PA4046,0
ribA,2.11702
pilH,45.1091
PA4048,1.08592
PA4049,0
pgpA,1.2451
thiL,0.227299
nusB,4.75808
ribE,1.15155
ribB,1.9399
ribC,0.366998
ribD,0
nrdR,5.45973
pilI,0
PA4060,0
PA4061,8.92965
PA4062,0
PA4063,1.82651
PA4064,0.473353
PA4065,0.627968
PA4066,0.725173
oprG,27.1767
PA4068,3.23594
pilJ,13.8071
PA4069,1.44271
PA4070,0.324015
PA4071,0
PA4072,0
PA4073,0.191869
PA4074,0
PA4075,0.501835
PA4076,0
PA4077,0
PA4078,0
pilK,0.973711
PA4079,0.346346
PA4080,0.378269
cupB6,0.528427
cupB5,0.0875471
cupB4,0.316089
cupB3,0.140475
cupB2,0.438829
cupB1,0.633082
PA4087,0
PA4088,0
chpA,0.951085
PA4089,0
PA4090,1.32403
hpaA,0
hpaC,0
PA4093,0
PA4094,0
PA4095,0
PA4096,0
PA4097,0
PA4098,0
chpB,0.774784
PA4099,0
PA4100,0
bfmR,0
bfmS,0
PA4103,0
PA4104,2.23271
PA4105,0
PA4106,0.506438
PA4107,0
PA4108,0.574536
chpC,0
PA4108a,0
ampR,0
ampC,0.247027
PA4111,0
PA4112,0.188161
PA4113,0.326652
PA4114,0
PA4115,9.06353
bphO,3.45064
bphP,0.688156
chpD,0
PA4118,0.44681
aph,0
PA4120,0
PA4121,0
PA4122,0
hpcC,0
hpcB,0
hpcD,0
PA4126,0
hpcG,1.32683
PA0041a,28.222
chpE,1.52245
PA4128,0
PA4129,0
PA4130,0.679149
PA4131,3.43221
PA4132,1.99722
PA4133,4.37613
PA4134,0
PA4135,1.68714
PA4136,0
PA4137,0.232693
PA0418,0.349545
tyrS,0
PA4139,0
PA4140,0
PA4141,1.86068
PA4142,0
PA4143,0.127035
PA4144,0
PA4145,0
PA4145a,0
acoR,0.148025
PA0419,0
PA4148,0.286625
PA4149,0.290484
PA4150,0
acoB,0.213862
PA4152,1.0731
PA4153,0
PA4154,0
PA4155,0
PA4156,0.437632
PA4157,0
bioA,0.713915
fepC,0
fepB,0
fepD,0
fepG,0
PA4162,0.613336
PA4163,0.28301
PA4164,0
PA4165,0
PA4166,0
PA4167,1.05892
PA0421,0.642492
fpvB,0.276771
PA4169,0
PA4170,0
PA4171,0
PA4172,0
PA4173,0
PA4174,0
piv,0
ppiC2,2.11683
PA4177,0
PA0422,17.1076
PA4178,0.584134
PA4179,0
PA4180,1.87555
PA4181,0.327885
PA4182,0
PA4183,1.18453
PA4184,0
PA4185,1.053
PA4186,0.579577
PA4187,0
pasP,8.81572
PA4188,0
PA4189,0.191433
pqsL,0
PA4191,0.835315
PA4192,0
PA4193,0
PA4194,0
PA4195,0
bfiR,1.08592
bfiS,0.239953
mexR,0.641191
PA4198,0
PA4199,0.156848
PA4200,0.363137
ddlA,0.290484
PA4202,0.205295
PA4203,0
ppgL,0.436451
mexG,0
mexH,0.268275
mexI,0.176621
mexA,0.443087
opmD,0.141193
phzM,0
phzA1,0
phzB1,1.05905
phzC1,0
phzD1,0
phzE1,0
phzF1,0
phzG1,0
phzS,0.594312
mexB,2.5803
PA4218,0
PA4219,0
PA4220,0
fptA,0
PA4222,0.280288
PA4223,0
pchG,0
pchF,0
pchE,0.0443527
pchR,0
PA0042,1.11156
oprM,23.284
pchD,0
pchC,0
pchB,0
pchA,0.401103
ssb,9.52078
PA4233,0.357259
uvrA,1.72824
bfrA,11.5982
katA,31.4695
rplQ,1.53845
PA0428,1.53383
rpoA,53.4242
rpsD,6.47286
rpsK,8.85893
rpsM,171.581
rpmJ,0
secY,34.1378
rplO,15.0439
rpmD,7.04731
rpsE,25.7595
rplR,6.04378
PA0429,1.53786
rplF,49.2292
rpsH,23.6446
rpsN,6.11539
rplE,93.6185
rplX,126.547
rplN,14.4076
rpsQ,341.045
rpmC,0
rplP,24.0855
rpsC,105.259
metF,0.257789
rplV,73.7324
rpsS,993.38
rplB,20.1606
rplW,7.46722
rplD,39.5085
rplC,42.84
rpsJ,34.8273
tufA,51.3231
fusA1,179.99
rpsG,63.6319
PA0431,4.92075
rpsL,40.255
rpoC,42.6611
rpoB,14.6194
PA4270.1,0
rplL,57.8019
rplJ,24.2309
PA4272.1,890.17
rplA,8.07147
rplK,104.397
nusG,33.143
sahH,12.2097
secE,10.6147
PA4276.1,0
tufB,29.6318
PA4277.1,0
PA4277.2,0
PA4277.3,0
PA4278,2.96789
PA4279,1.64564
birA,1.85657
PA4280.1,0
PA0433,0
PA4280.2,0
PA4280.3,0
PA4280.4,0
PA4280.5,0
sbcD,0.171993
PA4282,0.357975
recD,0.126653
recB,0.315544
recC,0.253339
PA4286,0
PA0434,0.0906299
PA4287,1.05308
PA4288,0
PA4289,0.351859
PA4290,0.761188
PA4291,9.55689
PA4292,3.21242
pprA,0.0706416
PA4294,0
fppA,0.565275
pprB,0.659789
PA0435,0.19319
tadG,0.121884
PA4298,0
tadD,0
tadC,0
tadB,0
tadA,0.166409
tadZ,0.179525
rcpA,0
rcpC,0
flp,0
PA0436,18.4243
pctC,2.81199
PA4308,0
pctA,0.97923
pctB,2.7999
PA4311,0.727292
PA4312,0.305112
PA4313,2.7604
PA4313a,0
purU1,0.531164
mvaT,1061.23
PA0043,0
codA,0.936007
sbcB,0.835631
PA4317,1.03618
PA4318,0.287967
PA4319,6.90766
PA4320,2.83069
PA4321,1.10152
PA4322,1.71456
PA4323,0.730615
PA4324,0
PA4325,0.691005
codB,0.168691
PA4326,0.806721
PA4327,0.923139
PA4328,0.339699
pykA,2.08366
PA4330,0
PA4331,0
PA4332,0
PA4333,2.22624
PA4334,0
PA4335,0
PA0439,0
PA4336,1.90383
PA4337,0
PA4338,0.391847
PA4339,0
PA4340,1.07198
PA4341,0.557586
PA4342,0
PA4343,0
PA4344,0.173449
PA4345,0.425247
PA0440,0
PA4346,0
PA4347,0.184923
PA4348,3.24414
PA4349,0.249425
PA4350,0.740244
PA4351,4.51531
PA4352,13.8379
PA4353,0.62838
PA4354,0
PA4355,0
dht,0.143835
xenB,0.286531
PA4357,2.96575
PA4358,0.430526
PA4359,0
PA4360a,0
PA4361,0.751714
PA4362,0.489206
iciA,0.69054
PA4364,1.45906
PA0442,0
PA4365,0.413831
sodB,285.132
bifA,2.55549
PA4368,0
PA4369,0.835909
icmP,2.21237
PA4371,0
PA4372,0.282684
PA4373,0.547005
PA4374,0.378962
PA0443,0.382867
PA4375,1.62974
pncB2,0.177453
PA4377,0
inaA,0.473353
PA4379,3.03986
PA4380,0
PA4381,0.492727
PA4382,0.825257
PA4383,1.58135
PA4384,0.489864
PA0444,0
groEL,100.754
groES,15.245
PA4387,1.72667
PA4388,1.63528
speA,1.28961
PA4390,1.91986
PA4391,0
PA4392,5.53802
ampG,0
PA4394,0.271443
PA0445,0
PA4395,8.26559
PA4396,1.14049
panE,0
PA4398,2.86263
PA4399,6.51454
PA4400,0
PA4401,0
argJ,6.70786
secA,28.9982
PA4404,0.443394
PA0446,0.75887
PA4405,1.11156
lpxC,11.8286
PA4406.1,0
ftsZ,5.35261
ftsA,11.015
ftsQ,3.06262
ddlB,0.459696
murC,1.89972
murG,0.771782
ftsW,2.58326
exoT,1.54529
gcdH,1.72975
murD,1.83116
mraY,10.6347
murF,0.703313
murE,1.15107
ftsI,6.17127
ftsL,3.87848
PA4420,4.62664
PA4421,33.8929
rnpB,234.44
PA4422,1.8514
PA0448,0.587905
PA4423,1.22591
PA4424,0.827963
PA4425,12.746
PA4426,7.38916
sspB,4.26812
sspA,1.50179
PA4429,6.03584
PA4430,8.51337
PA4431,2.43262
rpsI,3.03566
PA0449,20.6775
rplM,9.8873
PA4434,0.500981
PA4435,0
PA4436,0
PA4437,0.421396
PA4438,1.9789
trpS,0.465236
PA4440,0.390249
PA4441,10.2054
cysN,0.88748
PA0450,0
cysD,7.68618
mltB1,0.823055
PA4445,0
algW,0.515743
hisC1,0
hisD,0.219358
hisG,1.08703
murA,1.14325
PA4451,8.72113
PA4451.1,0
PA0451,0.157059
PA4452,7.21901
PA4453,10.1544
PA4454,1.74351
PA4455,1.22443
PA4456,1.96526
PA4457,14.5555
PA4458,4.5575
PA4459,20.8591
PA4460,12.5904
PA4461,1.25214
PA0452,0
rpoN,5.5217
PA4463,768.625
ptsN,10.9195
PA4465,4.40069
PA4466,4.54137
PA4467,0.331672
sodM,0.97867
PA4469,0
fumC1,0.151264
PA4471,2.6093
PA0451a,0
pmbA,0
PA4473,2.13943
PA4474,1.57511
PA4475,1.13239
PA4476,1.06833
cafA,5.78863
PA4478,1.7638
mreD,0.77831
mreC,0.307453
mreB,4.12345
PA0454,0.69997
gatC,1.98092
gatA,1.53528
gatB,10.7039
PA4485,0
PA4486,0
PA4487,0.290689
PA4488,0.341698
PA4489,2.70216
PA4490,17.135
PA4491,0.588477
dbpA,0.151264
PA4492,15.9706
roxR,25.5298
roxS,220.725
PA4495,13.8569
PA4496,2.05496
PA4497,0.639856
PA4498,0.907422
PA4499,4.32779
PA4500,8.97191
opdP,0
PA0456,33.2723
PA4502,0.361665
PA4503,0.829378
PA4504,0.939567
PA4505,1.37009
PA4506,0.631034
PA4507,1.11404
PA4508,0
PA4509,0.238772
PA4510,0
PA4511,0
PA0045,28.0302
PA0457,0
lpxO1,1.53691
PA4513,0
PA4514,0.734727
PA4515,0
PA4516,0
PA4517,0.800811
PA4518,8.32257
speC,4.28476
PA4520,1.67827
PA4521,0
PA0457.1,0
ampD,0.450069
PA4523,0.615656
nadC,0.639516
PA4524.1,0
pilA,49.0763
pilB,7.14771
pilD,0.617821
coaE,5.31988
PA4530,0
PA0458,0.263509
PA4531,0
PA4532,1.82534
PA4533,0
PA4534,0
PA4535,0.390249
PA4536,0.901774
PA4537,0
ndh,1.95574
PA4539,2.2819
PA4540,0.226717
PA0459,4.4962
PA4541,0.188161
PA4541.1,0
PA4541.2,0
PA4541.3,0
clpB,21.5321
PA4543,0.600005
rluD,2.39697
comL,3.42599
pilS,0.362428
pilR,0
PA0460,0
PA4548,5.86098
fimT,0
fimU,0
pilV,2.90167
pilW,2.34783
pilX,0.805522
pilY1,3.44371
pilY2,9.44268
pilE,1.36686
lytB,1.26343
PA0461,1.53668
PA4558,2.82745
lspA,4.32214
ileS,3.78361
ribF,0
PA4562,0.243195
rpsT,8.82455
PA4564,7.28454
proB,1.27877
obg,4.85234
rpmA,7.2453
PA0462,2.01083
rplU,47.452
ispB,1.83501
PA4570,0
PA4571,13.6487
fklB,1.71663
PA4573,0
PA4574,1.34796
PA4575,0
PA4576,19.5677
PA4577,2.14256
creB,0.487033
PA4578,17.0028
PA4579,1.03963
PA4580,0.875522
rtcR,0
PA4581.1,0
PA4582,0.528427
PA4583,0.484113
PA4584,1.08353
rtcA,0
PA4586,0
creC,0.839632
ccpR,20.1423
gdhA,1.02241
PA4589,0
pra,9.12413
PA4591,0.456555
PA4592,0.332022
PA4593,0.325689
PA4594,0.649408
PA4595,6.77192
PA4596,0
creD,0
oprJ,0.524514
mexD,0.318009
mexC,0
nfxB,0.453375
morA,0.709452
glyA3,2.38959
PA4603,0.817207
PA4604,0
PA4605,0
PA4606,0.659041
PA0046,4.59617
PA0466,0
PA4607,2.77924
PA4608,0
radA,1.05073
PA4610,0
PA4611,78.7896
PA4612,0.88249
katB,0.6351
mscL,1.74669
PA4615,0.417094
PA4616,5.78339
PA0467,0
PA4617,0
PA4618,0.226462
PA4619,0
PA4620,0.481667
PA4621,0.357667
PA4622,0
PA4623,0
PA4624,1.16461
PA4625,0.336959
hprA,0
PA0468,0
PA4627,0.305224
lysP,1.6658
PA4629,0
PA4630,0
PA4631,0
PA4632,1.33164
PA4633,0.833298
PA4634,0.756025
PA4635,0.946706
PA4635a,0
PA0469,0.631204
PA4636a,0
PA4636,0.591874
PA4637,0
PA4637a,0
PA4639,0
mqoB,3.10092
PA4642,0
PA4643,1.62937
PA4644,0
fiuA,0.533533
PA4645,17.997
upp,5.84254
uraA,1.39944
PA4648,0
PA4649,0
PA4650,0.904071
PA4651,0
PA4652,0.150838
PA4653,0.700009
PA4654,0
PA0471,0.416626
hemH,0
PA4656,0.242539
PA4657,1.44258
PA4658,0.552251
PA4659,0
phr,0
pagL,3.16768
murI,0
moeB,0
hemK,0.273861
PA0472,0
prfA,1.68399
hemA,0.16596
PA4667,3.11343
PA4668,1.88158
ipk,0.90625
PA4669.1,0
prs,3.7178
PA4671,15.9067
PA4672,0
PA4673,1.05376
PA0473,0.436554
PA4673.1,0
PA4674,4.91273
PA4675,0.284198
PA4676,0.75192
PA4677,0.170562
rimI,0.892358
PA4679,0
PA4680,0
PA4681,0.297672
PA4682,0.207371
PA0474,0
PA4683,2.18983
PA4684,0
PA4685,0
PA4686,1.92821
hitA,10.4753
hitB,0.184715
PA4689,5.35737
PA4690,0
PA4690a,0.335029
PA4690.1,0
PA0475,0
PA4690.2,0
PA4690.3,0
PA4690.4,0
PA4690.5,0
PA4691,0
PA4692,0.695514
pssA,4.48104
ilvC,43.3879
ilvH,11.0289
ilvI,5.50957
PA0047,2.31131
PA0476,0.162289
PA4697,31.8587
PA4698,0
PA4699,0
mrcB,1.29317
PA4701,2.66024
PA4702,0
PA4703,0
cbpA,0
prrF1,0
prrF2,0
PA0477,0.479406
PA4705,3.9958
PA4706,0
PA4707,0.223175
phuT,0
PA4709,0
phuR,0.480617
PA4711,0
PA4712,0.517984
PA4713,0.901774
PA4714,31.4224
PA0478,0
PA4715,1.13866
PA4716,0
PA4717,2.12391
PA4718,0.823479
PA4719,0.386648
trmA,0.756767
PA4721,0
PA4722,2.93566
dksA,933.27
PA4724,0
PA0479,0
PA4724.1,44.7522
cbrA,1.79312
cbrB,3.4025
PA4726.1,0
crcZ,8059.71
PA4726.2,5222.53
pcnB,1.30272
folK,0
panB,0.687823
panC,0.636721
PA0480,0
panD,2.82204
pgi,0.636475
acsB,0.434702
PA4734,0
PA4735,2.82651
PA4736,2.67748
PA4737,0
PA4738,10.7084
PA4739,7.20909
pnp,8.78635
PA0481,0
rpsO,3.86424
truB,3.12129
rbfA,2.32497
infB,43.45
nusA,21.0283
PA4746,3.21417
PA4746.1,0
PA4746.2,0
secG,40.008
tpiA,4.62573
glcB,3.31826
glmM,3.16144
folP,8.52815
ftsH,18.7479
ftsJ,6.5139
PA4753,0
PA4754,12.1528
greA,2.3031
carB,5.52239
PA4757,1.44606
carA,1.95642
PA0483,6.56296
PA4758.1,0
dapB,1.20712
dnaJ,18.0378
dnaK,31.4943
grpE,16.8391
recN,0.578377
fur,6.54142
omlA,26.3268
PA4766,0
PA4767,0
PA0484,0.731418
smpB,7.44999
PA4769,2.45421
lldP,4.00184
lldD,0.186606
PA4772,1.26065
PA4773,1.07955
PA4774,1.36777
PA4775,0.850524
pmrA,0.51063
pmrB,0.200075
PA0485,0.69625
cueR,5.30601
PA4779,0
PA4780,0
PA4781,0.579537
PA4782,0
PA4783,0
PA4784,0
PA4785,1.15922
PA4786,0
PA4787,1.00972
PA0048,0
PA0486,1.05575
PA4788,0
PA4789,2.99042
PA4790,0
PA4791,0.745833
PA4792,0
PA4793,15.5774
PA4794,0.565275
PA4795,0.827963
PA4796,0
PA4797,0
PA0487,0
PA4798,0
PA4799,0.619181
PA4800,0
PA4801,0
PA4802,0.326147
PA4802.1,0
PA4803,0
PA4804,0.652058
PA4805,0.147633
PA4806,1.14598
PA0488,1.62636
selB,0.189386
selA,0.352079
fdhE,0
fdnI,2.67937
fdnH,1.80948
fdnG,6.72963
lipC,0.332983
fadH2,0
PA4815,0
PA4816,0
PA0489,0
PA4817,0
PA4818,0
PA4819,0
PA4820,0
PA4821,0.153148
PA4822,0.168794
PA4823,0
PA4824,0
mgtA,0.0994351
PA4826,3.85061
PA0490,1.29795
PA4827,0
PA4828,0
lpd3,0.705864
PA4830,0.684234
PA4831,0
PA4832,0
PA4833,0.565341
PA4834,1.53234
PA4835,0
PA4836,0
PA0491,0.441621
PA4837,0
PA4838,0
speA,0.626677
PA4840,0
PA4841,1.3796
PA4842,0.965445
PA4843,3.33134
PA4844,0
dipZ,0.157434
aroQ1,0.921204
PA0492,0.306633
accB,3.69243
accC,4.85513
PA4849,0
prmA,0
PA4851,1.19156
PA4852,1.97621
fis,4.27646
purH,0.254355
purD,0
retS,1.13942
PA0493,0
PA4857,0
PA4858,0
PA4859,0.234418
PA4860,0.278017
PA4861,0.367896
PA4862,0.478732
PA4863,0.621936
ureD,0
ureA,0
PA4866,0
PA0494,0.512062
ureB,0
ureC,0.239031
PA4869,0
PA4870,6.29367
PA4871,0
PA4872,0.625782
PA4873,0
PA4874,27.5456
osmE,0
PA0495,1.99219
PA4877,1.42224
PA4878,3.54554
PA4879,1.4796
PA4880,23.0987
PA4881,1.44166
PA4882,0.725499
PA4883,0
PA4884,0
irlR,0
PA4886,0
PA0006,0.970902
PA0049,0
PA0496,0.413506
PA4887,0.290551
desB,3.52906
PA4889,0
desT,0.940851
ureE,0
ureF,0
ureG,0.403008
PA4894,0
PA4895,0
PA4896,0
PA0497,0.608244
PA4897,0.364728
opdK,0
PA4899,0
PA4900,0
mdlC,0
PA4902,0.348125
PA4903,0.217096
vanA,0
vanB,0
PA4906,0.796926
PA0498,39.478
PA4907,9.76191
PA4908,0
PA4909,0
PA4910,0
PA4911,0
PA4912,0.339699
PA4913,0
PA4914,0
PA4915,0.598573
PA4916,0
PA0499,1.10688
PA4917,16.1805
PA4918,4.70874
pncB1,6.30636
nadE,7.73936
PA4921,1.66582
azu,166.858
PA4923,0
PA4924,1.8046
PA4925,0
PA4926,0.236932
bioB,8.02096
PA4927,0.143023
PA4928,0.630905
PA4929,0.134976
alr,0
dnaB,2.30339
rplI,0.634643
PA4933,3.45135
rpsR,143.731
rpsF,48.1814
PA4936,1.06458
bioF,0.321891
rnr,7.88061
PA4937.1,0
PA4937.2,0
purA,6.45052
PA4939,2.13263
PA4940,0
hflC,10.7156
hflK,17.8262
PA4943,6.4703
hfq,29.049
PA0502,0
miaA,1.31042
mutL,0.741507
amiB,0.20103
PA4948,1.7768
PA4949,0
PA4950,1.14838
orn,2.53871
PA4952,0.213862
motB,1.46969
motA,0.371139
PA0503,0.276322
PA4955,0.324625
rhdA,0
psd,0.736815
PA4958,0.477817
fimX,2.04657
PA4960,0.162883
PA4961,0.910838
PA4962,0
PA4963,2.19389
parC,6.51984
bioD,0
PA4965,0.712992
PA4966,0
parE,1.18766
PA4968,0.795612
cpdA,0.794731
PA4970,0.609722
aspP,3.21842
PA4972,0.312873
thiC,0.147507
PA4974,2.05113
PA0505,0
PA4975,1.62043
aruH,0.329577
aruI,0
PA4978,0
PA4979,0
PA4980,0
PA4981,0.203459
PA4982,0
PA4983,0.448171
PA4984,0
PA0050,0
PA0506,10.5577
PA4985,0
PA4986,0
PA4987,0
waaA,0
PA4989,0
PA4990,1.51569
PA4991,0
PA4992,0.281379
PA4993,0
PA4994,0.175428
PA0507,0.225036
PA4995,0
rfaE,0.201511
msbA,1.80771
PA4998,0
waaL,2.24642
wapR,1.52975
PA5001,1.89973
PA5002,0.753669
PA5003,0.958869
PA5004,0.261608
PA0508,0.585188
PA5005,5.17934
PA5006,0.254402
PA5007,1.91885
PA5008,0.593554
waaP,1.24934
waaG,1.80622
waaC,1.13781
waaF,0.29149
ilvE,14.7813
glnE,1.04373
nirN,6.29335
aceE,26.008
aceF,16.3964
PA5017,0.987854
msrA,78.9678
PA5019,0
PA5020,0.266937
PA5021,0.230023
PA5022,0.273925
PA5023,0.257968
PA5024,0.768441
PA0510,0.377799
metY,10.9322
PA5026,0
PA5027,0.910188
PA5028,5.73213
PA5029,0
PA5030,1.11979
PA5031,0.332983
PA5032,0
PA5033,0
hemE,0.281738
nirJ,1.7201
gltD,0.578042
gltB,0.777948
PA5037,1.99028
aroB,3.16313
aroK,1.69223
pilQ,12.2848
pilP,9.68695
pilO,108.242
pilN,8.02099
pilM,8.26081
PA0512,3.97943
ponA,4.66665
PA5046,6.10594
PA5047,1.02889
PA5048,0.560416
rpmE,0
priA,0.570896
argS,0.438376
PA5052,0.34249
hslV,6.10316
hslU,6.96398
PA0513,2.51697
PA5055,0
phaC1,1.04898
phaD,0.367896
phaC2,0.340868
PA5059,0
phaF,23.5498
PA5061,20.6999
PA5062,12.9481
ubiE,1.40012
PA5064,1.12865
nirL,2.21658
ubiB,0.255411
hisI,5.06123
hisE,5.07347
tatA,90.7587
tatB,0
tatC,2.18272
PA5071,0
PA5072,0.575746
PA5073,15.8298
PA5074,0
PA0515,6.29447
PA5075,0.842792
PA5076,8.64263
mdoH,1.31544
PA5078,19.134
PA5079,1.59617
PA5080,0.679387
PA5081,0
PA5082,0.804803
PA5083,0
PA5084,0
phzH,0
nirF,1.87512
PA5085,0
PA5087,6.09992
PA5088,16.3998
PA5089,1.45261
PA5090,0.234105
hutG,0.530783
hutI,0
PA5093,0.371058
PA5094,0
PA5095,0.490684
nirC,2.21131
PA5096,0.418204
PA5097,0
hutH,0
PA5099,0.143499
hutU,0.121164
PA5101,0
PA5102,0
PA5103,1.19788
PA5104,0
hutC,2.76265
nirM,0
PA5106,0.491691
blc,2.34606
PA5108,0
PA5109,0.584908
fbp,6.21225
gloA3,1.89562
estA,0.453058
PA5113,0.776525
PA5114,0.0735537
PA5115,0.431194
nirS,48.272
PA5116,0
typA,3.89081
thiI,1.43032
glnA,83.3418
PA5120,0.740093
PA5121,0.642024
PA5122,0
PA5123,0.62838
ntrB,0.680152
ntrC,6.09605
nirQ,1.71062
PA5126,0
PA5127,0.86524
secB,7.52066
grx,9.84178
PA5130,1.35376
pgm,3.70301
PA5132,0
PA5133,2.48911
PA5134,2.09144
PA5135,0
PA0521,0
PA5136,4.13156
PA5137,0.30817
PA5138,0.309722
PA5139,0.751702
hisF1,2.13771
hisA,0.908103
hisH1,0.536606
hisB,1.63864
PA5144,0
PA5145,0
PA0522,1.69008
PA5146,1.63019
mutY,1.63299
PA5148,5.27792
PA5149,0.199307
PA5149.1,0
PA5150,1.92778
PA5151,0.645611
PA5152,8.03
PA5153,3.83252
PA5154,0
norC,4.1706
PA5155,0.986266
PA5156,0
PA5157,1.12299
PA5158,0
PA5159,0.677965
PA5160,1.63659
PA5160.1,0
rmlB,1.3649
rmlD,0.697922
rmlA,1.33445
norB,6.98267
rmlC,2.31957
PA5165,0.789618
PA5166,2.13355
PA5167,5.86693
PA5168,0.387793
PA5169,0.690008
arcD,399.882
arcA,24.0916
arcB,458.603
arcC,23.3633
PA0525,1.61653
PA5174,0.673544
cysQ,0.38825
PA5176,0
PA5177,0.51063
PA5178,6.75259
PA5179,0
PA5180,0
PA5181,0.0852289
PA5181.1,10.3782
PA5182,13.863
PA0052,0
PA0526,7.94861
PA5183,0
PA5183a,18.2959
PA5184,0
PA5185,0
PA5186,0.18327
PA5187,0.410452
PA5188,0
PA5189,0.587905
PA5190,0
PA5191,0
dnr,14.1665
pckA,1.71173
yrfI,0.712385
PA5194,1.21283
PA5195,7.98026
PA5196,0
rimK,1.29105
PA5198,0.481281
amgS,1.17812
amgR,0.441128
PA5201,0.872682
rsmY,2063
PA5202,0
gshA,3.20481
argA,0.967291
PA5205,0.630857
argE,2.08444
PA5207,0.230149
PA5208,5.86249
PA5209,0.737114
PA5210,1.57621
PA5211,0.892358
PA0528,0.713958
PA5212,0
gcvP1,0.186743
gcvH1,0.786519
gcvT1,1.68399
PA5216,0
PA5217,3.08732
PA5218,0.583198
PA5219,1.82705
PA5220,0
PA5221,0.559543
PA0529,0.969576
PA5222,0
ubiH,1.7639
pepP,1.78105
PA5225,1.8027
PA5226,431.43
PA5227,1.6876
ssrS,6963.93
PA5228,6.93872
PA5229,10.6648
PA5230,1.30267
PA0530,0
PA5231,1.31213
PA5232,19.6926
PA5233,0
PA5234,0.62634
glpT,0.808139
PA5236,1.27891
PA5237,1.55373
PA5238,0.23971
rho,12.316
trxA,9.04608
PA0531,1.07629
ppx,2.75758
ppk,14.3313
hemB,44.5942
PA5244,6.10294
PA5245,2.04882
PA5246,0
PA5247,0.565275
PA5248,0.635761
PA5249,1.28165
PA5250,9.56895
PA0532,8.39188
PA5251,8.39452
PA5252,1.63432
PA5252a,17.7049
algP,5.75763
PA5254,0
algQ,10.7788
dsbH,0
PA5257,0.170562
PA5258,1.10512
hemD,2.45633
PA0533,0
hemC,1.32368
algR,2.69394
algZ,1.87331
argH,3.76477
PA5264,6.03864
PA5265,1.78309
PA5266,0.174427
hcpB,1.01891
corA,3.96382
PA5269,3.68803
PA0534,0.388711
PA5270,0.469806
PA5271,18.3771
cyaA,0.757464
PA5273,0
rnk,2.18053
PA5275,0
lppL,294.325
lysA,1.58613
dapF,0.765906
PA5279,0.814746
PA0535,0
sss,0.68215
PA5281,0.478732
PA5282,0.252963
PA5283,0.721595
PA5284,0
PA5285,12.399
PA5286,1.36686
amtB,0
glnK,2.46305
PA5289,2.51008
PA0536,0.295582
PA5290,0.527552
PA5291,0.581098
pchP,1.57445
PA5293,0
PA5294,0.194979
PA5295,0.342226
rep,2.28104
poxB,0.236276
PA5298,16.3694
PA5299,0.299206
PA0537,5.06573
cycB,3.53486
PA5301,0
dadX,1.16352
PA5303,1.83563
dadA,1.84647
PA5305,3.3466
PA5306,20.6239
PA5307,0.574701
lrp,33.426
PA5309,0.15868
dsbB,2.25955
PA5310,0.597611
PA5311,0
PA5312,0.954996
PA5313,0.858105
PA5314,2.17939
rpmG,45.818
rpmB,9.02037
PA5316.1,0
PA5317,0.308801
PA5318,0
PA0539,0
radC,0.356376
coaC,1.06079
dut,2.06554
algC,2.17088
argB,5.44347
PA5324,0
PA5325,0.751943
PA5326,0
PA5327,0.218221
PA5328,0
PA0540,3.15261
PA5329,0.856559
PA5330,0.800781
pyrE,1.07321
crc,21.8131
PA5333,0
rph,1.72614
PA5335,0.261072
gmk,0
rpoZ,0
spoT,18.1184
PA0541,1.82917
PA5339,14.8957
PA5340,3.07444
PA5341,0
PA5342,0.286625
PA5343,0
oxyR,2.89151
recG,0.457588
PA5346,2.70934
PA5347,1.55357
PA5348,5.4367
PA0542,65.1469
PA5349,0.595496
rubA2,0
rubA1,13.3618
PA5352,2.91638
glcF,0
glcE,0
glcD,0.760547
glcC,0.616339
PA5357,0.919047
ubiA,0
PA0543,0
PA5359,2.11467
phoB,0.645611
phoR,0.286778
PA5362,0.623459
PA5363,19.1808
PA5364,2.44308
phoU,8.64512
pstB,7.15319
pstA,0.220823
pstC,0.781874
PA0544,0.441128
pstS,0.768441
PA5369.1,0
PA5369.2,0
PA5369.3,0
PA5369.4,0
PA5369.5,0
PA5370,0.477271
PA5371,0.740093
betA,1.13465
betB,1.99626
PA0054,0
PA0545,3.32409
betI,1.81362
betT1,0.183108
PA5376,2.28554
PA5377,0.270251
PA5378,4.17942
sdaB,0.485558
gbdR,0.270864
PA5381,0
PA5382,0
PA5383,0.484327
metK,2.27935
PA5384,0
cdhB,0
cdhA,0
cdhC,0
PA5388,0
cdhR,0
PA5390,0
PA5391,0
PA5392,0
PA5393,0
PA0547,0
cls,0.19408
PA5395,0
PA5396,0.93951
PA5397,0.701208
dgcA,0.582237
dgcB,0
PA5400,0.551614
PA5401,0
PA5402,4.41674
PA5403,0
tktA,4.0465
PA5404,0
PA5405,3.25009
PA5406,0
PA5407,0
PA5408,0
PA5409,1.77537
gbcA,0.297599
gbcB,0.912437
PA5412,0.186124
ltaA,0.499264
PA0549,0
PA5414,0.380606
glyA1,0
soxB,0.168691
soxD,0
soxA,0
soxG,0
purU2,0.486361
fdhA,0.323779
PA5422,1.63224
PA5423,0.470656
PA0550,0.533347
PA5424,0
purK,0
purE,0
adhA,16.3046
PA5428,0.904959
aspA,1.78139
PA5430,0.72617
PA5431,0
PA5432,0
PA5433,0.665052
epd,0
mtr,0
PA5435,13.9718
PA5436,7.08683
PA5437,0.33037
PA5440a,0
PA5438,2.78324
PA5439,0.982575
PA5440,0.711031
PA5441,1.02213
PA5442,0.0683642
pgk,1.02784
uvrD,1.84321
PA5444,0
PA5445,1.83805
PA5446,0
wbpZ,0.942833
wbpY,0.34829
wbpX,1.35171
wzt,0.627968
wzm,0.691085
wbpW,1.92625
PA0553,0
gmd,0.994904
rmd,4.74939
PA5455,0.722709
PA5456,0.4556
PA5457,0.364709
PA5458,0.342882
PA5459,2.15645
PA5460,12.2672
PA5461,0
PA5462,0
PA0554,0.982115
PA5463,0
PA5464,0.660038
PA5465,0
PA5466,0
PA5467,0
PA5468,0.160754
PA5469,0.303605
PA5470,0.972158
PA5471,0.260797
PA5472,1.60479
PA0055,1.50162
fda,12.0698
PA5473,1.03883
PA5474,0.151637
PA5475,6.21616
citA,0
PA5477,1.38188
PA5478,0.859967
gltP,2.19646
PA5481,0
PA5482,0
algB,0.651399
PA0556,0
PA5484,0.269405
ampDh2,2.24038
PA5486,0
PA5487,0.732514
PA5488,3.25332
dsbA,25.1706
cc4,5.75277
PA5491,0
PA5492,1.07911
polA,1.34758
PA0557,0
PA5494,33.432
thrB,1.91422
nrdJb,2.31237
nrdJa,8.16542
PA5498,0
np20,0.757505
znuC,0.523237
znuB,0
PA5502,0.29207
PA5503,0
PA0558,0
PA5504,0.354324
PA5505,11.407
PA5506,1.38087
PA5507,5.81371
PA5508,0.504435
PA5509,1.52267
PA5510,0.643
mifR,0.59477
mifS,0.57497
poxA,1.34008
PA0559,0
PA5514,0.408992
PA5515,1.02026
pdxY,0.999956
PA5517,2.28405
PA5518,0.546578
PA5519,8.36132
PA5520,0
PA5521,1.30558
PA5522,0.820664
PA5523,0.52239
PA0560,2.16934
PA5524,3.80646
PA5525,2.10632
PA5526,0
PA5527,3.29172
PA5528,3.10295
PA5529,1.7035
PA5530,2.7018
tonB1,4.00314
PA5533,1.69927
PA0561,1.59201
PA5534,0
PA5535,0
PA5536,0
PA5537,0
amiA,0
PA5539,0.709445
PA5540,0
pyrQ,0
PA5542,0.950345
PA5543,0
PA0562,0.356376
PA5544,0.56892
PA5545,0.780013
PA5546,3.19921
PA5547,1.69397
PA5548,0.840183
glmS,0
glmR,0
PA5551,1.51532
glmU,4.81819
atpC,1.96943
PA0563,74.2912
atpD,29.3639
atpG,5.07932
atpA,96.9071
atpH,37.3157
atpF,28.6385
atpE,12.8017
atpB,3.06245
atpI,9.623
spoOJ,3.24465
soj,7.99135
PA0564,0
gidB,2.17185
gidA,0.832114
PA5566,0
PA5567,0.27811
PA5568,11.6293
rnpA,2.52011
rpmH,0
PA0056,0
PA0565,0
PA0566,0
PA0567,0
PA0568,0
PA0569,0.586667
PA0570,0
PA0571,0
PA0572,0.264843
PA0573,1.01334
PA0574,1.99747
PA0057,0
PA0574.1,0
PA0575,0.122356
rpoD,23.8147
dnaG,4.13693
PA0578,1.80355
rpsU,2.52367
gcp,0.602514
PA0581,0.633082
folB,0
PA0583,0.678755
PA0058,0
cca,0
PA0585,0
PA0586,2.16357
PA0587,11.7087
PA0588,10.959
PA0589,0
apaH,2.29529
PA0591,0
ksgA,1.44887
pdxA,0
PA0007,0.238105
osmC,2.41395
surA,10.254
ostA,29.5884
PA0596,0.214608
PA0597,0
PA0598,0.919899
PA0599,0
PA0600,0.196147
PA0601,0
PA0602,0
PA0603,0.817799
PA0060,15.3526
PA0604,0.288494
PA0605,0.478424
PA0606,0
rpe,0.356376
PA0608,0.390048
trpE,2.61835
prtN,0
prtR,3.70215
ptrB,0
PA0613,5.30255
PA0061,0
PA0614,0
PA0615,2.00291
PA0616,2.24906
PA0617,0
PA0618,0.604993
PA0619,0.695459
PA0620,1.64866
PA0621,28.2689
PA0622,1.31724
PA0623,1.54232
PA0062,0
PA0624,0
PA0625,1.35936
PA0626,0
PA0627,0
PA0628,5.59794
PA0629,0
PA0630,0
PA0631,1.69008
PA0633,2.10199
PA0634,34.3645
PA0063,0
PA0635,0
PA0636,1.93505
PA0637,0
PA0638,0.68498
PA0639,4.48343
PA0640,6.39841
PA0641,1.09606
PA0643,0.833773
PA0644,1.49022
PA0645,40.8692
PA0064,0.310858
PA0646,7.744
PA0647,16.4694
PA0648,2.15404
trpG,3.93867
trpD,12.1456
trpC,1.65461
vfr,25.6241
PA0653,0
speD,22.1553
PA0655,10.1762
PA0065,1.35457
PA0656,0
PA0657,2.39282
PA0658,0.401198
PA0659,5.36316
PA0660,0.227299
PA0661,1.33764
argC,0.502709
PA0663,0
PA0664,0.691005
PA0665,0
PA0066,0.678755
PA0666,0.361992
PA0667,15.4827
tyrZ,12.4244
PA0668.1,0
PA0668.2,0
PA0668.3,0
PA0668.4,0
PA0668.5,2303.14
PA0669,0
PA0670,0
prlC,2.92132
PA0671,0
hemO,0
PA0673,0
vreA,0
vreI,0
vreR,0
PA0677,0
PA0678,0
PA0679,0
PA0680,0
PA0068,4.55746
PA0681,0
PA0682,0
PA0683,0
PA0684,0
PA0685,0
PA0686,0
PA0687,0
PA0688,0
PA0689,0
PA0690,0
glyS,0.499569
PA0069,0.489206
PA0691,0
PA0692,0
exbB2,0
exbD2,0
PA0695,0
PA0696,0
PA0697,0
PA0698,0
PA0699,0
PA0700,0
PA0070,18.9401
PA0701,0
PA0701a,0
PA0702,0
PA0703,0
PA0704,0
migA,0
cat,0
toxR,0
PA0708,8.558
PA0709,5.69756
PA0071,4.85379
gloA2,74.0407
PA0711,3.03033
PA0712,18.3569
PA0713,29.7672
PA0714,4.17672
phrD,0
PA0715,51.7968
PA0716,82.3112
PA0718,0
PA0719,0
PA0072,0
PA0720,0.951939
PA0721,0
PA0722,262.557
coaB,0
PA0724,0.304997
PA0725,0.911623
PA0726,1.68399
PA0727,0.459251
PA0728,0
PA0729,6.5937
PA0073,0
PA0729.1,0
PA0730,5.97369
PA0731,1.48198
PA0732,0
PA0733,0.344407
PA0734,1.50362
PA0735,0
PA0736,0.278938
PA0736a,0
PA0737,0
ppkA,0.348661
PA0738,0
PA0739,0
sdsA1,0
PA0741,0
PA0742,0
PA0743,0
PA0744,0.270864
PA0745,0.905951
PA0746,0.590079
PA0747,0.626387
pppA,0.600005
PA0749,0.513504
ung,0
PA0751,0
PA0752,0.187595
PA0753,0
PA0754,0
opdH,0.227046
PA0756,0
PA0757,0
PA0076,0
PA0758,8.55784
PA0759,0.979582
PA0760,0
nadB,1.4029
algU,60.5411
mucA,31.219
mucB,1.08831
mucC,2.06554
mucD,2.53146
lepA,20.9233
icmF1,4.26822
lepB,1.37297
PA0769,3.25316
rnc,0
era,7.99317
recO,0.338718
pdxJ,0.312873
PA0774,0
PA0775,0
PA0776,0
PA0777,0.309722
PA0078,0.437066
icp,0
PA0779,16.2477
pruR,0
PA0781,0.133478
putA,1.31334
putP,1.11009
PA0784,0.332983
azoR1,0.716831
PA0786,1.78776
PA0787,0.335587
glyQ,0.75486
PA0079,0.503131
PA0788,0.430978
PA0788a,0
PA0789,4.59349
PA0790,1.31675
PA0791,0
prpD,0.192308
PA0793,0.327621
PA0794,0
prpC,0.538356
prpB,0.249425
PA0080,0.856559
PA0797,0
pmtA,0
PA0799,0.138757
PA0800,0
PA0801,0
PA0802,0
PA0803,0
PA0804,0.277569
PA0805,17.3722
PA0806,0
fha1,1.30661
ampDh3,0.423385
PA0808,0.831511
PA0809,0
PA0810,0
PA0811,0.478424
PA0812,0
PA0813,0
PA0814,0
PA0815,0
PA0816,0.253538
PA0082,1.09895
PA0817,0
PA0818,0
PA0819,1.29795
PA0820,25.8366
PA0821,2.96056
PA0823,0
PA0824,0
PA0825,0
PA0826,2.17988
ssrA,98831
PA0083,39.7345
PA0827,0.511292
PA0828,0
PA0829,0
PA0830,0
oruR,0
PA0832,0.712213
PA0833,8.50343
PA0834,2.4419
pta,1.2387
ackA,1.19577
PA0084,24.7043
PA0836.1,0
slyD,3.28103
PA0838,3.82582
PA0839,0
PA0840,0.268275
PA0841,0
PA0842,0
plcR,0.953129
plcH,0
PA0845,0.572612
hcp1,6.24178
PA0846,0.75954
PA0847,0.124041
PA0848,0.782753
trxB2,0.324015
PA0850,0
PA0851,0
cbpD,0.364368
PA0853,0.953129
fumC2,0.50458
PA0855,1.21354
PA0086,0.642335
PA0856,5.4409
bolA,23.3893
PA0858,1.34138
PA0859,0
PA0860,0.205226
PA0861,1.78625
PA0862,2.96504
PA0863,0
PA0864,0
hpd,4.21738
PA0087,0.522357
aroP2,0.266691
mliC,5.57011
PA0868,0
pbpG,2.18426
phhC,2.7602
phhB,3.64649
phhA,3.88662
phhR,0.873594
PA0874,0
PA0875,0.861091
PA0088,0.366313
PA0876,0.431272
PA0877,0
PA0878,0
PA0879,0.183818
PA0880,0
PA0881,0
PA0882,0
PA0883,0
PA0884,0
PA0885,0.540039
tag,0.467096
PA0089,2.89407
PA0886,0.526258
acsA,2.93319
PA0887.1,0
aotJ,13.3173
aotQ,0.645611
aotM,0
PA0891,0
aotP,1.45826
argR,2.18368
PA0894,0
clpV1,1.41383
aruC,7.81549
aruF,6.61502
aruG,4.43474
aruD,1.10615
aruB,3.23255
PA0900,17.2824
aruE,0.219198
PA0902,0.400023
alaS,1.17346
lysC,4.10702
vgrG1,3.92448
rsmA,3626.1
PA0905.1,0
PA0905.2,0
PA0905.3,0
PA0906,5.15491
PA0907,0.934521
PA0908,0
PA0909,0
PA0910,0
PA0911,0.621936
PA0092,0
PA0912,2.6109
mgtE,2.03365
PA0914,0
PA0915,0
PA0916,2.13074
kup,0.397005
PA0918,11.9723
PA0919,0.554546
PA0920,0.278307
PA0921,0
PA0093,1.23461
PA0922,2.27855
PA0922.1,0
dinB,0.781693
PA0924,0.391595
PA0925,0
PA0926,0
ldhA,1.12339
gacS,0.334633
PA0929,1.07037
PA0930,0
PA0094,0
pirA,0.250477
cysM,1.99502
ygcA,0
relA,6.43044
PA0935,2.68293
lpxO2,0.67069
PA0937,30.9879
PA0938,3.29556
PA0939,0
PA0940,0
PA0095,8.16707
PA0941,0
PA0942,0.647615
PA0943,5.65258
purN,10.6866
purM,1.64396
PA0946,0.209491
PA0947,19.4104
PA0948,0
wrbA,0.788324
PA0950,0
PA0096,0.901774
PA0951,0.312773
PA0951a,0
PA0952,1.97834
PA0953,0
PA0954,0
PA0955,7.61117
proS,2.81712
PA0957,0
oprD,27.184
PA0959,0.550601
PA0097,0
PA0960,6.99884
PA0961,1.1383
PA0962,142.736
aspS,5.84035
pmpR,12.3199
ruvC,5.5436
ruvA,1.8141
ruvB,1.62758
PA0968,12.6958
tolQ,0
PA0098,0
tolR,4.08944
tolA,11.5593
tolB,2.30328
oprL,27.0243
PA0974,1.17392
PA0975,1.9674
PA0976,0.356376
PA0976.1,0
PA0978,0.384703
PA0979,0
