Feature ID,UK
aadA,168
aas,1008
aat,352
abrB,496
accA,980
accB,1987
accC,2416
accD,1917
aceA,507
aceB,1176
aceE,11150
aceF,6215
aceK,843
ackA,16702
acnA,19522
acnB,5216
acpP,32199
acpS,242
acpT,269
acrA,8790
acrB,11135
acrD,629
acrE,168
acrF,2857
acrR,2572
acs,2474
actP,773
ada,340
add,1507
adhE,20067
adhP,2550
adi,658
adiY,833
adk,2132
adrA,946
aefA,3040
aegA,302
aer,19053
aes,172
agp,3622
ahpC,8061
ahpF,1055
aidB,8692
ais,346
alaS,6663
aldB,17055
alkA,96
alkB,228
allA,494
allB,440
allC,174
allD,224
allP,125
allR,1197
alr,320
amiA,731
amiB,674
amiC,700
amn,2476
ampD,1263
ampE,440
ampG,369
ampH,1053
amtB,120
amyA,2888
anmK,716
ansA,690
ansB,23787
ansP,414
apaG,1018
apaH,2684
apbA,2085
apbE,112
apeE,1638
aphA,3375
apt,524
araA,256
araB,122
araC,1752
araD,177
araE,486
araH,277
araJ,313
arcA,19628
arcB,4449
arcC,29
argA,466
argB,92
argC,393
argD,410
argE,1442
argG,361
argH,515
argI,154
argR,5109
argS,1912
argT,1162
arnT,765
aroA,1135
aroB,3549
aroC,529
aroD,664
aroE,4012
aroF,580
aroG,6696
aroH,1153
aroK,4659
aroL,462
aroM,2885
aroP,927
artI,3470
artJ,967
artM,1204
artP,1912
artQ,1000
asd,1304
asmA,876
asnA,1224
asnB,1262
asnC (NC_011294 1006629..1008030),5076
asnC (NC_011294 3955036..3955495),787
aspA,440993
aspC,2623
aspS,2171
asrA,525
asrB,236
asrC,350
astA,655
astB,843
astC,384
astD,536
astE,311
atpA,7649
atpB,7812
atpC,1576
atpD,9577
atpE,5100
atpF,6351
atpG,5065
atpH,4741
atpI,4171
avrA,2405
avtA,434
b2145,324
bacA,643
baeR,584
baeS,655
barA,2615
basR,1408
basS,1212
bax,2434
bcfA,168
bcfB,85
bcfC,398
bcfD,339
bcfF,117
bcfG,73
bcfH (NC_011294 30243..30975),92
bcfH (NC_011294 31038..31884),106
bcp,3347
bcr,1310
bcsA,2051
bcsB,2109
bcsC,1154
bcsE,4846
bcsF,287
bcsG,1220
bcsZ,681
bfd,337
bfr,54765
bglA,1772
bglJ,128
bglX,1005
bigA,486
bioA,85
bioB,34
bioC,20
bioD,12
bioF,17
bioH,259
birA,2579
bisC,640
blc,2226
bolA,11544
brnQ,979
bssR,14318
bssS,2085
btuB,3553
btuC,166
btuD,636
btuE,1333
btuF,271
btuR,374
cadA,4915
cadB,4159
cadC,3983
cafA,3046
caiA,867
caiB,407
caiC,1087
caiD,244
caiE,582
caiF,9449
caiT,78
carA,237
carB,316
cbiA,3627
cbiB,761
cbiC,896
cbiD,1838
cbiE,478
cbiF,1790
cbiG,3497
cbiH,2687
cbiJ,947
cbiK,1829
cbiL,935
cbiM,2975
cbiN,2273
cbiO,1670
cbiP,1885
cbiT,776
cboQ,2124
cbpA,6814
cca,1548
ccmA,77
ccmB,16
ccmD,1
ccmE,26
ccmF,68
ccmG,27
ccmH,42
cdaR,2114
cdd,322
cdsA,2484
cedA,758
celA,4266
celB,3854
celC,1889
celD,2593
celF,1039
cfa,19265
chaA,429
chaB,695
cheA,28437
cheB,7952
cheR,11028
cheW,12339
cheY,5478
cheZ,5797
cigR,3347
cirA,283
citA,478
citB,75
citC,843
citC2,1522
citD,51
citD2,280
citE,102
citE2,1021
citF,213
citF2,2073
citG,175
citG2,755
citT,680
citX,86
citX2,293
clpA,18604
clpB,68510
clpP,9252
clpS,2533
clpX,20734
cls,1016
cmk,1888
coaA,1135
coaD,458
coaE,592
cobC,437
cobD,813
cobS,645
cobT,652
cobU,536
codB,728
cof,828
copA,1178
copR,562
copS,915
corA,1394
corE,1080
cpdB,4920
cpsG,12
cpxA,983
cpxP,11731
cpxR,1112
crcB,920
creA,2133
creB,466
creC,210
creD,682
crl,2542
crp,14855
crr,43418
csdA,654
csgA,169
csgB,61
csgC,183
csgD,120
csgE,22
csgF,17
csgG,193
csiE,6130
cspA,118889
cspB,2830
cspC,96845
cspD,12177
cspE,135354
csrA,19428
cstA,7153
cueO,765
cueR,1072
cutA,270
cutC,1699
cvpA,1346
cyaA,7987
cyaY,824
cybB,1219
cybC,1307
cycA,3000
cydA,55841
cydB,23897
cydC,612
cydD,1140
cyoA,4323
cyoB,4505
cyoC,2165
cyoD,3746
cyoE,6207
cypD,11315
cysA,113
cysB,2168
cysC,105
cysD,150
cysE,1570
cysG,579
cysH,94
cysI,234
cysJ,168
cysK,2037
cysM,230
cysN,341
cysP,174
cysQ,2009
cysS,3506
cysU,60
cysW,72
cysZ,498
cytR,1647
dacA,2234
dacB,1085
dacC,8035
dacD,1542
dadA,1143
dadX,563
dam,2134
damX,3143
dapA,3350
dapB,573
dapD,2585
dapE,1253
dapF,1354
dbpA,879
dcd,659
dcm,1045
dcoC,2
dcp,966
dctA,28171
dcuA,22267
dcuB,2471
dcuC,414
dcuR,1728
dcuS,1421
ddg,1480
ddl (NC_011294 152296..153217),3545
ddl (NC_011294 412926..414021),3154
deaD,4547
dedA,835
dedD,1270
def,4039
degQ,2100
degS,918
deoA,1546
deoB,4007
deoC,1736
deoD,2583
deoR,1737
dfp,1247
dgkA,1773
dgoA,212
dgoK,154
dgoR,425
dgoT,375
dgt,2182
dinF,868
dinG,1319
dinI,521
dinP,1210
dipZ,602
djlA,1046
dkgA,4794
dkgB,1058
dksA,7875
dld,2369
dlhH,1581
dmsA,23690
dmsA1,2061
dmsA2,1297
dmsA3,1029
dmsB,2266
dmsB1,165
dmsB2,164
dmsC,2359
dmsC1,348
dmsC2,33
dnaA,5716
dnaB,1074
dnaC,1956
dnaE,3319
dnaG,8165
dnaJ,4297
dnaK,63414
dnaN,1884
dnaQ,2554
dnaT,599
dnaX,1407
dpiA,419
dpiB,921
dppA,22929
dppB,832
dppC,307
dppD,775
dppF,500
dps,192399
dsbA,4567
dsbB,567
dsbC,1678
dsbG,931
dsdA,485
dsdC,246
dsdX,187
dut,761
dxr,1086
dxs,3376
ecnB,14268
ecnR,5724
eco,882
eda,422
edd,307
efp,3297
ego,51906
elaA,586
elaB,8784
elaC,419
emrA,1720
emrB,313
emrD,539
emrR,4832
emtA,652
endA,31
engA,1622
engB,1893
eno,37819
entA,28
entB,51
entC,21
entD,147
entE,29
entF,199
envE,865
envF,749
envR,191
envZ,872
epd,2306
era,4606
erfK,3730
eutA,132
eutB,327
eutC,130
eutD,27
eutE,46
eutG,25
eutH,314
eutJ,24
eutK,77
eutL,218
eutM,40
eutN,23
eutP,152
eutQ,117
eutR,374
eutS,127
eutT,54
exbB,1980
exbD,800
exoX,3532
fabA,1393
fabB,7089
fabD,1282
fabF,8239
fabG,9358
fabH,1234
fabI,4028
fabZ,2669
fadA,786
fadB,1355
fadD,1870
fadE,1000
fadH,607
fadI,629
fadJ,5546
fadL,2609
fadR,5314
fba,15001
fbaB,4521
fbp,11633
fdhD,827
fdhE,808
fdhF,2005
fdnG,2081
fdnH,463
fdnI,1003
fdoG,26130
fdoH,1913
fdoI,4611
fdrA,39
fdx,797
feoA,553
feoB,2654
fepA,857
fepB,76
fepC,167
fepD,49
fepE,2257
fepG,95
fes,52
ffh,5143
fhlA,2177
fhuA,1410
fhuB,55
fhuC,37
fhuD,111
fhuE,363
fhuF,179
fic,1935
fidL,1714
fieF,1562
fimA,1533
fimC,435
fimD,596
fimF,130
fimH,326
fimI,231
fimW,224
fimY,475
fimZ,414
fis,1339
fixA,48
fixB,18
fixC,134
fixX,5
fklB,230
fkpA,6421
fldA,3357
fldB,1806
flgA,336
flgB,1371
flgC,486
flgD,1156
flgE,2596
flgF,535
flgG,687
flgH,766
flgI,370
flgJ,546
flgK,58370
flgL,21126
flgM,10138
flgN,11610
flhA,905
flhB,566
flhC,5354
flhD,8830
flhE,65
fliA,15784
fliB,6342
fliD,186803
fliE,169
fliF,1462
fliG,1025
fliH,334
fliI,480
fliJ,919
fliK,579
fliL,732
fliM,4128
fliN,1115
fliO,189
fliP,633
fliQ,242
fliR,509
fliS,15552
fliT,10644
fliY,10641
fliZ,14018
fljB,1508168
flk,506
fmt,3015
fnr,16010
focA,8535
folA,527
folB,183
folC,445
folD,886
folE,1509
folK,119
folP,476
foxA,747
fpr,842
frdA,16518
frdB,12761
frdC,5705
frdD,3876
fre,1765
frr,5785
frsA,2198
fruA,343
fruF,38
fruK,101
fruR,2550
frwB,1758
frwC,503
frwD,1728
fsr,622
ftn,3057
ftnB,6563
ftsA,6454
ftsB,737
ftsE,684
ftsI,4907
ftsK,3128
ftsL,1241
ftsN,572
ftsQ,4470
ftsW,2225
ftsX,1052
ftsY,3391
ftsZ,7759
fucA,215
fucI,677
fucK,331
fucO,285
fucR,1316
fucU,152
fumA,9986
fumB,2268
fumC,6886
fur,9069
fusA,37875
fxsA,1969
gabD,347
gabP,1219
gabT,469
galE,1391
galF,5530
galK,1361
galM,2810
galP,1933
galR,974
galS,808
galT,691
galU,4939
gapA,64005
garD,456
garK,262
garL,90
garR,214
gatY,78
gcd,2318
gcl,93
gcp,348
gcvA,2596
gcvH,3368
gcvP,9857
gcvR,1299
gcvT,13680
gdhA,866
ggt,2450
gidA,2068
gidB,999
gip,85
gldA (NC_011294 3573064..3574174),153
gldA (NC_011294 4194998..4196102),2054
glgA,6515
glgB,7850
glgC,11621
glgP,22889
glgS,8036
glgX,4779
glk,1580
glmM,806
glmS,8092
glmU,5986
glnA,2595
glnB,1195
glnD,956
glnE,1363
glnG,477
glnH,4962
glnK,8
glnL,293
glnP,758
glnQ,1329
glnS,6957
gloA,2471
gloB,2565
glpA,144
glpB,69
glpC,268
glpD,593
glpE,216
glpF,1838
glpG,527
glpK,3058
glpQ,6856
glpR,620
glpT,2469
glpX,340
gltA,19231
gltB,576
gltD,392
gltI,6473
gltJ,1103
gltK,919
gltL,1546
gltP,522
gltS,1094
gltX,3943
glxK,77
glxR,150
glyA,4238
glyQ,1059
glyS,1712
gmd,55
gmhA,3759
gmk,3878
gnd,6850
gntK,99
gntR,427
gntT,217
gntU,167
gor,1529
gph,675
gpmA,10859
gpmB,994
gppA,1559
gpsA,2474
gpt,726
greA,3835
greB,1669
groEL,122405
groES,31335
grpE,5972
grxA,2479
grxB,7261
grxC,2689
gshA,7869
gshB,1828
gsk,1315
gsp,2596
gst,11326
gtrA,237
gtrB,102
gtrC,567
guaA,1093
guaB,637
guaC,2363
gudD,387
gudP,534
gutM,338
gutQ,1056
gyrA,5585
gyrB,8065
hcaT,536
hcp,362
hcr,143
hdeB,2344
helD,1936
hemA,1390
hemB,2240
hemC,2144
hemD,421
hemE,942
hemF,334
hemG,1891
hemH,678
hemK,230
hemL,662
hemN,3360
hemX,1907
hemY,936
hepA,1448
hflB,18299
hflC,4556
hflK,4693
hflX,8636
hfq,12710
hha,6281
hilA,2191
hilC,2920
hilD,13778
hisA,170
hisB,1157
hisC,414
hisD,292
hisF,381
hisG,216
hisH,218
hisI,437
hisJ,1583
hisM,901
hisP,796
hisQ,449
hisS,1803
hlpA,9523
hmpA,204
hnr,3358
hns,48493
hofB,142
hofC,142
hofQ,529
holA,427
holB,328
holC,389
holD,89
holE,103
hopD,1421
hpaA,123
hpaB,167
hpaC,92
hpaD,420
hpaE,175
hpaF,74
hpaG,103
hpaH,109
hpaI,24
hpaR,320
hpaX,398
hpt,954
hrpA,5065
hrpB,587
hscA,848
hscB,771
hscC,1146
hsdM,724
hsdR,1874
hsdS,1623
hslJ,1241
hslO,1219
hslU,5398
hslV,1223
htgA,239
htpG,10117
htrA,2250
htrB,715
hupA,20081
hupB,26924
hutC,459
hutG,438
hutH,542
hutI,738
hyaA,925
hyaB,923
hyaC,1131
hyaD (NC_011294 1326703..1327300),266
hyaD (NC_011294 1617996..1618605),587
hyaE (NC_011294 1326309..1326714),133
hyaE (NC_011294 1618900..1619311),554
hyaF (NC_011294 1325464..1326313),132
hyaF (NC_011294 1619328..1620390),1850
hybA,22558
hybB,12845
hybC,14024
hybD,4632
hybE,2615
hybF,1016
hybG,2715
hycA,42
hycB,6
hycC,25
hycD,21
hycE,75
hycF,31
hycG,22
hycH,14
hycI,72
hydG,2165
hydH,2764
hydN,27
hypA,959
hypB,2409
hypC,456
hypD,1355
hypE,649
hypF,189
hypO,37078
iacP,2512
iadA,2377
iagB,944
iap,1383
ibpA,18229
ibpB,27788
icc,6288
icdA,25398
iciA,206
iclR,164
idi,1091
idnD,592
idnK,1439
idnO,369
idnR,2432
idnT,1887
ihfA,14458
ihfB,5745
ileS,6760
ilvA,356
ilvB,793
ilvC,986
ilvD,490
ilvE,882
ilvG,403
ilvH,421
ilvI,683
ilvM,149
ilvN,295
ilvY,84
imp,15511
infA,7616
infB,8887
infC,42526
invA,7962
invB,3711
invC,1953
invE,5484
invF,9329
invG,10110
invH,876
invI,2154
invJ,3286
ipk,2116
iraD,464
iroB,74
iroC,184
iroD,26
iroE,98
iroN,470
iscA,3316
ispA,1730
ispB,3311
ispD,498
ispF,381
ispG,2824
ispH,718
ivbL,185
katE,17967
katG,6828
kbl,2697
kdgK,362
kdgR,7663
kdgT,188
kdpA,39
kdpB,86
kdpC,40
kdpD,922
kdpE,276
kdsA,2409
kdsB,878
kdtA,771
kduD,469
kduI,279
kefB,1185
kefC,628
kgtP,1121
kil,19
ksgA,3154
lamB,831
lasT,308
ldcA,522
ldcC,4103
ldhA,5266
lepA,3204
lepB,1519
leuA,122
leuB,144
leuC,47
leuD,188
leuL,35
leuO,117
leuS,4794
lexA,4336
lgt,1063
ligA,890
ligB,216
ligT,100
lipA,3092
lipB,1064
livF,48
livG,68
livH,152
livJ,146
livK,740
livM,132
lldD,880
lldP,1014
lldR,339
lnt,2237
lolA,5593
lolB,910
lolD,257
lon,10509
lonH,1546
lpdA,13791
lpfA,283
lpfB,99
lpfC,605
lpfD,681
lpfE,142
lplA,486
lpp,296577
lppB,6118
lpxA,3095
lpxB,658
lpxC,40504
lpxD,5588
lpxH,188
lpxK,151
lpxO,1653
lrhA,6169
lrp,5149
lspA,1639
ltaA,272
luxS,3010
lysA,98
lysC,407
lysP,2954
lysR,152
lysS,6770
lyxK,14
maa,3740
maeB,6343
malE,653
malF,500
malG,292
malK,218
malM,315
malP,1946
malQ,1352
malS,276
malT,6790
malX,263
malY,75
malZ,239
manA,826
manC,41
manX,8103
manY,5694
manZ,9236
map,1536
marA,1552
marB,553
marC,1048
marR,785
marT,2031
mazG,3220
mdaA,409
mdaB,670
mdfA,273
mdh,27882
mdlA,992
mdlB,402
mdoB,5847
mdoC,1830
mdoD,2343
mdoG,11651
mdoH,2731
mdtI,374
mdtJ,2158
melA,6420
melB,2229
melR,3867
menA,495
menB,827
menC,484
menD,1006
menE,649
menF,1121
menG,4768
mepA,187
metA,1004
metB,219
metC,973
metE,370
metF,767
metG,2624
metH,705
metJ,1941
metK,2174
metL,539
metN,911
metQ,5171
metR,29
mfd,1518
mglA,2899
mglB,6939
mglC,1157
mgsA,1077
mgtA,1069
mgtB,8319
mgtC,2536
miaA,10884
miaB,2504
miaE,925
mig-14,10863
mig-3,1846
minC,2254
minD,8560
minE,2016
mioC,1564
mipA,10324
misL,1079
mlc,1299
mltA,1145
mltB,988
mltC,1257
mltD,5286
mnmA,2135
mnmC,1545
mntH,1947
moaA,2635
moaB,417
moaC,310
moaD,94
moaE,76
mobA,668
mobB,821
mod,2342
modA,2668
modB,1029
modC,2493
modE,630
modF,886
moeA,471
moeB,199
mogA,849
motA,38164
motB,20235
mpl,766
mppA,9133
mraW,2477
mraY,2095
mrcA,822
mrcB,2664
mrdA,1197
mrdB,612
mreB,1827
mreC,513
mreD,1133
mrp,1995
mrr,257
msbA,2737
msbB,2276
mscL,12244
msgA,1564
msrA,2027
msyB,10869
mtgA,862
mtlA,2006
mtlD,1862
mtlR,1321
mtr,161
mug,6779
mukB,2451
mukE,663
mukF,964
murA,737
murB,1584
murC,2668
murD,1194
murE,1100
murF,1267
murG,578
murI,1605
murQ,349
mutH,93
mutL,966
mutM,697
mutS,1196
mutT,754
mutY,776
mviM,859
mviN,1335
nadA,143
nadB,214
nadC,174
nadD,403
nadE,1907
nadR,7907
nagA,2955
nagB,2835
nagC,2276
nagD,551
nagE,3679
nanA,209
nanE,217
nanK,518
nanT,567
napA,1277
napB,201
napC,363
napD,50
napF,363
napG,88
napH,188
narG,724
narH,251
narI,229
narJ,145
narK,196
narL,606
narP,1070
narQ,745
narU,543
narV,214
narW,117
narX,702
narY,453
narZ,508
ndh,2182
ndk,1360
nei,1328
nemA,663
nepI,178
nfi,751
nfnB,1022
nfo,665
nhaA,2491
nhaB,1572
nhaR,2448
nhoA,1125
nifJ,6847
nifS,2480
nifU,3181
nikR,345
nirB,266
nirC,79
nirD,53
nlp,246
nlpB,1361
nlpC,418
nlpD,27585
nlpI,141254
nmpC,163112
nrdA,6146
nrdB,2849
nrdD,3940
nrdE,444
nrdF,544
nrdG,772
nrdH,23
nrdI,13
nrdR,3462
nrfA,2871
nrfB,998
nrfC,350
nrfD,244
nrfG,134
nth,740
ntpA,561
nudC,862
nudE,554
nudF,753
nuoA,4182
nuoB,3555
nuoC,5335
nuoE,1038
nuoF,2176
nuoG,4855
nuoH,3829
nuoI,3395
nuoJ,1818
nuoK,625
nuoL,4852
nuoM,4011
nuoN,2041
nupC,6523
nupG,2285
nusA,12436
nusB,5587
nusG,2148
nxiA,1867
oat,1256
obgE,2996
ogt,1997
ompA,216943
ompC,59338
ompF,3893
ompL,296
ompN,500
ompR,2851
ompS,742
ompW,73453
ompX,22348
oppA,9590
oppB,958
oppC,1306
oppD,2273
oppF,1377
orf242,811
orf245,2616
orf319,21752
orf32,553
orf408,2462
orf48,1143
orf70,511
orfB,2387
orfX,9139
orgA,4896
orn,645
osmC,11422
osmE,44581
osmY,34287
otsA,4725
otsB,3072
oxyR,1850
pabA,467
pabB,929
pabC,1241
pagC,13635
pagD,585
pagK,4621
pagO,2207
pagP,3836
pal,8989
panB,226
panC,305
panD,1371
panF,250
parC,702
parE,4709
pbpC,197
pbpG,1029
pckA,47707
pcm,511
pcnB,1359
pdgL,1035
pdhR,830
pduA,510
pduC,2370
pduD,549
pduE,337
pduF,2591
pduG,487
pduH,149
pduJ,104
pduK,189
pduL,191
pduM,56
pduN,38
pduO,123
pduP,295
pduQ,161
pduS,87
pduT,162
pduU,133
pduV,78
pduW,737
pduX,924
pdxA (NC_011294 103049..104039),1512
pdxA (NC_011294 194184..195168),1395
pdxB,555
pdxH,855
pdxJ,467
pdxK,261
pdxY,659
pegA,1208
pegB,110
pegC,578
pegD,891
pepA,1482
pepB,968
pepD,5076
pepE,1034
pepN,5468
pepP,3320
pepQ,1326
pepT,6100
perM,824
pfkA,11536
pfkB,954
pflA,6322
pflB,53158
pflC,3614
pflD,3140
pflE,371
pflF,1064
pfs,392
pgi,6639
pgk,13117
pgm,4367
pgpA,722
pgpB,1231
pgsA,1285
pgtA,1894
pgtB,4221
pgtC,3231
pgtE,562
pgtP,1748
pheA,4578
pheP,771
pheS,2354
pheT,19070
phnA,797
phnB,1411
phnO,1691
phnR,159
phnS,22
phnT,113
phnU,67
phnV,179
phnW,57
phnX,38
phoB,1258
phoE,489
phoH,1997
phoL,7818
phoN,1954
phoP,9162
phoQ,6680
phoR,925
phoU,320
phrB,755
phsA,10197
phsB,2720
phsC,7911
pipA,1138
pipB,1413
pipC,6863
pipD,12281
pitA,2607
pldA,2153
pldB,1445
plsB,4714
plsC,1053
plsX,1425
pmbA,1594
pmgI,2699
pmrD,6678
pmrF,414
pncA,176
pncB,792
pnp,9131
pntA,5247
pntB,3131
pnuC,1238
pocR,4079
polA,6183
polB,751
potA,1674
potB,597
potC,726
potD,1554
potE,983
potF,660
potG,251
potH,176
potI,126
poxB,1282
ppa,3241
ppc,1667
ppdA,9
ppdB,111
ppdC,50
ppdD,22
pphA,578
pphB,792
ppiA,2288
ppiB,7074
ppiC,1042
ppk,8865
ppnK,1381
pps,14309
ppx,2439
pqaA,1574
pqiA,1457
pqiB,2751
prc,7798
prfA,1331
prfB,3937
prfC,1431
prfH,133
prgH,10149
prgI,2915
prgJ,3059
prgK,4895
priA,508
priB,2099
priC,189
prkB,951
prlC,2215
prmA,161
proA,918
proB,1376
proC,715
proP,10243
proQ,2723
proS,1835
proV,132
proW,50
proX,189
proY,680
prpB,26
prpC,222
prpD,233
prpE,175
prpR,738
prsA,3880
psd,2092
psiF,3229
pspA,822
pspB,194
pspC,502
pspD,123
pspE,8655
pspF,379
pspG,110
pssA,11606
pstA,265
pstB,786
pstC,294
pstS,739
pta,2266
pth,1226
ptpS,414
ptr,2106
ptrB,17152
ptsA,1803
ptsG,5517
ptsH,7947
ptsI,42496
ptsJ,101
ptsN,1541
ptsO,466
ptsP,3435
ptxA,213
pudB,540
purA,11171
purB,1866
purC,709
purD,198
purE,58
purF,1778
purG,768
purH,370
purK,153
purM,371
purN,316
purR,748
purT,123
purU,3170
putA,6673
putP,1771
pykA,8186
pykF,10042
pyrB,137
pyrC,824
pyrD,958
pyrE,75
pyrF,319
pyrG,11808
pyrH,1705
pyrI,184
pyrL,7
qor,1473
queA,365
queF,1125
radA,253
radC,437
rarD,458
ratA,4694
ratB,1627
rbfA,1105
rbn,4120
rbsA,645
rbsB,44948
rbsC,537
rbsD,1305
rbsK,2736
rbsR,1949
rcnA,545
rcsA,388
rcsB,4739
rcsC,1426
rcsF,510
rdgC,849
recA,21880
recB,1890
recC,1533
recD,352
recF,1094
recG,814
recJ,1339
recN,3203
recO,700
recQ,2515
recR,201
recX,410
relA,7198
rep,1608
res,2886
rfaB,2379
rfaC,1258
rfaD,11481
rfaE,982
rfaF,1787
rfaG,2733
rfaH,1568
rfaI,4176
rfaJ,2506
rfaK,3422
rfaL,3211
rfaP,1899
rfaQ,2965
rfaY,2542
rfaZ,1932
rfbA,3921
rfbB,8746
rfbC,5065
rfbD,4320
rfbE,21462
rfbF,9922
rfbG,15843
rfbH,17359
rfbI (NC_011294 2178773..2179748),8353
rfbI (NC_011294 596817..597180),253
rfbK,9958
rfbM,8759
rfbN,5634
rfbP,8819
rfbS,6744
rfbU,5805
rfbV,10811
rfbX,10986
rfc,4670
rfe,8224
rffG,838
rhaA,28
rhaB,148
rhaD,214
rhaR,882
rhaS,1453
rhaT,188
rhlB,2853
rhlE,113
rho,55437
rhtB,183
rhtC,260
rhuM,1310
ribA,3423
ribB,5029
ribD,1573
ribE,2349
ribF,1093
ribH,2267
rihA,468
rihC,718
rimI,615
rimJ,5035
rimK,409
rimL,1830
rimM,14928
rimO,1061
rlmL,1258
rlpA,800
rlpB,2472
rluA,330
rluC,191
rluD,2860
rmbA,61
rmf,62036
rna,6693
rnb,2109
rnc,4819
rnd,183
rne,5244
rnfA,1280
rnfB,303
rnfC,552
rnfD,271
rnfE,185
rnfG,330
rnhA,683
rnhB,222
rnk,473
rnpA,1768
rnt,1010
rob,4281
rof,3613
rpe,535
rph,519
rpiA,5126
rplA,12458
rplB,6946
rplC,15670
rplD,7221
rplE,26795
rplF,12553
rplI,2398
rplJ,16408
rplK,12186
rplL,15932
rplM,12134
rplN,15801
rplO,10153
rplP,3921
rplQ,4111
rplR,5928
rplS,4271
rplT,20823
rplU,24774
rplV,5547
rplW,7075
rplX,15901
rplY,2562
rpmA,13938
rpmB,9133
rpmC,2415
rpmD,2769
rpmE,5740
rpmE2,419
rpmF,2537
rpmG,5657
rpmH,1874
rpmI,18754
rpmJ (NC_011294 3467494..3467611),5259
rpmJ (NC_011294 505989..506130),547
rpoA,27224
rpoB,21762
rpoC,36470
rpoD,28450
rpoE,7069
rpoH,19738
rpoN,5799
rpoS,19250
rpoZ,1423
rpsA,60260
rpsB,22228
rpsC,6065
rpsD,23688
rpsE,10435
rpsF,2400
rpsG,11145
rpsH,13367
rpsI,5049
rpsJ,3512
rpsK,9802
rpsL,8314
rpsM,12108
rpsN,8504
rpsO,5600
rpsP,2461
rpsQ,2538
rpsR,2241
rpsS,3840
rpsT,9327
rpsU,3338
rpsV,30242
rrmA,225
rrmJ,12336
rsd,3080
rseA,8784
rseB,2327
rseC,209
rsmC,167
rsmD,378
rspA,206
rspB,253
rstA,2495
rstB,253
rsuA,1222
rtcA,115
rtcB,438
rtcR,343
rtn,2668
rumA,2688
rumB,445
ruvA,351
ruvB,302
ruvC,351
safA,524
safB,438
safC,1759
safD,201
sanA,1314
sapA,2257
sapB,273
sapC,189
sapD,533
sapF,343
sbcB,1130
sbcC,263
sbcD,439
sbmA,1840
sbmC,10516
sbp,911
scsA,65
scsB,152
scsC,84
scsD,8
sdaA,4385
sdaB,10480
sdaC,21366
sdhA,10635
sdhB,15503
sdhC,17148
sdhD,10981
sdiA,6320
secA,9224
secB,10231
secD,3729
secE,2066
secF,4733
secG,6176
secY,48453
selA,1283
selB,1780
selD,896
SEN0013,374
SEN0014,137
SEN0015,58
SEN0016,93
SEN0017,3278
SEN0018,525
SEN0019,94
SEN0028,108
SEN0029,55
SEN0030,97
SEN0031,57
SEN0032,539
SEN0033,997
SEN0034,84
SEN0035,1181
SEN0036,512
SEN0037,212
SEN0038,1486
SEN0041,775
SEN0042,436
SEN0053,1501
SEN0054,3679
SEN0055,112
SEN0056,202
SEN0057,64
SEN0058,3410
SEN0081,638
SEN0083,680
SEN0084,1226
SEN0085,1760
SEN0100,100
SEN0101,131
SEN0110A,7655
SEN0110B,397
SEN0139,475
SEN0141,2237
SEN0152,329
SEN0153,328
SEN0159,29
SEN0160,242
SEN0163,460
SEN0164,169
SEN0167,254
SEN0169,1938
SEN0206,742
SEN0216,1576
SEN0218,1852
SEN0222A,7328
SEN0240,545
SEN0249,1166
SEN0259,88
SEN0267,57
SEN0268,48
SEN0269,39
SEN0270,172
SEN0271,4
SEN0272,9887
SEN0273,2830
SEN0274,62
SEN0276,61
SEN0277,217
SEN0278,72
SEN0280,52
SEN0280A,75
SEN0286,20
SEN0288,192
SEN0289,2062
SEN0290,640
SEN0297,191
SEN0306,383
SEN0307,378
SEN0308,54
SEN0310,8350
SEN0311,1358
SEN0312,365
SEN0313,294
SEN0314,360
SEN0315,923
SEN0316,1275
SEN0317,176
SEN0318,112
SEN0324,980
SEN0325,323
SEN0326,1451
SEN0327,2244
SEN0328,578
SEN0329,229
SEN0330,350
SEN0331,269
SEN0332,338
SEN0333,64
SEN0334,160
SEN0335,25
SEN0336,98
SEN0337,154
SEN0338,38
SEN0339,749
SEN0342,816
SEN0343,1937
SEN0344,877
SEN0345,152
SEN0346,234
SEN0364,1294
SEN0365,675
SEN0385,19482
SEN0392,400
SEN0393,442
SEN0419,993
SEN0420,939
SEN0440,434
SEN0460,1266
SEN0478,817
SEN0490,2063
SEN0501,248
SEN0519,570
SEN0520,261
SEN0532,102
SEN0534,134
SEN0534A,56
SEN0535,522
SEN0537A,132
SEN0538,136
SEN0538A,45
SEN0539,181
SEN0540,2625
SEN0541,69
SEN0542,136
SEN0543,2541
SEN0550,420
SEN0551,810
SEN0579,30
SEN0580,523
SEN0581,51
SEN0582,219
SEN0618,350
SEN0619,554
SEN0620,573
SEN0621,3146
SEN0629,1442
SEN0641,1698
SEN0655,72
SEN0656,299
SEN0663,526
SEN0681,11533
SEN0706,636
SEN0707,652
SEN0708,3799
SEN0709,699
SEN0710,263
SEN0712,11
SEN0713,2
SEN0714,12
SEN0715,123
SEN0716,86
SEN0722,238
SEN0725,4820
SEN0735,1446
SEN0744A,151
SEN0755,663
SEN0756,756
SEN0764,789
SEN0780,422
SEN0784,279
SEN0800,187
SEN0801,537
SEN0802,753
SEN0803,789
SEN0804,1000
SEN0805,2295
SEN0806,1385
SEN0807,223
SEN0813,416
SEN0814,188
SEN0815,259
SEN0816,1359
SEN0829,420
SEN0830,133
SEN0831,882
SEN0840,1330
SEN0853A,320
SEN0853B,187
SEN0854,1910
SEN0855,296
SEN0856,385
SEN0875,401
SEN0876,1154
SEN0893,1803
SEN0905,905
SEN0906,251
SEN0907,209
SEN0908A,71
SEN0909,90
SEN0910,106
SEN0912,193
SEN0912A,298
SEN0913,94
SEN0914,23
SEN0916A,231
SEN0917,476
SEN0918,223
SEN0920,2445
SEN0921,169
SEN0925,785
SEN0943,1586
SEN0946,159
SEN0947,751
SEN0957,2362
SEN0961,981
SEN0973,535
SEN0974,666
SEN0986,578
SEN0988,3090
SEN0989,6142
SEN0990,524
SEN0991,956
SEN0992,490
SEN0993,479
SEN0994,1373
SEN0995,642
SEN0996,374
SEN0998,58
SEN0999,81
SEN1000,142
SEN1001,341
SEN1002,245
SEN1003,77
SEN1004,198
SEN1005,162
SEN1006,61
SEN1007,53
SEN1008,294
SEN1009,472
SEN1010,436
SEN1011,377
SEN1013,359
SEN1013A,15
SEN1013B,54
SEN1016,387
SEN1022,9953
SEN1023,1488
SEN1026,1261
SEN1041A,166
SEN1063,617
SEN1065,2767
SEN1066,2833
SEN1071,317
SEN1072,187
SEN1084,38853
SEN1092,580
SEN1093,571
SEN1107,123
SEN1126,2731
SEN1129,3455
SEN1130,909
SEN1131,1099
SEN1132,37
SEN1133,23752
SEN1134,1637
SEN1135,262
SEN1136,819
SEN1137,85
SEN1138,14
SEN1139,286
SEN1140,9417
SEN1141,0
SEN1142,365
SEN1143,502
SEN1144,34
SEN1145,78
SEN1146,44
SEN1147,201
SEN1148,380
SEN1150,351
SEN1151,52
SEN1152,712
SEN1154,71
SEN1155,9746
SEN1156,4
SEN1157,140
SEN1158,146
SEN1160,63
SEN1161,25
SEN1162,9
SEN1163,66
SEN1164,499
SEN1165,155
SEN1171,8
SEN1171A,2401
SEN1171B,57
SEN1172,363
SEN1173,171
SEN1174A,82
SEN1176,469
SEN1177,866
SEN1178,220
SEN1179,521
SEN1180,789
SEN1181,201
SEN1183,390
SEN1186,6182
SEN1188,4091
SEN1193,4173
SEN1194,1544
SEN1196,341
SEN1198,1566
SEN1201,1537
SEN1204,241
SEN1210,1255
SEN1227,1125
SEN1228,15211
SEN1229,1567
SEN1242,8742
SEN1244,572
SEN1245,490
SEN1249,293
SEN1250,950
SEN1251,572
SEN1253,287
SEN1254,216
SEN1279,3264
SEN1294,869
SEN1301,1612
SEN1303,8076
SEN1335,703
SEN1336,973
SEN1355,739
SEN1356,607
SEN1357,1244
SEN1358,54
SEN1359,90
SEN1360,697
SEN1360A,16688
SEN1361,78
SEN1362,106
SEN1363,272
SEN1364,142
SEN1365,371
SEN1365A,695
SEN1366,179
SEN1367,631
SEN1374,620
SEN1378,58
SEN1379,77
SEN1380,20
SEN1382,984
SEN1383,3353
SEN1384,142
SEN1385,2129
SEN1386,3022
SEN1387,76128
SEN1388,200
SEN1389,96
SEN1390,49
SEN1391,166
SEN1392,454
SEN1393,13
SEN1394,12
SEN1395,16
SEN1396,4
SEN1396A,0
SEN1398,346
SEN1399,1759
SEN1402,184
SEN1403,141
SEN1409,1071
SEN1410,366
SEN1414,1347
SEN1415,612
SEN1417,182
SEN1418,264
SEN1419,273
SEN1420,325
SEN1421,166
SEN1423,258
SEN1423A,908
SEN1424,71
SEN1425,879
SEN1428,9813
SEN1429,1327
SEN1431,156
SEN1432,1763
SEN1433,106
SEN1434,204
SEN1435,181
SEN1436,350
SEN1437,1110
SEN1438,1620
SEN1439,387
SEN1440,250
SEN1441,1477
SEN1442,3852
SEN1443,1579
SEN1444,1264
SEN1449,4781
SEN1450,314
SEN1469,964
SEN1470,60
SEN1472,20525
SEN1480,178
SEN1482,987
SEN1494,603
SEN1495,2562
SEN1496,3798
SEN1497,8649
SEN1498,766
SEN1499,1138
SEN1500,736
SEN1501,340
SEN1502,48
SEN1503,107
SEN1504,2849
SEN1505,433
SEN1506,218
SEN1507,559
SEN1509,153
SEN1510,446
SEN1511,1616
SEN1512,1094
SEN1517,101
SEN1520,387
SEN1521,106
SEN1522,240
SEN1523,177
SEN1524,782
SEN1538,6595
SEN1543A,1166
SEN1556,684
SEN1557,1302
SEN1558,749
SEN1559,2398
SEN1560,399
SEN1564A,154
SEN1565,756
SEN1576,137
SEN1606,918
SEN1635,171
SEN1677,873
SEN1679,380
SEN1713,792
SEN1715,1634
SEN1719,8959
SEN1726,900
SEN1734,593
SEN1742,1479
SEN1743,2771
SEN1751,551
SEN1752,2276
SEN1753,463
SEN1754,806
SEN1755,745
SEN1756,562
SEN1757,373
SEN1758,432
SEN1759,171
SEN1764,501
SEN1765,648
SEN1775,569
SEN1778,170
SEN1779,837
SEN1783,258
SEN1785,6796
SEN1786,1377
SEN1787,1755
SEN1789,546
SEN1790,604
SEN1791,1244
SEN1792,205
SEN1793,392
SEN1794,196
SEN1795,300
SEN1796,570
SEN1797,1295
SEN1798,830
SEN1799,916
SEN1800,220022
SEN1801,1809
SEN1802,13735
SEN1805,292
SEN1809,190
SEN1810,3826
SEN1813,344
SEN1821,3036
SEN1828,1153
SEN1840,2852
SEN1861,3999
SEN1890,85
SEN1901,557
SEN1914,2260
SEN1915,596
SEN1916,438
SEN1917,250
SEN1918,31
SEN1919,110
SEN1919A,985
SEN1920,324
SEN1921,310
SEN1922,666
SEN1923,152
SEN1924,262
SEN1925,38
SEN1926,152
SEN1927,339
SEN1928,300
SEN1929,545
SEN1930,187
SEN1931,258
SEN1932,306
SEN1932A,19
SEN1933,45
SEN1934,37
SEN1935,29
SEN1935A,28
SEN1936,213
SEN1937,103
SEN1938,270
SEN1939,276
SEN1940,31
SEN1941,44
SEN1942,46
SEN1943,81
SEN1944,130
SEN1945,8922
SEN1946,24239
SEN1947,609
SEN1948,328
SEN1949,227
SEN1949A,75
SEN1950,203
SEN1951,131
SEN1952,151
SEN1953,850
SEN1954,450
SEN1955,10543
SEN1957,3304
SEN1957A,439
SEN1959,611
SEN1960,210
SEN1961,214
SEN1962,207
SEN1963,219
SEN1964,618
SEN1965,408
SEN1965A,133
SEN1966,1451
SEN1968,116
SEN1970,1750
SEN1971,4726
SEN1972,330
SEN1974,169
SEN1975,548
SEN1976,2196
SEN1978,20
SEN1979,89
SEN1980,804
SEN1981,745
SEN1981A,46
SEN1982,46
SEN1983,27
SEN1984,22
SEN1985,2535
SEN1986,1463
SEN1987,56
SEN1988,15
SEN1989,8
SEN1990,205
SEN1991,306
SEN1992,97
SEN1993,2758
SEN1994,2071
SEN1995,7793
SEN1996,51
SEN1997,25
SEN1998,30
SEN1999,1325
SEN2001,15
SEN2002,0
SEN2003,6
SEN2004,398
SEN2005,522
SEN2005A,4
SEN2005B,47
SEN2008,4457
SEN2008A,3251
SEN2122,402
SEN2128,256
SEN2129,31
SEN2130,515
SEN2133,1019
SEN2134,133
SEN2135,13
SEN2144,485
SEN2150,505
SEN2155,163
SEN2168,217
SEN2169,145
SEN2170,275
SEN2171,136
SEN2172,67
SEN2173,322
SEN2179,2488
SEN2188,369
SEN2189,291
SEN2190,133
SEN2191,203
SEN2201,652
SEN2202,9
SEN2203,312
SEN2204,463
SEN2218,3073
SEN2225,54
SEN2226,140
SEN2227,171
SEN2228,544
SEN2232,73
SEN2234,7
SEN2235,36
SEN2236,10
SEN2237,49
SEN2255,902
SEN2256,191
SEN2257,642
SEN2262,278
SEN2263,631
SEN2269,362
SEN2270,145
SEN2271,253
SEN2275,1008
SEN2282,225
SEN2284,173
SEN2285,2433
SEN2296,18132
SEN2311,137
SEN2314,626
SEN2318,952
SEN2322,796
SEN2323,414
SEN2325,188
SEN2326,347
SEN2327,1393
SEN2328,1180
SEN2339,1416
SEN2340,597
SEN2341,367
SEN2342,245
SEN2343,3886
SEN2354,365
SEN2355,97
SEN2356,13
SEN2357,27
SEN2358,203
SEN2359,789
SEN2375A,138
SEN2375B,144
SEN2380,233
SEN2380A,213
SEN2386,1859
SEN2390,583
SEN2391,997
SEN2392,1268
SEN2407,160
SEN2415,21
SEN2420,1363
SEN2427,3343
SEN2428,391
SEN2430,756
SEN2433,142
SEN2454,572
SEN2457,773
SEN2463,2204
SEN2465,1623
SEN2471,335
SEN2472,42
SEN2473,633
SEN2475,1078
SEN2484,1482
SEN2485,7517
SEN2488,909
SEN2489,718
SEN2507,121
SEN2508,138
SEN2509,263
SEN2510,1486
SEN2512,2812
SEN2514,480
SEN2525,1959
SEN2527,926
SEN2531,151
SEN2532,224
SEN2550,794
SEN2553,304
SEN2554,141
SEN2555,684
SEN2582,1980
SEN2589,1481
SEN2601,1189
SEN2609,2792
SEN2610,397
SEN2611,171
SEN2612,509
SEN2613,1377
SEN2614,8207
SEN2616,4
SEN2624,7334
SEN2630,71
SEN2631,13
SEN2632,578
SEN2633,419
SEN2641,83
SEN2644,17203
SEN2647,649
SEN2648,100
SEN2649,11
SEN2657,192
SEN2661,388
SEN2681,944
SEN2685,171
SEN2710,2591
SEN2712,2292
SEN2742,75
SEN2743,3661
SEN2744,4318
SEN2746,122
SEN2746A,182
SEN2747,303
SEN2749,20
SEN2750,261
SEN2751,265
SEN2752,388
SEN2753,173
SEN2759,396
SEN2760,25
SEN2761,116
SEN2762,148
SEN2777,409
SEN2779,310
SEN2781,978
SEN2782,586
SEN2789,1758
SEN2794,68
SEN2795,246
SEN2796,32
SEN2797,24
SEN2798,41
SEN2799,17
SEN2800,175
SEN2804,512
SEN2808,741
SEN2819A,789
SEN2830,2084
SEN2855,748
SEN2863,457
SEN2864,974
SEN2865,1808
SEN2868,329
SEN2869,71
SEN2870,301
SEN2874,862
SEN2875,199
SEN2876,2199
SEN2877,12107
SEN2878,15826
SEN2879,591
SEN2880,5344
SEN2881,1694
SEN2895,614
SEN2914,119
SEN2915,217
SEN2916,209
SEN2917,269
SEN2918,115
SEN2922,330
SEN2923,229
SEN2924,236
SEN2925,550
SEN2926,359
SEN2928,4704
SEN2929,121
SEN2935,78
SEN2941,111
SEN2960,310
SEN2961,1737
SEN2962,665
SEN2963,814
SEN2964,375
SEN2965,2624
SEN2966,558
SEN2967,241
SEN2968,292
SEN2969,653
SEN2970,269
SEN2971,464
SEN2972,1366
SEN2974,592
SEN2975,6116
SEN2976,8603
SEN2977,1248
SEN2978,1173
SEN2979,241
SEN2980,1414
SEN2981,33391
SEN2984,166
SEN2985,482
SEN2995,1841
SEN2997,3970
SEN2998,1033
SEN2999,1168
SEN3003,573
SEN3009,97
SEN3010,637
SEN3012,334
SEN3013,143
SEN3018,188
SEN3034,675
SEN3035,445
SEN3036,418
SEN3040,142
SEN3058,12042
SEN3092,374
SEN3093,267
SEN3094,319
SEN3095,509
SEN3096,121
SEN3097,2043
SEN3112,123
SEN3113,55
SEN3125,5131
SEN3135,1768
SEN3167,830
SEN3176,4145
SEN3183,128
SEN3184,28
SEN3185,23
SEN3186,3
SEN3187,62
SEN3188,61
SEN3189,39
SEN3190,1919
SEN3191,1741
SEN3195,3493
SEN3211,1287
SEN3212,1698
SEN3222,745
SEN3239,3110
SEN3273,20622
SEN3288,3714
SEN3334,336
SEN3342,3462
SEN3343,7266
SEN3346,61
SEN3352,347
SEN3353,932
SEN3354A,174
SEN3355,596
SEN3356,729
SEN3357,3269
SEN3370,1455
SEN3371,1043
SEN3372,443
SEN3373,832
SEN3381,271
SEN3389,58
SEN3403,1204
SEN3418,750
SEN3421,2329
SEN3422,3128
SEN3423,6849
SEN3424,18916
SEN3425,1312
SEN3427,2500
SEN3428,66
SEN3447A,76
SEN3448,202
SEN3455,333
SEN3456,111
SEN3457,28
SEN3473,812
SEN3474,2253
SEN3475,1543
SEN3476,225
SEN3476A,40
SEN3476B,31
SEN3479,1647
SEN3492,56
SEN3500,328
SEN3501,333
SEN3503,995
SEN3510,1230
SEN3512,68
SEN3513,4354
SEN3518,254
SEN3519,179
SEN3520,1028
SEN3558,298
SEN3559,382
SEN3572,416
SEN3573,2148
SEN3577A,45
SEN3578,19
SEN3588,1122
SEN3589,124
SEN3590,203
SEN3591,443
SEN3592,208
SEN3593,282
SEN3594,85
SEN3595,1792
SEN3596,3391
SEN3597,2586
SEN3599,2299
SEN3600,2557
SEN3607,299
SEN3608,610
SEN3609,1950
SEN3610,640
SEN3614,136
SEN3616,300
SEN3628,37
SEN3629,23
SEN3631,23
SEN3633,35
SEN3636,1855
SEN3645,76
SEN3649,229
SEN3650,338
SEN3651,2594
SEN3658,464
SEN3672,550
SEN3673,39
SEN3674,313
SEN3677,498
SEN3712,1627
SEN3713,1660
SEN3717,13
SEN3728,159
SEN3732,390
SEN3742,413
SEN3742A,521
SEN3761,492
SEN3775,1279
SEN3797,344
SEN3798,137
SEN3799,153
SEN3800,2225
SEN3801,356
SEN3802,247
SEN3818,3466
SEN3819,4522
SEN3820,220
SEN3821,1102
SEN3822,795
SEN3828,3218
SEN3831,39
SEN3832,52
SEN3833,230
SEN3835,2284
SEN3842,135
SEN3843,175
SEN3844,27
SEN3847,202
SEN3855,433
SEN3856,83
SEN3857,462
SEN3858,1351
SEN3859,192
SEN3860,173
SEN3861,4128
SEN3870,26326
SEN3887,334
SEN3888,571
SEN3892,266
SEN3893,463
SEN3894,884
SEN3895,403
SEN3896,58
SEN3897,38
SEN3898,107
SEN3939,130
SEN3940,110
SEN3941,1375
SEN3943,106
SEN3947,10
SEN3968,44
SEN3974,79
SEN3975,1321
SEN3978,1246
SEN3979,194
SEN3980,126
SEN3981,194
SEN3982,131
SEN3984,60
SEN3985,151
SEN4008,177
SEN4011,1329
SEN4021,214
SEN4022,176
SEN4026,100
SEN4027,336
SEN4028,410
SEN4029,481
SEN4030,22888
SEN4032,1235
SEN4037,4545
SEN4040,1140
SEN4041,70
SEN4042,26
SEN4046,457
SEN4051,183
SEN4052,354
SEN4074,685
SEN4080,215
SEN4081,235
SEN4082,399
SEN4084,121
SEN4085,404
SEN4086,2771
SEN4087,642
SEN4088,380
SEN4089,460
SEN4091,30
SEN4105,129
SEN4121,696
SEN4138,83
SEN4156,215
SEN4165,374
SEN4166,1338
SEN4181,392
SEN4182,150
SEN4189,84
SEN4190,65
SEN4191,62
SEN4192,76
SEN4193,110
SEN4194,113
SEN4195,134
SEN4196,109
SEN4198,805
SEN4199,1401
SEN4200,1586
SEN4203,220
SEN4208,2070
SEN4213,510
SEN4214,270
SEN4216,180
SEN4217,138
SEN4218,764
SEN4239A,1041
SEN4240,1367
SEN4241,3394
SEN4242,4967
SEN4243,5535
SEN4243A,141
SEN4244,274
SEN4246,275
SEN4247,39385
SEN4248,86
SEN4249,989
SEN4250,160
SEN4251,517
SEN4252,200
SEN4253,139
SEN4254,121
SEN4255,302
SEN4259,637
SEN4262,499
SEN4263,118
SEN4264,1167
SEN4265,1745
SEN4266,1339
SEN4269,11
SEN4270,2447
SEN4271,3050
SEN4279,1148
SEN4280,3577
SEN4281,122
SEN4283,1564
SEN4289,217
SEN4290,1242
SEN4291,515
SEN4292,3041
SEN4293,2942
SEN4294,1158
SEN4299,6075
SEN4300,4804
SEN4301,3123
SEN4302,2096
SEN4303,3305
SEN4304,2668
SEN4305,5788
SEN4310,472
SEN4314,618
SEN4316,1437
SEN4317,128
SEN4331A,190
SEN4351,185
SEN4352,1635
SEN4353,419
SEN_r001,4368
SEN_r002,51802
SEN_r003,4086
SEN_r004,4101
SEN_r005,42
SEN_r006,22545
SEN_r007,74439
SEN_r008,1945
SEN_r009,122
SEN_r010,22820
SEN_r011,662819
SEN_r012,426192
SEN_r013,4104
SEN_r014,22728
SEN_r015,49
SEN_r016,3800
SEN_r017,22789
SEN_r018,944970
SEN_r019,1985
SEN_r020,22627
SEN_r021,95
SEN_r022,2019
SEN_t001,1260
SEN_t002,46
SEN_t003,45
SEN_t004,49
SEN_t005,72
SEN_t006,31
SEN_t007,75
SEN_t008,83
SEN_t009,139
SEN_t010,111
SEN_t011,121
SEN_t012,182
SEN_t013,134
SEN_t014,136
SEN_t015,205
SEN_t016,131
SEN_t017,130
SEN_t018,157
SEN_t019,25
SEN_t020,17
SEN_t021,207
SEN_t022,103
SEN_t023,17
SEN_t024,79
SEN_t025,102
SEN_t026,44
SEN_t027,34
SEN_t028,9
SEN_t029,42
SEN_t030,23
SEN_t031,542
SEN_t032,49
SEN_t033,42
SEN_t034,58
SEN_t035,64
SEN_t036,56
SEN_t037,32
SEN_t038,121
SEN_t039,124
SEN_t040,219
SEN_t041,220
SEN_t042,238
SEN_t043,140
SEN_t044,59
SEN_t045,46
SEN_t046,49
SEN_t047,57
SEN_t048,196
SEN_t049,41
SEN_t050,46
SEN_t051,174
SEN_t052,11
SEN_t053,1
SEN_t054,40
SEN_t055,107
SEN_t056,86
SEN_t057,39
SEN_t058,11
SEN_t059,4
SEN_t060,9
SEN_t061,42
SEN_t062,43
SEN_t063,30
SEN_t064,202
SEN_t065,121
SEN_t066,414
SEN_t067,3
SEN_t068,1285
SEN_t069,42
SEN_t070,1172
SEN_t071,41
SEN_t072,140
SEN_t073,171
SEN_t074,125
SEN_t075,147
SEN_t076,39
SEN_t077,21
SEN_t078,220
SEN_t079,234
SEN_t080,221
SEN_t081,72
SEN_t082,455
SEN_t083,419
SEN_t084,403
seqA,3606
serA,1724
serB,295
serC,1827
serS,12762
setB,346
sfbA,369
sfbB,188
sfbC,282
sfcA,4154
sfsA,3852
sgaB,224
sgaE,226
sgaU,377
sgbE,38
sgbH,14
sgbU,11
shdA,951
sicA,7251
sicP,4146
sifA,904
sifB,283
sinH,183
sinI,441
sinR,1724
sipA,17947
sipB,20833
sipC,28531
sipD,6927
sirC,372
sitA,346
sitB,196
sitC,112
sitD,505
sixA,2775
slmA,523
slp,402
slpA,660
slrB,67
slrP,6322
slsA,564
slt,1522
slyA,5706
slyB,12984
slyD,4052
slyX,439
smf,3340
smg,19855
smp,137
smpA,3584
smpB,3362
smtA,747
smvA,306
sodA,388
sodB,49728
sodC (NC_011294 1237762..1238296),13542
sodC (NC_011294 1712662..1713184),2929
sohB,1298
solA,737
sopA,1308
sopB,11196
sopD,861
sopE2,2387
soxR,201
soxS,505
spaO,2155
spaP,2062
spaQ,430
spaR,914
spaS,875
speA,4609
speB,749
speC,432
speD,923
speE,721
speF,3888
speG,5742
spoT,5007
spoU,849
sppA,625
spr,12089
sprB,621
sptP,13374
spy,1264
srfA,778
srfB,1241
srfC,1041
srlA,151
srlD,316
srlE,150
srlR,2912
srmB,1597
ssaB,77
ssaC,333
ssaD,331
ssaE,83
ssaG,40
ssaH,69
ssaI,70
ssaJ,230
ssaK,312
ssaL,596
ssaM,142
ssaN,653
ssaO,171
ssaP,275
ssaQ,1095
ssaR,295
ssaS,56
ssaT,143
ssaU,354
ssaV,694
ssb,4293
sscA,373
sscB,109
sseA (NC_011294 1745307..1745634),272
sseA (NC_011294 2673737..2674580),1196
sseB (NC_011294 1744710..1745301),709
sseB (NC_011294 2676062..2676848),516
sseC,2009
sseD,210
sseE,169
sseF,186
sseG,234
sseI,624
sseJ,128
sspA,9661
sspB,1320
sspH2,708
ssrA,1495
ssrB,1268
stbA,31
stbB,88
stbC,604
stbD,248
stbE,120
stdA,115
stdB,60
stdC,19
stfA,21
stfC,462
stfD,61
stfE,30
stfF,81
stfG,36
sthA,339
sthB,927
sthD,166
sthE,346
stiA,119
stiB,75
stiC,103
stiH,355
stpA,3240
sucA,49969
sucB,15070
sucC,13231
sucD,6468
sufA,5069
sufB,16449
sufC,6521
sufD,8824
sufI,357
sufS,3707
sugE,556
suhB,2052
sulA,2871
sun,1330
surA,4574
surE,848
syd,1138
tag,2239
talA,4565
talB,7147
talC,1117
tas,2086
tatA,6786
tatB,3001
tatC,3108
tatE,2380
tbpA,285
tcp,24247
tctD,384
tctE,825
tdcA,3833
tdcB,2806
tdcC,2211
tdcD,490
tdcE,541
tdcG,336
tdh,2926
tdk,1372
tehA,870
tehB,3146
tesA,1294
tesB,826
tgt,2463
thiC,363
thiD,104
thiE,25
thiF,22
thiG,21
thiH,148
thiI,6813
thiJ,348
thiK,632
thiL,1323
thiM,52
thiP,101
thiQ,146
thrA,647
thrB,1073
thrC,1797
thrL,218
thrS,33731
thyA,1295
tig,12200
tilS,402
tktA,3070
tktB,5557
tldD,1650
tmk,654
tnpA_5,1617
tolA,625
tolB,6398
tolC,19197
tolQ,1230
tolR,870
tonB,313
topA,4673
topB,1020
torA,1521
torC,1275
torD,391
torR,556
torS,2129
torT,891
tpiA,5615
tppB,11529
tpx,7200
tqsA,945
treA,9810
treB,6562
treC,5224
treF,2325
treR,238
trg,12863
trkA,1992
trkD,3577
trkH,2077
trmA,953
trmB,4667
trmD,7498
trmE,255
trpA,127
trpB,261
trpC,270
trpD,104
trpE,63
trpH,1313
trpR,239
trpS,4534
trpS2,630
truA,403
truB,985
truD,1392
trxA,11685
trxB,1725
trxC,720
tsf,8495
tsr,25744
tsx,6952
ttdA,181
ttrA,398
ttrB,127
ttrC,169
ttrR,894
ttrS,3412
tufA,17404
tus,1481
typA,6280
tyrA,537
tyrB,321
tyrP,460
tyrR,4130
tyrS,4486
ubiA,2550
ubiB,6121
ubiC,1922
ubiE,8450
ubiF,1108
ubiG,1393
ubiH,790
ubiX,281
ucpA,12601
udg,1237
udhA,10868
udk,1564
udp,2518
ugpA,921
ugpB,17391
ugpC,792
ugpE,1004
ugpQ,972
ugtL,793
uhpA,63
uhpB,55
uhpC,32
uhpT,70
ulaA (NC_011294 2448987..2450379),739
ulaA (NC_011294 4480526..4481924),647
ulaD,144
umuC,98
ung,776
upp,1016
uppS,3475
uraA,220
usg,444
ushA,5467
ushB,626
uspA,34079
uspB,5084
uup,1633
uvrA,1981
uvrB,3919
uvrC,4758
uvrD,1309
uvrY,9317
uxuR,1468
vacB,13435
vacJ,3610
valS,3598
virK,19908
visC,1339
vsr,135
wcaA,122
wcaB,19
wcaC,77
wcaD,181
wcaE,65
wcaF,23
wcaG,18
wcaH,4
wcaI,33
wcaJ,95
wcaK,278
wcaL,51
wcaM,159
wecB,3320
wecC,879
wecD,155
wecE,1210
wecF,1024
wecG,313
wraB,12617
wza,18
wzb,1
wzc,107
wzxC,72
wzxE,637
wzzB,8657
wzzE,3617
xapA,11
xapB,239
xapR,131
xerC,308
xerD,1561
xni,464
xseA,687
xseB,601
xthA,1252
xylA,287
xylB,234
xylR,1275
yaaA,2047
yaaH,495
yaaI,119
yaaJ,1060
yaaU,224
yaaY,156
yabB,4057
yabF,382
yabI,491
yabN,621
yacA,965
yacC,1342
yacF,1485
yacG,273
yacH,177
yacL,1745
yadB,427
yadE,3586
yadF,3284
yadG,2060
yadH,376
yadI,1777
yadQ,781
yadR,2251
yadS,551
yaeB,268
yaeD,2365
yaeE,656
yaeH,35832
yaeJ,390
yaeL,7969
yaeP,4427
yaeQ,216
yaeR,932
yaeT,17274
yafC,653
yafD,1188
yafE,1124
yafJ,2203
yafK,3648
yafS,1102
yafV,663
yahN,743
yahO,15960
yaiA,3708
yaiB,2087
yaiE,821
yaiI,302
yaiU,15472
yaiV,357
yaiW,753
yaiY,248
yaiZ,3634
yajB,751
yajC,2169
yajD,1458
yajF,443
yajG,574
yajI,252
yajO,3345
yajQ,5863
yajR,1033
yaoF,260
ybaB,681
ybaE,1205
ybaJ,9766
ybaK,589
ybaL,1104
ybaM,196
ybaN,96
ybaO,1247
ybaP,335
ybaV,341
ybaW,2240
ybaX,999
ybaY,12257
ybaZ,390
ybbA,342
ybbB,915
ybbJ,174
ybbK,1674
ybbL,408
ybbM,552
ybbN,1461
ybbO,1088
ybbP,559
ybbS,423
ybbY,120
ybcI,93
ybcJ,142
ybdA,45
ybdB,34
ybdD,1188
ybdF,514
ybdG,1484
ybdH,906
ybdJ,437
ybdK,1251
ybdL,988
ybdM,1130
ybdN,1090
ybdO,2671
ybdQ,14676
ybdR,774
ybdZ,0
ybeA,524
ybeB,805
ybeD,7023
ybeF,2052
ybeJ,284
ybeL,7992
ybeM,718
ybeQ,3308
ybeR,77
ybeS,131
ybeU,150
ybeV,307
ybeX,9126
ybeY,3382
ybfA,3010
ybfE,221
ybfF,229
ybfM,1784
ybfN,156
ybgC,698
ybgE,1902
ybgF,4750
ybgH,295
ybgI,834
ybgJ,192
ybgK,434
ybgL,189
ybgR,724
ybgS,2858
ybgT,5019
ybhA,681
ybhB,499
ybhC,391
ybhE,1242
ybhF,1446
ybhK,860
ybhL,9558
ybhM,1570
ybhN,829
ybhO,492
ybhP,252
ybhQ,4054
ybhR,2288
ybhS,891
ybiB,1067
ybiF,228
ybiH,1928
ybiI,469
ybiJ,387
ybiK,502
ybiN,403
ybiO,1237
ybiP,1892
ybiR,374
ybiS,1246
ybiT,2301
ybiU,113
ybiV(1),1748
ybjC,128
ybjD,1146
ybjE,738
ybjG,497
ybjM,595
ybjN,1372
ybjO,814
ybjP,1431
ybjR,908
ybjT,249
ybjX,23221
ybjY,2151
ybjZ,1920
ycaD,1560
ycaI,362
ycaJ,1780
ycaL,600
ycaM,1416
ycaO,869
ycaP,1301
ycaQ,241
ycaR,988
ycbB,4397
ycbC,544
ycbG,1903
ycbK,3931
ycbL,1206
ycbW,2258
yccA,8199
yccD,1486
yccF,291
yccJ,16835
yccK,1258
yccR,929
yccS,1223
yccT,1037
yccV,2123
yccW,907
yccX,215
ycdC,330
ycdW,391
ycdX,1901
ycdY,1165
ycdZ,780
yceA,359
yceB,6822
yceD,8672
yceE,1193
yceF,455
yceG,747
yceH,2083
yceI,308
yceK,2873
yceL,603
yceO,40
ycfC,263
ycfD,1138
ycfF,3242
ycfH,2026
ycfJ,1256
ycfL,546
ycfM,2294
ycfP,9458
ycfQ,2926
ycfR,261
ycfS,210
ycfU,483
ycfW,972
ycfX,807
ycgB,30901
ycgL,1462
ycgM,1357
ycgN,1290
ycgO,3283
ycgR,2405
ychA,2794
ychE,438
ychF,3198
ychH,64844
ychJ,1115
ychK,9425
ychM,14459
ychN,892
ychP,2107
yciA,140
yciB,2485
yciC,2560
yciE,4131
yciF,2986
yciG,5974
yciH,419
yciI,1069
yciK,234
yciL,938
yciM,5817
yciN,2141
yciO,1788
yciR,1551
yciS,1726
yciT,2042
yciW,426
ycjE,371
ycjF,855
ycjG,720
ycjI,687
ycjX,1412
ydaA,23639
ydaL,1337
ydaO,514
ydbH,1661
ydbL,343
ydcF,810
ydcI,953
ydcK,1630
ydcN,283
ydcP,1386
ydcR,775
ydcW,3374
ydcX,2078
ydcY,121
ydcZ,107
yddE,1167
yddG,424
yddX,336
ydeA,489
ydeD,540
ydeE,627
ydeI,3256
ydeJ,664
ydeV,15674
ydeW,35056
ydeY,18643
ydeZ,20462
ydfG,1585
ydfH,2078
ydfI,519
ydfZ,8365
ydgA,8571
ydgC,85
ydgH,2464
ydgI,222
ydgJ,970
ydgK,2677
ydgT,1054
ydhA,792
ydhB,219
ydhC,767
ydhD,3665
ydhE,2536
ydhF,1800
ydhI,688
ydhJ,1247
ydhL,412
ydhM,374
ydhO,1528
ydiA,1840
ydiB,266
ydiD,1062
ydiE,268
ydiF,98
ydiH,10592
ydiJ,3177
ydiK,1547
ydiL,170
ydiM,291
ydiN,147
ydiO,487
ydiP,118
ydiQ,78
ydiR,152
ydiS,101
ydiT,47
ydiU,3585
ydiV,1423
ydiY,1222
ydiZ,791
ydjA,628
ydjM,325
ydjN,904
yeaA,3146
yeaB,207
yeaC,2323
yeaD,811
yeaG,85140
yeaH,15863
yeaJ,2857
yeaK,736
yeaL,421
yeaM,556
yeaN,208
yeaO,1253
yeaQ,9078
yeaR,170
yeaS,3460
yeaZ,320
yebA,3757
yebB,107
yebC,1653
yebE,8324
yebF,4628
yebG,4428
yebK,2777
yebN,278
yebR,2389
yebS,2943
yebU,462
yebW,875
yecA,6358
yecC,569
yecD,705
yecE,326
yecF,579
yecG,1304
yecH,188
yecM,156
yecN,1233
yecO,1045
yecP,931
yecS,656
yedA,164
yedD,216
yedE,223
yedF,136
yedI,766
yedJ,753
yedO,739
yedP,1273
yeeA,2989
yeeF,1655
yeeI,11137
yeeN,4811
yeeO,1536
yeeX,8787
yeeY,2452
yeeZ,2251
yegB,735
yegD,26
yegE,1208
yegH,2059
yegN,211
yegO,434
yegQ,1229
yegS,1572
yegT,769
yegU,209
yegV,112
yegW,757
yehE,157
yehR,318
yehS,1240
yehT,1571
yehU,1544
yehV,4464
yehW,596
yehX,775
yehY,953
yehZ,3608
yeiA,2508
yeiB,388
yeiE,1294
yeiG,948
yeiH,730
yeiR,655
yeiU,849
yejA,2037
yejB,1313
yejE,669
yejF,1398
yejG,2157
yejH,505
yejK,1931
yejL,1535
yejM,3183
yfaE,188
yfaO,762
yfaV,714
yfaW,2604
yfaX,739
yfaZ,256
yfbB,300
yfbE,360
yfbG,990
yfbK,1050
yfbQ,2362
yfbS,925
yfbT,1283
yfbU,1511
yfcA,478
yfcB,695
yfcC,411
yfcE,1145
yfcF,704
yfcG,1243
yfcH,933
yfcL,201
yfcM,245
yfcN,852
yfcZ,2802
yfdC,4354
yfdH,337
yfdZ,3477
yfeA,1383
yfeC,8061
yfeD,8244
yfeH,423
yfeJ,336
yfeK,164
yfeN,349
yfeR,352
yfeZ,219
yffB,407
yffH,553
yfgA,1521
yfgB,2544
yfgD,294
yfgE,1316
yfgJ,106
yfgL,2101
yfgM,880
yfhA,1045
yfhB,1665
yfhC,415
yfhD,580
yfhG,795
yfhH,96
yfhJ,352
yfhK,1201
yfhL,269
yfhP,894
yfiA,130314
yfiC,450
yfiD,33133
yfiE,930
yfiF,530
yfiH,4702
yfiK,503
yfiM,393
yfiN,815
yfiO,2741
yfiP,675
yfiQ,14299
yfiR,585
yfjD,1268
yfjF,1122
yfjG,2889
ygaA,602
ygaC,3017
ygaD,248
ygaE,649
ygaF,131
ygaM,5612
ygaP,243
ygaU,30727
ygbA,98
ygbD,51
ygbE,278
ygbF,562
ygbI,353
ygbJ,94
ygbK,165
ygbL,136
ygbM,172
ygcB,2648
ygcF,8197
ygcH,241
ygcY,184
ygdB,60
ygdD,361
ygdE,1886
ygdH,6053
ygdI,29284
ygdK,139
ygdL,481
ygdP,5368
ygdQ,1330
ygdR,6726
ygeA,504
ygeD,372
ygfA,543
ygfB,1707
ygfE,8860
ygfX,1627
ygfY,2565
ygfZ,1484
yggA,159
yggB,2254
yggE,626
yggG,1465
yggJ,522
yggL,5413
yggM,1508
yggN,2960
yggR,127
yggS,853
yggT,800
yggU,305
yggV,418
yggW,678
yggX,897
yghA,3345
yghB,3060
yghJ,1269
yghU,875
yghW,505
ygiB,2687
ygiC,7717
ygiD,307
ygiE,596
ygiF,801
ygiH,562
ygiK,385
ygiM,4130
ygiN,698
ygiR,390
ygiW,1769
ygiX,148
ygiY,372
ygjO,675
ygjP,341
ygjQ,99
ygjR,2917
ygjT,1287
ygjU,2873
yhaH,1281
yhaJ,187
yhaK,191
yhaL,324
yhaN,1647
yhaO,8171
yhbC,7787
yhbG,1659
yhbH,5569
yhbJ,2482
yhbL,701
yhbN,3012
yhbO,1626
yhbP,412
yhbQ,610
yhbS,2175
yhbT,8894
yhbU,569
yhbV,415
yhbW,267
yhbY,4541
yhcB,2174
yhcC,179
yhcG,511
yhcH,1413
yhcK,1403
yhcM,546
yhcN,1582
yhcO,8273
yhcP,1119
yhcQ,477
yhcR,292
yhcS,730
yhdA,3155
yhdE,1363
yhdG,4024
yhdH,1792
yhdJ,786
yhdN,1321
yhdP,2684
yhdT,58
yhdU,654
yhdV,552
yheL,507
yheM,168
yheN,120
yheO,2211
yheR,108
yheS,903
yheT,1056
yheU,326
yheV,560
yhfA,2596
yhfC,159
yhfG,870
yhfK,1808
yhfL,38
yhgE,595
yhgF,698
yhgG,77
yhgH,871
yhgI,3387
yhhA,5688
yhhJ,930
yhhK,231
yhhL,571
yhhM,353
yhhN,596
yhhP,1283
yhhQ,837
yhhS,523
yhhT,1607
yhhV,109
yhhW,298
yhhX,1340
yhhY,280
yhiH,1619
yhiI,441
yhiN,573
yhiP,29577
yhiQ,331
yhiR,730
yhjB,106
yhjC,496
yhjD,1119
yhjE,409
yhjG,5277
yhjH,12688
yhjJ,3561
yhjK,755
yhjQ,353
yhjR,882
yhjV,946
yhjW,3019
yhjY,2034
yiaB,156
yiaC,1605
yiaD,88
yiaE,438
yiaF,2241
yiaG,11121
yiaH,832
yiaJ,730
yiaK,38
yiaL,24
yiaM,18
yiaN,36
yiaO,23
yibD,168
yibF,2478
yibK,158
yibL,716
yibN,6575
yibP,349
yibR,562
yicC,1682
yicE,411
yicH,704
yicI,306
yicJ,74
yicL,891
yicN,438
yidA,1857
yidC,4071
yidE,2434
yidF,1278
yidG,351
yidH,243
yidQ,2209
yidR,343
yidY,357
yidZ,570
yieE,633
yieF,442
yieG,478
yieH,422
yieM,679
yieN,2373
yieO,257
yieP,1323
yifA,2609
yifB,753
yifE,3326
yifK,1209
yifL,499
yifZ,810
yigA,554
yigB,254
yigC (NC_011294 3811645..3812263),296
yigC (NC_011294 4052436..4053915),3593
yigI,24
yigL,1049
yigM,169
yigN,1439
yigP,2208
yigQ,604
yigW,351
yigZ,862
yihD,4061
yihE,6319
yihG,1165
yihI,3640
yihO,506
yihP,351
yihQ,324
yihR,282
yihS,111
yihT,25
yihU,17
yihV,78
yihW,1706
yihX,3066
yihZ,773
yiiD,2014
yiiG,253
yiiL,490
yiiM,95
yiiQ,357
yiiR,185
yiiU,7047
yijC,1010
yijD,1149
yijF,740
yijO,816
yijP,2285
yjaB,3699
yjaG,4136
yjaH,353
yjbA,435
yjbB,951
yjbC,1689
yjbD,504
yjbE,5
yjbF,11
yjbG,15
yjbH,567
yjbJ,63820
yjbN,743
yjbQ,2833
yjbR,1714
yjcB,162
yjcC,572
yjcD,758
yjcE,551
yjcH,198
yjcO,381
yjdB,1993
yjdC,2167
yjdE,358
yjdL,289
yjeA,1204
yjeB,4884
yjeE,712
yjeF,726
yjeH,1785
yjeI,1898
yjeJ,1006
yjeK,661
yjeM,338
yjeO,272
yjeP,1297
yjeQ,2902
yjeS,2127
yjfC,291
yjfH,965
yjfI,27
yjfJ,25
yjfK,104
yjfL,119
yjfM,165
yjfN,13074
yjfO,8471
yjfP,249
yjfQ,573
yjfR,320
yjfY,633
yjgA,2287
yjgB,1106
yjgD,7041
yjgF,5348
yjgK,303
yjgM,325
yjgN,676
yjgP,1743
yjgQ,840
yjhP,2012
yjiA,713
yjiE,1887
yjiG,2652
yjiH,5772
yjiJ,527
yjiN,1355
yjiO,840
yjiS,298
yjiX,308
yjiY,197
yjjA,559
yjjG,885
yjjI,2185
yjjK,1579
yjjP,753
yjjQ,36
yjjU,1301
yjjV,153
yjjW,389
yjjX,197
yjjY,6353
ylaB,1531
ylaC,4493
ylbA,1280
ylbE,29
ylbF,4
yliA,645
yliB,1725
yliC,312
yliD,545
yliJ,739
ymbA,815
ymdA,663
ymdC,2400
ymdF,12910
ymfB,728
ymfC,987
ymgE,1992
ynaF,32452
ynaI,1644
ynaJ,5896
ynbE,225
yncA,338
yncB,4166
yncC,5332
yncD,2643
yncJ,84
yneA,52952
yneB,104259
yneC,21125
yneG,232
yneH,256
yneI,276
yneJ,315
ynfA,141
ynfB,7454
ynfC,1946
ynfD,1010
ynfI,535
ynfK,6043
ynfL,241
ynfM,1003
ynhA,2574
ynhG,3445
yniB,3900
yniC,627
yoaA,633
yoaB,1076
yoaE,1119
yoaG,126
yoaH,536
yobA,1364
yobF,65573
yobG,502
yodD,8596
yohC,631
yohD,134
yohF,530
yohG,89
yohI,616
yohJ,579
yohK,360
yohL,5625
yojI,414
yojN,4195
ypeC,798
ypfG,223
ypfI,820
yqaA,1225
yqaB,1167
yqaE,4797
yqcB,159
yqcC,60
yqeF,1032
yqfA,3545
yqfB,1906
yqgA,228
yqgB,172
yqgD,204
yqgE,1237
yqgF,304
yqhA,2298
yqhC,1282
yqhD,633
yqiA,1716
yqiB,2708
yqiC,1706
yqiK,1569
yqjA,2210
yqjB,1638
yqjC,25926
yqjE,5445
yqjF,293
yqjG,3026
yqjH,88
yqjI,494
yqjK,572
yraL,640
yraM,1018
yraN,140
yraO,1488
yraP,639
yraR,218
yrbA,864
yrbB,207
yrbC,1554
yrbD,1244
yrbE,272
yrbF,249
yrbG,458
yrbH,1186
yrbI,1581
yrbK,2873
yrbL,7000
yrdA,3255
yrdB,1065
yrdC,2378
yrdD,4447
yrfA,25
yrfB,11
yrfC,19
yrfD,14
yrfF,2089
yrfG,850
yrfH,270
ysaA,173
ytfB,1352
ytfE,211
ytfF,213
ytfG,22
ytfH,236
ytfJ,1738
ytfK,21209
ytfL,5452
ytfM,2425
ytfN,2799
ytfP,1613
ytgA,3
zipA,2953
zntA,281
zntB,932
zntR,2007
znuA,2435
znuB,736
znuC,1080
zraP,111
zur,997
zwf,3029
